original_id,node_id
19,0
58,1
60,2
76,3
79,4
101,5
158,6
189,7
224,8
308,9
310,10
458,11
469,12
483,13
538,14
544,15
559,16
585,17
628,18
649,19
650,20
683,21
693,22
706,23
716,24
746,25
796,26
801,27
832,28
859,29
895,30
905,31
916,32
922,33
938,34
968,35
974,36
1000,37
1004,38
1017,39
1021,40
1022,41
1023,42
1050,43
1088,44
1093,45
1105,46
1136,47
1149,48
1197,49
1198,50
1210,51
1273,52
1291,53
1373,54
1392,55
1395,56
1396,57
1424,58
1435,59
1441,60
1480,61
1482,62
1483,63
1491,64
1556,65
1594,66
1605,67
1629,68
1664,69
1699,70
1752,71
1757,72
1765,73
1810,74
1821,75
1830,76
1838,77
1848,78
1852,79
1886,80
1888,81
1891,82
1919,83
1937,84
2079,85
2099,86
2134,87
2136,88
2143,89
2170,90
2187,91
2192,92
2221,93
2230,94
2257,95
2261,96
2271,97
2305,98
2308,99
2323,100
2352,101
2431,102
2504,103
2521,104
2522,105
2608,106
2614,107
2625,108
2796,109
2843,110
2850,111
2863,112
2867,113
2897,114
2914,115
2921,116
2930,117
2933,118
2978,119
2981,120
3063,121
3070,122
3072,123
3113,124
3126,125
3130,126
3131,127
3139,128
3158,129
3162,130
3168,131
3170,132
3172,133
3232,134
3234,135
3268,136
3272,137
3273,138
3291,139
3335,140
3349,141
3361,142
3363,143
3389,144
3413,145
3417,146
3427,147
3461,148
3464,149
3466,150
3467,151
3496,152
3503,153
3529,154
3532,155
3542,156
3554,157
3557,158
3558,159
3561,160
3568,161
3598,162
3641,163
3673,164
3719,165
3776,166
3784,167
3792,168
3804,169
3818,170
3860,171
3908,172
3912,173
3936,174
3952,175
3969,176
3977,177
3979,178
3984,179
3991,180
4020,181
4078,182
4157,183
4163,184
4168,185
4170,186
4213,187
4238,188
4241,189
4287,190
4289,191
4294,192
4296,193
4313,194
4321,195
4353,196
4362,197
4438,198
4487,199
4502,200
4536,201
4537,202
4595,203
4597,204
4598,205
4645,206
4651,207
4665,208
4671,209
4673,210
4698,211
4699,212
4705,213
4757,214
4766,215
4800,216
4817,217
4830,218
4856,219
4893,220
4917,221
4972,222
5002,223
5006,224
5007,225
5031,226
5048,227
5054,228
5125,229
5129,230
5142,231
5145,232
5249,233
5309,234
5362,235
5377,236
5382,237
5386,238
5417,239
5421,240
5425,241
5516,242
5525,243
5544,244
5548,245
5599,246
5626,247
5637,248
5638,249
5743,250
5792,251
5852,252
5867,253
5889,254
5895,255
5935,256
5994,257
6032,258
6053,259
6062,260
6067,261
6144,262
6150,263
6228,264
6298,265
6335,266
6352,267
6366,268
6455,269
6472,270
6474,271
6478,272
6479,273
6537,274
6577,275
6587,276
6596,277
6601,278
6630,279
6641,280
6658,281
6660,282
6677,283
6762,284
6763,285
6767,286
6771,287
6796,288
6810,289
6839,290
7000,291
7032,292
7057,293
7067,294
7098,295
7210,296
7227,297
7229,298
7236,299
7246,300
7272,301
7295,302
7311,303
7313,304
7352,305
7358,306
7429,307
7433,308
7436,309
7459,310
7481,311
7516,312
7519,313
7531,314
7556,315
7604,316
7607,317
7644,318
7661,319
7674,320
7678,321
7685,322
7722,323
7724,324
7737,325
7749,326
7768,327
7782,328
7789,329
7805,330
7810,331
7815,332
7831,333
7837,334
7841,335
7867,336
7871,337
7887,338
7891,339
7894,340
7922,341
7931,342
7933,343
7941,344
7949,345
7966,346
7970,347
7991,348
7999,349
8015,350
8031,351
8055,352
8066,353
8067,354
8071,355
8077,356
8089,357
8121,358
8163,359
8174,360
8213,361
8232,362
8246,363
8255,364
8350,365
8362,366
8413,367
8422,368
8433,369
8434,370
8463,371
8467,372
8514,373
8521,374
8541,375
8558,376
8580,377
8609,378
8611,379
8643,380
8646,381
8647,382
8651,383
8668,384
8789,385
8790,386
8810,387
8824,388
8844,389
8876,390
8885,391
8890,392
8893,393
8894,394
8898,395
8899,396
8934,397
8969,398
8999,399
9060,400
9093,401
9170,402
9205,403
9227,404
9250,405
9294,406
9313,407
9322,408
9325,409
9364,410
9370,411
9383,412
9423,413
9432,414
9602,415
9604,416
9610,417
9624,418
9698,419
9716,420
9754,421
9827,422
9855,423
9914,424
9957,425
9960,426
10042,427
10043,428
10088,429
10093,430
10101,431
10163,432
10181,433
10187,434
10195,435
10197,436
10213,437
10270,438
10301,439
10348,440
10372,441
10375,442
10390,443
10447,444
10487,445
10505,446
10544,447
10574,448
10586,449
10679,450
10711,451
10725,452
10761,453
10762,454
10857,455
10905,456
10932,457
10966,458
11059,459
11095,460
11107,461
11118,462
11123,463
11151,464
11170,465
11220,466
11235,467
11236,468
11300,469
11320,470
11337,471
11338,472
11359,473
11424,474
11430,475
11446,476
11450,477
11453,478
11534,479
11571,480
11638,481
11645,482
11712,483
11718,484
11733,485
11874,486
11875,487
11932,488
11936,489
11938,490
11951,491
11954,492
12020,493
12022,494
12043,495
12049,496
12056,497
12086,498
12134,499
12154,500
12159,501
12165,502
12170,503
12185,504
12198,505
12210,506
12241,507
12264,508
12289,509
12393,510
12418,511
12427,512
12434,513
12449,514
12475,515
12480,516
12490,517
12557,518
12582,519
12583,520
12601,521
12602,522
12603,523
12623,524
12708,525
12739,526
12763,527
12766,528
12768,529
12781,530
12789,531
12793,532
12815,533
12829,534
12854,535
12858,536
12889,537
12890,538
12924,539
12930,540
12967,541
12993,542
13001,543
13056,544
13100,545
13102,546
13136,547
13174,548
13208,549
13222,550
13283,551
13313,552
13337,553
13343,554
13381,555
13422,556
13467,557
13474,558
13538,559
13554,560
13579,561
13613,562
13615,563
13633,564
13648,565
13704,566
13717,567
13743,568
13808,569
13813,570
13817,571
13837,572
13847,573
13851,574
13941,575
13944,576
14051,577
14131,578
14152,579
14203,580
14209,581
14267,582
14274,583
14275,584
14280,585
14296,586
14302,587
14318,588
14326,589
14339,590
14389,591
14440,592
14455,593
14501,594
14689,595
14716,596
14744,597
14774,598
14784,599
14853,600
14930,601
14941,602
14942,603
15022,604
15026,605
15068,606
15075,607
15086,608
15101,609
15154,610
15165,611
15179,612
15208,613
15229,614
15236,615
15247,616
15251,617
15253,618
15268,619
15294,620
15304,621
15306,622
15326,623
15327,624
15333,625
15347,626
15369,627
15379,628
15385,629
15445,630
15531,631
15641,632
15662,633
15705,634
15719,635
15732,636
15739,637
15750,638
15758,639
15793,640
15836,641
15974,642
16017,643
16041,644
16050,645
16099,646
16168,647
16248,648
16315,649
16331,650
16355,651
16410,652
16412,653
16468,654
16476,655
16485,656
16489,657
16503,658
16545,659
16546,660
16571,661
16587,662
16687,663
16697,664
16717,665
16727,666
16772,667
16780,668
16791,669
16847,670
16876,671
16890,672
16935,673
16949,674
16952,675
16985,676
17055,677
17078,678
17116,679
17169,680
17215,681
17235,682
17256,683
17287,684
17302,685
17341,686
17437,687
17479,688
17484,689
17486,690
17526,691
17644,692
17650,693
17705,694
17711,695
17732,696
17751,697
17786,698
17824,699
17848,700
17904,701
17954,702
18005,703
18032,704
18048,705
18053,706
18077,707
18095,708
18166,709
18170,710
18255,711
18258,712
18260,713
18269,714
18283,715
18290,716
18307,717
18318,718
18319,719
18343,720
18359,721
18369,722
18392,723
18497,724
18503,725
18605,726
18608,727
18621,728
18651,729
18660,730
18673,731
18675,732
18703,733
18705,734
18721,735
18761,736
18786,737
18803,738
18810,739
18852,740
18910,741
18951,742
18986,743
18996,744
19007,745
19069,746
19082,747
19092,748
19113,749
19171,750
19172,751
19232,752
19255,753
19280,754
19281,755
19289,756
19292,757
19299,758
19310,759
19352,760
19353,761
19380,762
19385,763
19424,764
19430,765
19434,766
19438,767
19457,768
19459,769
19541,770
19614,771
19623,772
19672,773
19697,774
19720,775
19734,776
19793,777
19810,778
19812,779
19818,780
19822,781
19825,782
19833,783
19840,784
19865,785
20088,786
20109,787
20135,788
20192,789
20221,790
20232,791
20233,792
20235,793
20293,794
20324,795
20334,796
20346,797
20369,798
20372,799
20384,800
20410,801
20418,802
20419,803
20433,804
20531,805
20558,806
20563,807
20647,808
20664,809
20722,810
20849,811
20851,812
20903,813
20907,814
20925,815
20932,816
21000,817
21001,818
21003,819
21021,820
21042,821
21043,822
21074,823
21111,824
21135,825
21167,826
21220,827
21221,828
21261,829
21283,830
21346,831
21392,832
21430,833
21432,834
21508,835
21538,836
21556,837
21576,838
21615,839
21617,840
21618,841
21660,842
21661,843
21721,844
21751,845
21758,846
21770,847
21806,848
21826,849
21827,850
21828,851
21907,852
21965,853
21970,854
21971,855
21982,856
21984,857
21988,858
22048,859
22085,860
22120,861
22128,862
22137,863
22146,864
22179,865
22223,866
22234,867
22255,868
22260,869
22288,870
22292,871
22295,872
22318,873
22324,874
22415,875
22438,876
22468,877
22470,878
22562,879
22606,880
22614,881
22622,882
22687,883
22701,884
22761,885
22783,886
22813,887
22827,888
22829,889
22871,890
22917,891
22918,892
22932,893
22964,894
23031,895
23121,896
23122,897
23129,898
23156,899
23259,900
23284,901
23286,902
23304,903
23323,904
23361,905
23368,906
23398,907
23405,908
23427,909
23451,910
23468,911
23474,912
23564,913
23597,914
23651,915
23655,916
23718,917
23731,918
23733,919
23771,920
23853,921
23859,922
23879,923
23906,924
23988,925
24016,926
24020,927
24025,928
24029,929
24067,930
24080,931
24115,932
24120,933
24145,934
24153,935
24161,936
24167,937
24191,938
24208,939
24268,940
24271,941
24280,942
24305,943
24389,944
24392,945
24398,946
24399,947
24410,948
24424,949
24440,950
24467,951
24474,952
24479,953
24491,954
24521,955
24527,956
24555,957
24561,958
24569,959
24571,960
24581,961
24582,962
24587,963
24715,964
24775,965
24820,966
24830,967
24834,968
24862,969
24874,970
24889,971
24902,972
24926,973
24988,974
25015,975
25056,976
25065,977
25101,978
25156,979
25181,980
25184,981
25191,982
25214,983
25244,984
25248,985
25295,986
25298,987
25439,988
25510,989
25514,990
25662,991
25665,992
25671,993
25680,994
25711,995
25748,996
25797,997
25823,998
25841,999
25855,1000
25878,1001
25897,1002
25904,1003
25935,1004
25955,1005
25994,1006
26034,1007
26035,1008
26036,1009
26037,1010
26045,1011
26047,1012
26138,1013
26171,1014
26197,1015
26198,1016
26270,1017
26298,1018
26309,1019
26321,1020
26324,1021
26332,1022
26365,1023
26366,1024
26382,1025
26434,1026
26450,1027
26491,1028
26507,1029
26573,1030
26607,1031
26634,1032
26648,1033
26670,1034
26673,1035
26705,1036
26751,1037
26756,1038
26802,1039
26823,1040
26840,1041
26883,1042
27010,1043
27026,1044
27093,1045
27121,1046
27135,1047
27161,1048
27168,1049
27205,1050
27232,1051
27236,1052
27237,1053
27257,1054
27272,1055
27273,1056
27274,1057
27346,1058
27364,1059
27428,1060
27429,1061
27452,1062
27486,1063
27509,1064
27511,1065
27522,1066
27561,1067
27578,1068
27629,1069
27658,1070
27900,1071
27930,1072
27997,1073
28032,1074
28051,1075
28069,1076
28070,1077
28117,1078
28122,1079
28137,1080
28171,1081
28247,1082
28275,1083
28299,1084
28303,1085
28304,1086
28309,1087
28377,1088
28465,1089
28466,1090
28475,1091
28506,1092
28546,1093
28569,1094
28767,1095
28818,1096
29050,1097
29054,1098
29077,1099
29093,1100
29097,1101
29170,1102
29247,1103
29283,1104
29323,1105
29327,1106
29328,1107
29365,1108
29369,1109
29421,1110
29493,1111
29526,1112
29527,1113
29529,1114
29531,1115
29565,1116
29570,1117
29577,1118
29599,1119
29608,1120
29623,1121
29660,1122
29671,1123
29672,1124
29673,1125
29679,1126
29681,1127
29697,1128
29721,1129
29730,1130
29733,1131
29738,1132
29742,1133
29801,1134
29802,1135
29809,1136
29832,1137
29843,1138
29849,1139
29853,1140
29896,1141
29930,1142
29932,1143
29937,1144
29984,1145
30031,1146
30074,1147
30093,1148
30140,1149
30141,1150
30144,1151
30148,1152
30153,1153
30156,1154
30162,1155
30170,1156
30226,1157
30313,1158
30318,1159
30320,1160
30321,1161
30369,1162
30513,1163
30570,1164
30574,1165
30722,1166
30823,1167
30865,1168
30884,1169
30891,1170
30932,1171
31004,1172
31041,1173
31044,1174
31099,1175
31128,1176
31145,1177
31251,1178
31271,1179
31284,1180
31285,1181
31289,1182
31330,1183
31338,1184
31355,1185
31381,1186
31428,1187
31430,1188
31438,1189
31510,1190
31531,1191
31570,1192
31572,1193
31607,1194
31658,1195
31666,1196
31670,1197
31682,1198
31695,1199
31709,1200
31719,1201
31736,1202
31754,1203
31766,1204
31773,1205
31797,1206
31807,1207
31881,1208
31899,1209
31974,1210
31987,1211
31988,1212
32004,1213
32029,1214
32150,1215
32193,1216
32241,1217
32255,1218
32256,1219
32271,1220
32302,1221
32315,1222
32332,1223
32397,1224
32406,1225
32426,1226
32434,1227
32446,1228
32477,1229
32478,1230
32503,1231
32559,1232
32576,1233
32620,1234
32648,1235
32654,1236
32676,1237
32679,1238
32704,1239
32729,1240
32778,1241
32790,1242
32804,1243
32807,1244
32835,1245
32849,1246
32886,1247
32931,1248
32979,1249
32983,1250
33043,1251
33052,1252
33080,1253
33284,1254
33293,1255
33304,1256
33357,1257
33391,1258
33438,1259
33461,1260
33514,1261
33516,1262
33518,1263
33662,1264
33694,1265
33708,1266
33740,1267
33750,1268
33792,1269
33823,1270
33842,1271
33859,1272
33874,1273
33876,1274
33877,1275
33883,1276
33892,1277
33913,1278
33920,1279
33931,1280
33993,1281
33995,1282
34015,1283
34032,1284
34039,1285
34040,1286
34052,1287
34059,1288
34088,1289
34103,1290
34106,1291
34112,1292
34203,1293
34206,1294
34288,1295
34339,1296
34352,1297
34426,1298
34431,1299
34432,1300
34436,1301
34463,1302
34484,1303
34531,1304
34572,1305
34595,1306
34615,1307
34627,1308
34652,1309
34653,1310
34679,1311
34738,1312
34742,1313
34760,1314
34763,1315
34776,1316
34819,1317
34835,1318
34857,1319
34869,1320
34885,1321
34903,1322
34914,1323
34950,1324
35069,1325
35078,1326
35148,1327
35157,1328
35237,1329
35259,1330
35262,1331
35322,1332
35324,1333
35329,1334
35332,1335
35347,1336
35411,1337
35436,1338
35438,1339
35440,1340
35441,1341
35452,1342
35456,1343
35468,1344
35484,1345
35500,1346
35503,1347
35512,1348
35515,1349
35518,1350
35529,1351
35549,1352
35551,1353
35574,1354
35582,1355
35622,1356
35631,1357
35646,1358
35654,1359
35685,1360
35687,1361
35709,1362
35734,1363
35833,1364
35860,1365
35884,1366
35896,1367
35907,1368
35913,1369
35916,1370
35918,1371
36094,1372
36147,1373
36163,1374
36412,1375
36414,1376
36521,1377
36542,1378
36556,1379
36577,1380
36580,1381
36626,1382
36643,1383
36693,1384
36754,1385
36841,1386
36896,1387
36903,1388
36952,1389
36961,1390
36972,1391
37005,1392
37008,1393
37019,1394
37053,1395
37060,1396
37126,1397
37132,1398
37133,1399
37161,1400
37185,1401
37190,1402
37193,1403
37202,1404
37349,1405
37409,1406
37519,1407
37643,1408
37731,1409
37804,1410
37815,1411
37919,1412
37926,1413
37932,1414
37967,1415
38003,1416
38010,1417
38027,1418
38030,1419
38083,1420
38087,1421
38090,1422
38096,1423
38110,1424
38115,1425
38128,1426
38157,1427
38203,1428
38212,1429
38225,1430
38236,1431
38265,1432
38282,1433
38301,1434
38407,1435
38464,1436
38473,1437
38532,1438
38548,1439
38590,1440
38745,1441
38784,1442
38799,1443
38901,1444
39073,1445
39074,1446
39137,1447
39148,1448
39189,1449
39244,1450
39256,1451
39270,1452
39323,1453
39329,1454
39343,1455
39372,1456
39383,1457
39429,1458
39450,1459
39452,1460
39459,1461
39460,1462
39511,1463
39536,1464
39543,1465
39558,1466
39568,1467
39582,1468
39591,1469
39596,1470
39598,1471
39600,1472
39605,1473
39629,1474
39661,1475
39686,1476
39694,1477
39695,1478
39700,1479
39716,1480
39722,1481
39769,1482
39798,1483
39801,1484
39803,1485
39804,1486
39901,1487
39906,1488
39909,1489
39926,1490
39961,1491
39966,1492
39968,1493
39972,1494
39974,1495
40015,1496
40083,1497
40085,1498
40087,1499
40106,1500
40117,1501
40119,1502
40222,1503
40226,1504
40246,1505
40289,1506
40295,1507
40297,1508
40306,1509
40309,1510
40335,1511
40337,1512
40340,1513
40351,1514
40470,1515
40521,1516
40587,1517
40696,1518
40697,1519
40745,1520
40765,1521
40807,1522
40882,1523
40915,1524
40926,1525
40929,1526
40977,1527
40987,1528
40995,1529
40999,1530
41012,1531
41067,1532
41117,1533
41176,1534
41177,1535
41182,1536
41183,1537
41225,1538
41226,1539
41237,1540
41285,1541
41290,1542
41291,1543
41295,1544
41297,1545
41298,1546
41303,1547
41368,1548
41370,1549
41385,1550
41426,1551
41444,1552
41490,1553
41519,1554
41528,1555
41533,1556
41646,1557
41648,1558
41684,1559
41686,1560
41689,1561
41694,1562
41780,1563
41785,1564
41788,1565
41857,1566
41869,1567
41911,1568
41912,1569
41920,1570
41982,1571
42000,1572
42003,1573
42008,1574
42064,1575
42081,1576
42086,1577
42087,1578
42120,1579
42148,1580
42190,1581
42205,1582
42258,1583
42259,1584
42265,1585
42291,1586
42300,1587
42345,1588
42347,1589
42348,1590
42350,1591
42352,1592
42353,1593
42360,1594
42364,1595
42384,1596
42507,1597
42571,1598
42581,1599
42582,1600
42622,1601
42625,1602
42706,1603
42745,1604
42785,1605
42807,1606
42864,1607
42987,1608
43028,1609
43036,1610
43058,1611
43078,1612
43162,1613
43171,1614
43205,1615
43221,1616
43222,1617
43232,1618
43237,1619
43260,1620
43295,1621
43332,1622
43338,1623
43363,1624
43365,1625
43373,1626
43378,1627
43390,1628
43399,1629
43404,1630
43425,1631
43468,1632
43482,1633
43516,1634
43517,1635
43522,1636
43546,1637
43552,1638
43557,1639
43572,1640
43623,1641
43651,1642
43720,1643
43733,1644
43736,1645
43739,1646
43751,1647
43762,1648
43806,1649
43809,1650
43821,1651
43867,1652
43885,1653
43887,1654
43917,1655
43931,1656
43942,1657
43958,1658
43964,1659
44021,1660
44035,1661
44090,1662
44105,1663
44106,1664
44115,1665
44168,1666
44171,1667
44177,1668
44181,1669
44252,1670
44261,1671
44262,1672
44276,1673
44336,1674
44347,1675
44382,1676
44414,1677
44498,1678
44503,1679
44538,1680
44539,1681
44564,1682
44568,1683
44570,1684
44607,1685
44612,1686
44619,1687
44625,1688
44628,1689
44671,1690
44672,1691
44684,1692
44688,1693
44718,1694
44722,1695
44723,1696
44726,1697
44803,1698
44922,1699
44996,1700
45011,1701
45059,1702
45101,1703
45115,1704
45127,1705
45174,1706
45183,1707
45187,1708
45188,1709
45200,1710
45205,1711
45207,1712
45223,1713
45279,1714
45286,1715
45304,1716
45323,1717
45326,1718
45382,1719
45499,1720
45538,1721
45539,1722
45585,1723
45612,1724
45681,1725
45696,1726
45719,1727
45772,1728
45775,1729
45783,1730
45798,1731
45818,1732
45835,1733
45843,1734
45853,1735
45864,1736
45865,1737
45884,1738
45901,1739
45969,1740
45972,1741
45977,1742
45980,1743
45987,1744
46047,1745
46088,1746
46094,1747
46102,1748
46146,1749
46163,1750
46194,1751
46210,1752
46299,1753
46309,1754
46353,1755
46374,1756
46403,1757
46427,1758
46454,1759
46578,1760
46736,1761
46743,1762
46770,1763
46794,1764
46850,1765
46933,1766
46957,1767
46980,1768
47131,1769
47212,1770
47222,1771
47236,1772
47244,1773
47301,1774
47317,1775
47352,1776
47355,1777
47448,1778
47616,1779
47652,1780
47721,1781
47722,1782
47813,1783
47817,1784
47849,1785
47867,1786
47985,1787
47993,1788
48014,1789
48125,1790
48173,1791
48201,1792
48274,1793
48313,1794
48358,1795
48415,1796
48464,1797
48479,1798
48530,1799
48562,1800
48580,1801
48632,1802
48643,1803
48652,1804
48730,1805
48734,1806
48751,1807
48801,1808
48826,1809
48872,1810
48873,1811
48874,1812
48880,1813
48970,1814
48979,1815
48985,1816
49016,1817
49021,1818
49029,1819
49030,1820
49069,1821
49075,1822
49078,1823
49107,1824
49122,1825
49148,1826
49155,1827
49187,1828
49207,1829
49223,1830
49240,1831
49325,1832
49328,1833
49419,1834
49479,1835
49493,1836
49564,1837
49601,1838
49611,1839
49679,1840
49693,1841
49708,1842
49733,1843
49767,1844
49785,1845
49834,1846
49970,1847
49982,1848
50001,1849
50032,1850
50051,1851
50064,1852
50083,1853
50135,1854
50174,1855
50211,1856
50252,1857
50260,1858
50287,1859
50340,1860
50383,1861
50387,1862
50388,1863
50469,1864
50477,1865
50484,1866
50503,1867
50522,1868
50547,1869
50548,1870
50626,1871
50628,1872
50645,1873
50660,1874
50666,1875
50671,1876
50678,1877
50681,1878
50741,1879
50862,1880
50885,1881
50889,1882
50954,1883
51019,1884
51032,1885
51145,1886
51236,1887
51286,1888
51408,1889
51442,1890
51452,1891
51474,1892
51532,1893
51538,1894
51625,1895
51655,1896
51663,1897
51721,1898
51725,1899
51775,1900
51827,1901
51888,1902
51895,1903
51905,1904
51943,1905
51952,1906
51991,1907
52023,1908
52050,1909
52190,1910
52196,1911
52213,1912
52262,1913
52287,1914
52370,1915
52371,1916
52386,1917
52399,1918
52406,1919
52504,1920
52540,1921
52589,1922
52668,1923
52756,1924
52759,1925
52762,1926
52814,1927
52893,1928
52914,1929
52967,1930
52969,1931
52973,1932
52976,1933
53003,1934
53007,1935
53058,1936
53085,1937
53129,1938
53139,1939
53163,1940
53185,1941
53192,1942
53204,1943
53233,1944
53241,1945
53325,1946
53339,1947
53379,1948
53384,1949
53495,1950
53520,1951
53526,1952
53528,1953
53558,1954
53592,1955
53601,1956
53604,1957
53606,1958
53608,1959
53628,1960
53640,1961
53669,1962
53726,1963
53736,1964
53738,1965
53749,1966
53759,1967
53800,1968
53823,1969
53824,1970
53831,1971
53875,1972
53878,1973
53885,1974
53890,1975
53909,1976
53911,1977
53924,1978
53938,1979
53982,1980
54077,1981
54079,1982
54123,1983
54178,1984
54217,1985
54231,1986
54241,1987
54246,1988
54249,1989
54252,1990
54262,1991
54273,1992
54318,1993
54355,1994
54357,1995
54406,1996
54542,1997
54577,1998
54613,1999
54628,2000
54655,2001
54666,2002
54671,2003
54735,2004
54774,2005
54808,2006
54838,2007
54841,2008
54846,2009
54863,2010
54869,2011
54935,2012
54948,2013
54975,2014
55043,2015
55055,2016
55072,2017
55083,2018
55120,2019
55121,2020
55138,2021
55151,2022
55164,2023
55167,2024
55183,2025
55189,2026
55212,2027
55243,2028
55246,2029
55272,2030
55280,2031
55287,2032
55302,2033
55413,2034
55597,2035
55601,2036
55626,2037
55630,2038
55676,2039
55690,2040
55826,2041
55852,2042
55907,2043
55939,2044
55953,2045
56019,2046
56021,2047
56061,2048
56067,2049
56150,2050
56166,2051
56188,2052
56208,2053
56211,2054
56217,2055
56236,2056
56246,2057
56247,2058
56266,2059
56273,2060
56281,2061
56297,2062
56372,2063
56375,2064
56378,2065
56379,2066
56407,2067
56426,2068
56475,2069
56477,2070
56485,2071
56499,2072
56513,2073
56547,2074
56571,2075
56655,2076
56676,2077
56688,2078
56764,2079
56770,2080
56802,2081
56857,2082
56909,2083
57001,2084
57059,2085
57081,2086
57139,2087
57183,2088
57185,2089
57189,2090
57190,2091
57192,2092
57227,2093
57229,2094
57248,2095
57252,2096
57258,2097
57259,2098
57261,2099
57282,2100
57301,2101
57309,2102
57360,2103
57369,2104
57423,2105
57435,2106
57569,2107
57570,2108
57571,2109
57607,2110
57623,2111
57632,2112
57648,2113
57690,2114
57695,2115
57736,2116
57755,2117
57806,2118
57807,2119
57809,2120
57813,2121
57845,2122
57875,2123
57896,2124
57897,2125
57898,2126
57901,2127
57902,2128
57915,2129
57918,2130
57949,2131
57951,2132
57956,2133
58047,2134
58095,2135
58141,2136
58194,2137
58215,2138
58238,2139
58240,2140
58279,2141
58282,2142
58308,2143
58313,2144
58316,2145
58330,2146
58334,2147
58342,2148
58346,2149
58369,2150
58381,2151
58389,2152
58455,2153
58500,2154
58514,2155
58531,2156
58575,2157
58580,2158
58646,2159
58720,2160
58772,2161
58792,2162
58815,2163
58816,2164
58838,2165
58855,2166
58871,2167
58876,2168
58880,2169
58886,2170
58916,2171
58930,2172
58937,2173
58943,2174
59032,2175
59035,2176
59081,2177
59086,2178
59137,2179
59146,2180
59241,2181
59274,2182
59284,2183
59373,2184
59375,2185
59533,2186
59538,2187
59539,2188
59544,2189
59579,2190
59598,2191
59621,2192
59657,2193
59693,2194
59744,2195
59785,2196
59844,2197
59850,2198
59852,2199
59856,2200
59898,2201
59933,2202
59972,2203
59973,2204
59976,2205
60085,2206
60104,2207
60128,2208
60227,2209
60331,2210
60383,2211
60490,2212
60562,2213
60654,2214
60675,2215
60681,2216
60688,2217
60792,2218
60796,2219
60805,2220
60850,2221
60854,2222
60866,2223
60887,2224
60914,2225
60947,2226
61006,2227
61020,2228
61034,2229
61093,2230
61100,2231
61104,2232
61124,2233
61139,2234
61189,2235
61240,2236
61241,2237
61242,2238
61285,2239
61297,2240
61298,2241
61303,2242
61321,2243
61336,2244
61343,2245
61356,2246
61364,2247
61448,2248
61465,2249
61470,2250
61524,2251
61610,2252
61611,2253
61618,2254
61633,2255
61678,2256
61695,2257
61807,2258
61923,2259
61969,2260
62039,2261
62152,2262
62170,2263
62184,2264
62250,2265
62259,2266
62267,2267
62337,2268
62359,2269
62369,2270
62483,2271
62578,2272
62586,2273
62588,2274
62614,2275
62622,2276
62623,2277
62628,2278
62630,2279
62678,2280
62693,2281
62702,2282
62717,2283
62735,2284
62768,2285
62792,2286
62816,2287
62828,2288
62833,2289
62895,2290
62902,2291
62987,2292
63003,2293
63019,2294
63068,2295
63077,2296
63132,2297
63191,2298
63364,2299
63383,2300
63395,2301
63449,2302
63452,2303
63457,2304
63508,2305
63514,2306
63624,2307
63637,2308
63649,2309
63692,2310
63709,2311
63768,2312
63770,2313
63777,2314
63781,2315
63793,2316
63796,2317
63837,2318
63855,2319
63866,2320
63869,2321
63882,2322
63902,2323
63935,2324
63959,2325
63967,2326
63994,2327
64046,2328
64065,2329
64071,2330
64072,2331
64073,2332
64080,2333
64121,2334
64132,2335
64133,2336
64182,2337
64189,2338
64233,2339
64305,2340
64388,2341
64525,2342
64579,2343
64596,2344
64647,2345
64684,2346
64693,2347
64746,2348
64904,2349
64930,2350
64933,2351
64953,2352
64993,2353
65004,2354
65054,2355
65084,2356
65087,2357
65153,2358
65309,2359
65383,2360
65404,2361
65485,2362
65488,2363
65514,2364
65559,2365
65595,2366
65613,2367
65632,2368
65635,2369
65696,2370
65732,2371
65737,2372
65756,2373
65759,2374
65773,2375
65863,2376
65904,2377
65985,2378
66026,2379
66045,2380
66067,2381
66131,2382
66140,2383
66252,2384
66255,2385
66295,2386
66302,2387
66328,2388
66358,2389
66393,2390
66505,2391
66512,2392
66526,2393
66568,2394
66607,2395
66645,2396
66673,2397
66674,2398
66703,2399
66704,2400
66753,2401
66790,2402
66799,2403
66814,2404
66827,2405
66834,2406
66847,2407
66878,2408
66880,2409
66882,2410
66906,2411
66938,2412
67038,2413
67058,2414
67072,2415
67098,2416
67102,2417
67180,2418
67249,2419
67267,2420
67425,2421
67426,2422
67432,2423
67449,2424
67457,2425
67470,2426
67492,2427
67501,2428
67587,2429
67613,2430
67615,2431
67633,2432
67673,2433
67705,2434
67712,2435
67801,2436
67827,2437
67842,2438
67915,2439
67920,2440
67957,2441
68039,2442
68073,2443
68075,2444
68079,2445
68150,2446
68175,2447
68201,2448
68205,2449
68260,2450
68332,2451
68351,2452
68360,2453
68408,2454
68427,2455
68471,2456
68473,2457
68551,2458
68574,2459
68596,2460
68600,2461
68601,2462
68607,2463
68619,2464
68633,2465
68637,2466
68744,2467
68758,2468
68833,2469
68889,2470
69018,2471
69102,2472
69125,2473
69127,2474
69135,2475
69149,2476
69173,2477
69176,2478
69206,2479
69226,2480
69240,2481
69246,2482
69306,2483
69340,2484
69375,2485
69410,2486
69416,2487
69455,2488
69484,2489
69497,2490
69545,2491
69555,2492
69596,2493
69651,2494
69706,2495
69739,2496
69748,2497
69795,2498
69798,2499
69876,2500
69914,2501
69917,2502
69937,2503
70033,2504
70084,2505
70088,2506
70110,2507
70132,2508
70180,2509
70260,2510
70265,2511
70276,2512
70318,2513
70385,2514
70396,2515
70422,2516
70435,2517
70530,2518
70532,2519
70561,2520
70597,2521
70631,2522
70643,2523
70669,2524
70712,2525
70727,2526
70757,2527
70782,2528
70881,2529
70914,2530
70981,2531
71014,2532
71017,2533
71051,2534
71074,2535
71076,2536
71117,2537
71187,2538
71203,2539
71226,2540
71269,2541
71357,2542
71361,2543
71367,2544
71384,2545
71414,2546
71426,2547
71487,2548
71605,2549
71657,2550
71704,2551
71873,2552
71914,2553
71950,2554
72024,2555
72029,2556
72040,2557
72067,2558
72104,2559
72171,2560
72209,2561
72268,2562
72283,2563
72287,2564
72294,2565
72296,2566
72347,2567
72348,2568
72366,2569
72390,2570
72399,2571
72448,2572
72452,2573
72478,2574
72562,2575
72574,2576
72603,2577
72605,2578
72643,2579
72733,2580
72737,2581
72744,2582
72747,2583
72751,2584
72884,2585
72892,2586
72927,2587
72928,2588
72964,2589
72980,2590
72992,2591
73049,2592
73051,2593
73107,2594
73145,2595
73170,2596
73239,2597
73444,2598
73490,2599
73491,2600
73592,2601
73611,2602
73627,2603
73637,2604
73646,2605
73661,2606
73665,2607
73675,2608
73699,2609
73704,2610
73712,2611
73715,2612
73718,2613
73757,2614
73765,2615
73819,2616
73853,2617
73881,2618
73890,2619
73906,2620
73945,2621
73959,2622
73961,2623
73965,2624
73979,2625
73998,2626
74006,2627
74030,2628
74048,2629
74054,2630
74061,2631
74084,2632
74182,2633
74253,2634
74257,2635
74310,2636
74315,2637
74352,2638
74395,2639
74449,2640
74472,2641
74494,2642
74515,2643
74523,2644
74582,2645
74590,2646
74632,2647
74639,2648
74643,2649
74740,2650
74749,2651
74762,2652
74770,2653
74784,2654
74818,2655
74831,2656
74848,2657
74875,2658
74923,2659
74926,2660
74962,2661
74969,2662
75013,2663
75124,2664
75136,2665
75144,2666
75202,2667
75254,2668
75281,2669
75326,2670
75381,2671
75383,2672
75475,2673
75495,2674
75496,2675
75498,2676
75529,2677
75532,2678
75535,2679
75592,2680
75608,2681
75609,2682
75613,2683
75652,2684
75675,2685
75691,2686
75748,2687
75750,2688
75777,2689
75778,2690
75957,2691
76018,2692
76070,2693
76084,2694
76109,2695
76209,2696
76212,2697
76255,2698
76259,2699
76266,2700
76281,2701
76286,2702
76354,2703
76369,2704
76378,2705
76385,2706
76467,2707
76629,2708
76631,2709
76633,2710
76651,2711
76715,2712
76726,2713
76731,2714
76732,2715
76737,2716
76760,2717
76793,2718
76854,2719
76868,2720
76888,2721
76916,2722
76928,2723
76959,2724
76966,2725
76968,2726
77003,2727
77020,2728
77023,2729
77069,2730
77124,2731
77161,2732
77174,2733
77177,2734
77224,2735
77231,2736
77258,2737
77259,2738
77261,2739
77262,2740
77277,2741
77289,2742
77312,2743
77330,2744
77375,2745
77432,2746
77500,2747
77547,2748
77548,2749
77616,2750
77633,2751
77647,2752
77677,2753
77721,2754
77732,2755
77761,2756
77769,2757
77819,2758
77860,2759
77862,2760
77932,2761
77933,2762
77935,2763
77948,2764
77982,2765
77989,2766
78028,2767
78038,2768
78051,2769
78055,2770
78056,2771
78067,2772
78068,2773
78112,2774
78139,2775
78146,2776
78156,2777
78232,2778
78290,2779
78291,2780
78297,2781
78298,2782
78300,2783
78309,2784
78321,2785
78416,2786
78420,2787
78432,2788
78454,2789
78455,2790
78463,2791
78471,2792
78476,2793
78478,2794
78483,2795
78554,2796
78571,2797
78574,2798
78575,2799
78617,2800
78626,2801
78674,2802
78681,2803
78709,2804
78726,2805
78760,2806
78778,2807
78818,2808
78837,2809
78846,2810
78867,2811
78873,2812
78956,2813
78965,2814
78992,2815
78994,2816
79019,2817
79023,2818
79025,2819
79070,2820
79092,2821
79131,2822
79136,2823
79152,2824
79190,2825
79191,2826
79204,2827
79224,2828
79226,2829
79229,2830
79243,2831
79248,2832
79286,2833
79291,2834
79299,2835
79319,2836
79373,2837
79383,2838
79387,2839
79397,2840
79398,2841
79424,2842
79448,2843
79525,2844
79578,2845
79628,2846
79681,2847
79682,2848
79702,2849
79732,2850
79780,2851
79803,2852
79873,2853
79888,2854
79915,2855
79951,2856
80075,2857
80355,2858
80356,2859
80375,2860
80403,2861
80449,2862
80459,2863
80462,2864
80481,2865
80506,2866
80591,2867
80659,2868
80727,2869
80780,2870
80783,2871
80784,2872
80789,2873
80855,2874
80856,2875
80976,2876
80985,2877
80990,2878
80996,2879
81036,2880
81071,2881
81084,2882
81093,2883
81154,2884
81178,2885
81202,2886
81205,2887
81230,2888
81241,2889
81414,2890
81423,2891
81438,2892
81447,2893
81490,2894
81495,2895
81520,2896
81531,2897
81553,2898
81615,2899
81652,2900
81659,2901
81669,2902
81721,2903
81739,2904
81763,2905
81787,2906
81793,2907
81796,2908
81816,2909
81882,2910
81911,2911
81958,2912
82081,2913
82084,2914
82114,2915
82134,2916
82220,2917
82239,2918
82382,2919
82414,2920
82444,2921
82618,2922
82623,2923
82628,2924
82649,2925
82658,2926
82729,2927
82782,2928
82816,2929
82859,2930
82886,2931
82899,2932
82925,2933
82930,2934
82932,2935
82934,2936
82935,2937
83014,2938
83026,2939
83075,2940
83141,2941
83147,2942
83168,2943
83174,2944
83228,2945
83290,2946
83371,2947
83390,2948
83392,2949
83404,2950
83427,2951
83499,2952
83528,2953
83550,2954
83598,2955
83609,2956
83618,2957
83632,2958
83639,2959
83695,2960
83707,2961
83744,2962
83754,2963
83756,2964
83770,2965
83816,2966
83822,2967
83840,2968
83883,2969
83885,2970
83963,2971
83978,2972
83983,2973
84043,2974
84066,2975
84084,2976
84090,2977
84103,2978
84110,2979
84111,2980
84135,2981
84160,2982
84214,2983
84224,2984
84228,2985
84249,2986
84250,2987
84253,2988
84266,2989
84433,2990
84440,2991
84493,2992
84495,2993
84496,2994
84508,2995
84543,2996
84544,2997
84550,2998
84564,2999
84605,3000
84624,3001
84655,3002
84665,3003
84666,3004
84679,3005
84697,3006
84716,3007
84721,3008
84823,3009
84829,3010
84847,3011
84874,3012
84906,3013
84918,3014
84931,3015
84942,3016
85020,3017
85043,3018
85044,3019
85140,3020
85145,3021
85149,3022
85157,3023
85183,3024
85185,3025
85221,3026
85253,3027
85265,3028
85298,3029
85327,3030
85342,3031
85390,3032
85432,3033
85444,3034
85458,3035
85468,3036
85504,3037
85521,3038
85607,3039
85609,3040
85648,3041
85659,3042
85673,3043
85750,3044
85772,3045
85809,3046
85877,3047
85891,3048
85893,3049
85896,3050
85897,3051
85908,3052
85936,3053
85968,3054
85976,3055
85994,3056
86006,3057
86055,3058
86092,3059
86102,3060
86114,3061
86202,3062
86236,3063
86306,3064
86319,3065
86336,3066
86365,3067
86377,3068
86381,3069
86385,3070
86401,3071
86436,3072
86455,3073
86470,3074
86474,3075
86475,3076
86479,3077
86484,3078
86555,3079
86597,3080
86635,3081
86657,3082
86672,3083
86685,3084
86688,3085
86724,3086
86803,3087
86810,3088
86811,3089
86812,3090
86841,3091
86844,3092
86863,3093
86866,3094
86867,3095
86870,3096
86872,3097
86888,3098
86890,3099
86894,3100
86938,3101
86961,3102
86964,3103
87050,3104
87056,3105
87073,3106
87082,3107
87159,3108
87167,3109
87191,3110
87216,3111
87219,3112
87224,3113
87227,3114
87264,3115
87266,3116
87384,3117
87391,3118
87396,3119
87410,3120
87417,3121
87486,3122
87521,3123
87544,3124
87572,3125
87573,3126
87574,3127
87584,3128
87631,3129
87735,3130
87819,3131
87824,3132
87839,3133
87855,3134
87857,3135
87859,3136
87876,3137
87897,3138
87914,3139
87937,3140
87973,3141
87983,3142
87989,3143
88001,3144
88019,3145
88043,3146
88044,3147
88047,3148
88049,3149
88060,3150
88072,3151
88094,3152
88097,3153
88149,3154
88153,3155
88256,3156
88280,3157
88295,3158
88298,3159
88302,3160
88346,3161
88349,3162
88398,3163
88409,3164
88478,3165
88481,3166
88513,3167
88520,3168
88570,3169
88612,3170
88625,3171
88627,3172
88678,3173
88704,3174
88708,3175
88722,3176
88735,3177
88767,3178
88770,3179
88775,3180
88786,3181
88790,3182
88793,3183
88853,3184
88861,3185
88863,3186
88918,3187
88928,3188
88949,3189
88953,3190
88982,3191
88983,3192
88997,3193
89031,3194
89050,3195
89058,3196
89094,3197
89125,3198
89128,3199
89166,3200
89182,3201
89184,3202
89276,3203
89355,3204
89460,3205
89471,3206
89505,3207
89540,3208
89567,3209
89596,3210
89602,3211
89606,3212
89653,3213
89734,3214
89754,3215
89766,3216
89767,3217
89794,3218
89877,3219
89891,3220
89912,3221
89936,3222
89945,3223
89948,3224
89963,3225
89989,3226
90000,3227
90010,3228
90033,3229
90035,3230
90047,3231
90085,3232
90112,3233
90163,3234
90184,3235
90196,3236
90204,3237
90216,3238
90304,3239
90363,3240
90408,3241
90419,3242
90423,3243
90428,3244
90511,3245
90552,3246
90556,3247
90584,3248
90587,3249
90596,3250
90613,3251
90626,3252
90635,3253
90656,3254
90659,3255
90660,3256
90682,3257
90686,3258
90785,3259
90792,3260
90793,3261
90798,3262
90835,3263
90849,3264
90877,3265
90880,3266
90961,3267
90962,3268
90967,3269
90968,3270
90987,3271
91045,3272
91060,3273
91076,3274
91096,3275
91101,3276
91146,3277
91148,3278
91151,3279
91214,3280
91268,3281
91280,3282
91281,3283
91307,3284
91391,3285
91426,3286
91458,3287
91473,3288
91490,3289
91586,3290
91601,3291
91687,3292
91691,3293
91717,3294
91751,3295
91764,3296
91772,3297
91775,3298
91776,3299
91781,3300
91795,3301
91824,3302
91846,3303
91935,3304
91942,3305
91959,3306
91976,3307
92016,3308
92056,3309
92067,3310
92145,3311
92217,3312
92220,3313
92238,3314
92253,3315
92296,3316
92310,3317
92461,3318
92470,3319
92483,3320
92532,3321
92549,3322
92551,3323
92600,3324
92657,3325
92665,3326
92672,3327
92754,3328
92772,3329
92775,3330
92796,3331
92797,3332
92809,3333
92842,3334
92892,3335
92914,3336
92927,3337
92985,3338
93048,3339
93131,3340
93147,3341
93160,3342
93257,3343
93331,3344
93352,3345
93354,3346
93385,3347
93386,3348
93441,3349
93456,3350
93457,3351
93468,3352
93513,3353
93517,3354
93596,3355
93625,3356
93643,3357
93648,3358
93670,3359
93715,3360
93716,3361
93729,3362
93778,3363
93781,3364
93794,3365
93797,3366
93798,3367
93801,3368
93821,3369
93935,3370
93967,3371
93971,3372
93999,3373
94028,3374
94043,3375
94061,3376
94073,3377
94080,3378
94124,3379
94143,3380
94151,3381
94262,3382
94268,3383
94272,3384
94300,3385
94328,3386
94340,3387
94349,3388
94363,3389
94520,3390
94521,3391
94621,3392
94642,3393
94669,3394
94725,3395
94728,3396
94749,3397
94763,3398
94774,3399
94955,3400
95003,3401
95019,3402
95040,3403
95143,3404
95175,3405
95209,3406
95239,3407
95241,3408
95273,3409
95275,3410
95320,3411
95433,3412
95498,3413
95501,3414
95522,3415
95676,3416
95715,3417
95754,3418
95760,3419
95790,3420
95796,3421
95834,3422
95839,3423
95901,3424
95911,3425
95995,3426
96025,3427
96055,3428
96084,3429
96095,3430
96104,3431
96119,3432
96134,3433
96136,3434
96178,3435
96199,3436
96215,3437
96262,3438
96310,3439
96316,3440
96345,3441
96360,3442
96363,3443
96373,3444
96396,3445
96400,3446
96448,3447
96458,3448
96471,3449
96474,3450
96477,3451
96485,3452
96516,3453
96520,3454
96522,3455
96527,3456
96553,3457
96557,3458
96606,3459
96611,3460
96737,3461
96741,3462
96752,3463
96763,3464
96835,3465
96940,3466
96966,3467
96987,3468
97025,3469
97097,3470
97208,3471
97213,3472
97242,3473
97357,3474
97358,3475
97362,3476
97408,3477
97467,3478
97478,3479
97519,3480
97543,3481
97563,3482
97618,3483
97625,3484
97662,3485
97696,3486
97730,3487
97771,3488
97796,3489
97797,3490
97803,3491
97844,3492
97856,3493
97875,3494
97893,3495
97935,3496
97971,3497
98136,3498
98169,3499
98199,3500
98269,3501
98296,3502
98348,3503
98362,3504
98374,3505
98401,3506
98405,3507
98411,3508
98426,3509
98451,3510
98488,3511
98517,3512
98539,3513
98564,3514
98572,3515
98578,3516
98586,3517
98615,3518
98677,3519
98679,3520
98681,3521
98706,3522
98734,3523
98736,3524
98748,3525
98767,3526
98835,3527
98869,3528
98870,3529
98874,3530
98939,3531
99030,3532
99069,3533
99082,3534
99086,3535
99128,3536
99201,3537
99240,3538
99286,3539
99315,3540
99319,3541
99320,3542
99383,3543
99401,3544
99409,3545
99455,3546
99463,3547
99524,3548
99548,3549
99551,3550
99553,3551
99558,3552
99580,3553
99581,3554
99618,3555
99679,3556
99700,3557
99716,3558
99806,3559
99808,3560
99828,3561
99837,3562
99895,3563
99897,3564
99910,3565
99937,3566
99940,3567
99974,3568
100005,3569
100019,3570
100030,3571
100060,3572
100090,3573
100111,3574
100114,3575
100146,3576
100207,3577
100239,3578
100243,3579
100245,3580
100351,3581
100356,3582
100368,3583
100384,3584
100389,3585
100423,3586
100536,3587
100569,3588
100618,3589
100701,3590
100800,3591
100868,3592
100871,3593
100873,3594
100874,3595
100875,3596
100879,3597
100914,3598
100915,3599
100948,3600
100952,3601
100978,3602
100982,3603
101025,3604
101036,3605
101125,3606
101141,3607
101151,3608
101181,3609
101210,3610
101249,3611
101273,3612
101281,3613
101341,3614
101345,3615
101490,3616
101515,3617
101560,3618
101576,3619
101628,3620
101634,3621
101654,3622
101669,3623
101687,3624
101718,3625
101856,3626
101874,3627
101881,3628
101955,3629
102001,3630
102048,3631
102071,3632
102101,3633
102148,3634
102233,3635
102307,3636
102390,3637
102416,3638
102505,3639
102516,3640
102519,3641
102568,3642
102599,3643
102695,3644
102755,3645
102781,3646
102794,3647
102846,3648
102857,3649
102915,3650
102934,3651
103036,3652
103095,3653
103207,3654
103327,3655
103373,3656
103423,3657
103545,3658
103665,3659
103668,3660
103756,3661
103759,3662
103766,3663
103861,3664
103889,3665
103922,3666
103981,3667
104033,3668
104037,3669
104066,3670
104068,3671
104098,3672
104128,3673
104167,3674
104172,3675
104201,3676
104213,3677
104232,3678
104233,3679
104298,3680
104339,3681
104430,3682
104432,3683
104520,3684
104535,3685
104557,3686
104571,3687
104586,3688
104608,3689
104619,3690
104629,3691
104686,3692
104759,3693
104775,3694
104800,3695
104801,3696
104809,3697
104852,3698
104876,3699
104908,3700
105111,3701
105126,3702
105255,3703
105295,3704
105356,3705
105376,3706
105527,3707
105532,3708
105643,3709
105646,3710
105707,3711
105726,3712
105763,3713
105919,3714
106023,3715
106055,3716
106094,3717
106110,3718
106202,3719
106252,3720
106256,3721
106276,3722
106292,3723
106299,3724
106356,3725
106359,3726
106378,3727
106386,3728
106427,3729
106459,3730
106513,3731
106533,3732
106536,3733
106552,3734
106557,3735
106579,3736
106642,3737
106713,3738
106725,3739
106749,3740
106767,3741
106825,3742
106826,3743
106858,3744
106876,3745
106883,3746
106906,3747
106923,3748
106928,3749
107026,3750
107029,3751
107034,3752
107036,3753
107149,3754
107322,3755
107324,3756
107369,3757
107412,3758
107420,3759
107434,3760
107501,3761
107523,3762
107541,3763
107542,3764
107646,3765
107649,3766
107662,3767
107664,3768
107673,3769
107729,3770
107731,3771
107734,3772
107739,3773
107740,3774
107742,3775
107762,3776
107797,3777
107799,3778
107814,3779
107824,3780
107914,3781
107916,3782
107941,3783
107949,3784
107950,3785
108028,3786
108033,3787
108115,3788
108120,3789
108123,3790
108125,3791
108191,3792
108198,3793
108206,3794
108211,3795
108356,3796
108392,3797
108401,3798
108448,3799
108449,3800
108455,3801
108464,3802
108473,3803
108483,3804
108510,3805
108546,3806
108676,3807
108678,3808
108716,3809
108748,3810
108799,3811
108803,3812
108809,3813
108827,3814
108858,3815
108867,3816
108869,3817
108898,3818
108922,3819
109052,3820
109058,3821
109087,3822
109139,3823
109173,3824
109185,3825
109195,3826
109209,3827
109234,3828
109275,3829
109311,3830
109323,3831
109335,3832
109433,3833
109434,3834
109471,3835
109495,3836
109496,3837
109642,3838
109647,3839
109666,3840
109711,3841
109720,3842
109723,3843
109742,3844
109769,3845
109889,3846
109892,3847
109899,3848
109900,3849
109905,3850
109998,3851
110034,3852
110123,3853
110152,3854
110157,3855
110162,3856
110167,3857
110168,3858
110178,3859
110190,3860
110198,3861
110217,3862
110235,3863
110238,3864
110251,3865
110287,3866
110311,3867
110339,3868
110340,3869
110356,3870
110358,3871
110396,3872
110413,3873
110422,3874
110428,3875
110430,3876
110432,3877
110455,3878
110521,3879
110573,3880
110579,3881
110589,3882
110614,3883
110623,3884
110629,3885
110745,3886
110760,3887
110763,3888
110766,3889
110855,3890
110947,3891
110965,3892
111016,3893
111044,3894
111076,3895
111173,3896
111177,3897
111235,3898
111245,3899
111282,3900
111289,3901
111290,3902
111332,3903
111334,3904
111341,3905
111406,3906
111460,3907
111462,3908
111493,3909
111532,3910
111562,3911
111563,3912
111579,3913
111600,3914
111675,3915
111826,3916
111827,3917
111900,3918
111905,3919
111967,3920
111969,3921
111978,3922
111980,3923
111984,3924
112023,3925
112054,3926
112057,3927
112107,3928
112168,3929
112325,3930
112336,3931
112361,3932
112420,3933
112442,3934
112460,3935
112547,3936
112572,3937
112587,3938
112660,3939
112718,3940
112722,3941
112792,3942
112859,3943
112925,3944
112940,3945
112941,3946
112947,3947
112948,3948
113004,3949
113073,3950
113082,3951
113103,3952
113119,3953
113120,3954
113123,3955
113126,3956
113198,3957
113202,3958
113245,3959
113249,3960
113273,3961
113276,3962
113310,3963
113318,3964
113344,3965
113352,3966
113353,3967
113410,3968
113444,3969
113455,3970
113475,3971
113489,3972
113500,3973
113573,3974
113580,3975
113628,3976
113633,3977
113642,3978
113796,3979
113869,3980
114019,3981
114132,3982
114147,3983
114179,3984
114180,3985
114257,3986
114288,3987
114348,3988
114354,3989
114380,3990
114392,3991
114400,3992
114509,3993
114610,3994
114623,3995
114648,3996
114649,3997
114656,3998
114717,3999
114757,4000
114793,4001
114812,4002
114828,4003
114929,4004
114957,4005
114958,4006
115010,4007
115045,4008
115065,4009
115072,4010
115102,4011
115104,4012
115114,4013
115115,4014
115229,4015
115236,4016
115276,4017
115348,4018
115393,4019
115462,4020
115486,4021
115504,4022
115557,4023
115563,4024
115596,4025
115662,4026
115723,4027
115740,4028
115756,4029
115890,4030
115948,4031
115957,4032
116080,4033
116115,4034
116130,4035
116141,4036
116184,4037
116202,4038
116256,4039
116292,4040
116308,4041
116366,4042
116431,4043
116533,4044
116605,4045
116650,4046
116651,4047
116660,4048
116806,4049
116837,4050
116962,4051
117018,4052
117150,4053
117198,4054
117266,4055
117327,4056
117350,4057
117424,4058
117441,4059
117451,4060
117703,4061
117743,4062
117779,4063
117795,4064
117819,4065
117903,4066
118078,4067
118087,4068
118162,4069
118191,4070
118227,4071
118241,4072
118339,4073
118468,4074
118587,4075
118753,4076
118755,4077
118780,4078
118844,4079
119048,4080
119135,4081
119185,4082
119301,4083
119309,4084
119406,4085
119450,4086
119555,4087
119686,4088
119695,4089
119708,4090
119749,4091
119825,4092
119867,4093
119944,4094
120017,4095
120083,4096
120100,4097
120132,4098
120134,4099
120391,4100
120398,4101
120460,4102
120565,4103
120660,4104
120796,4105
120832,4106
120846,4107
120853,4108
120854,4109
120862,4110
120873,4111
120955,4112
120972,4113
120977,4114
121043,4115
121088,4116
121092,4117
121137,4118
121191,4119
121212,4120
121227,4121
121256,4122
121415,4123
121536,4124
121705,4125
121716,4126
121760,4127
121776,4128
121800,4129
121801,4130
121833,4131
121853,4132
121874,4133
121878,4134
121882,4135
121970,4136
121971,4137
122032,4138
122063,4139
122065,4140
122084,4141
122109,4142
122115,4143
122240,4144
122282,4145
122299,4146
122369,4147
122388,4148
122466,4149
122473,4150
122477,4151
122589,4152
122632,4153
122660,4154
122671,4155
122673,4156
122680,4157
122693,4158
122705,4159
122812,4160
122819,4161
122833,4162
122932,4163
123000,4164
123017,4165
123021,4166
123031,4167
123049,4168
123119,4169
123171,4170
123172,4171
123174,4172
123379,4173
123426,4174
123470,4175
123474,4176
123478,4177
123480,4178
123499,4179
123513,4180
123528,4181
123624,4182
123636,4183
123648,4184
123655,4185
123661,4186
123684,4187
123691,4188
123726,4189
123738,4190
123758,4191
123780,4192
123820,4193
123840,4194
123847,4195
123867,4196
123926,4197
123999,4198
124001,4199
124002,4200
124003,4201
124015,4202
124043,4203
124063,4204
124076,4205
124106,4206
124174,4207
124176,4208
124197,4209
124212,4210
124219,4211
124288,4212
124310,4213
124358,4214
124360,4215
124393,4216
124479,4217
124536,4218
124606,4219
124631,4220
124724,4221
124737,4222
124758,4223
124774,4224
124835,4225
124851,4226
124962,4227
124974,4228
124980,4229
125140,4230
125168,4231
125251,4232
125321,4233
125366,4234
125379,4235
125423,4236
125446,4237
125466,4238
125489,4239
125516,4240
125518,4241
125526,4242
125531,4243
125552,4244
125586,4245
125618,4246
125627,4247
125634,4248
125649,4249
125939,4250
126007,4251
126023,4252
126143,4253
126222,4254
126308,4255
126389,4256
126478,4257
126479,4258
126528,4259
126546,4260
126568,4261
126572,4262
126594,4263
126646,4264
126684,4265
126691,4266
126705,4267
126708,4268
126791,4269
126797,4270
126799,4271
126804,4272
126805,4273
126873,4274
126901,4275
126909,4276
126915,4277
126945,4278
127001,4279
127072,4280
127167,4281
127271,4282
127402,4283
127444,4284
127504,4285
127505,4286
127587,4287
127643,4288
127785,4289
127839,4290
127852,4291
127860,4292
127873,4293
127874,4294
127883,4295
127937,4296
127991,4297
128046,4298
128054,4299
128056,4300
128059,4301
128062,4302
128081,4303
128116,4304
128120,4305
128122,4306
128157,4307
128177,4308
128202,4309
128217,4310
128227,4311
128237,4312
128285,4313
128390,4314
128406,4315
128520,4316
128599,4317
128610,4318
128662,4319
128672,4320
128787,4321
128795,4322
128937,4323
128955,4324
128967,4325
129001,4326
129129,4327
129230,4328
129302,4329
129345,4330
129427,4331
129432,4332
129433,4333
129440,4334
129524,4335
129535,4336
129592,4337
129593,4338
129606,4339
129617,4340
129629,4341
129702,4342
129738,4343
129771,4344
129779,4345
129837,4346
129847,4347
129852,4348
129896,4349
129973,4350
130136,4351
130248,4352
130252,4353
130254,4354
130546,4355
130582,4356
130606,4357
130629,4358
130631,4359
130681,4360
130707,4361
130740,4362
130771,4363
130797,4364
130822,4365
130828,4366
130838,4367
130856,4368
130928,4369
130939,4370
130940,4371
130946,4372
131036,4373
131040,4374
131096,4375
131112,4376
131113,4377
131169,4378
131172,4379
131254,4380
131288,4381
131313,4382
131346,4383
131350,4384
131406,4385
131412,4386
131477,4387
131516,4388
131581,4389
131603,4390
131682,4391
131830,4392
131832,4393
131884,4394
131910,4395
132013,4396
132021,4397
132077,4398
132110,4399
132137,4400
132139,4401
132252,4402
132307,4403
132310,4404
132326,4405
132328,4406
132382,4407
132397,4408
132453,4409
132525,4410
132532,4411
132612,4412
132628,4413
132650,4414
132659,4415
132670,4416
132674,4417
132778,4418
132806,4419
132835,4420
132869,4421
132957,4422
132978,4423
133031,4424
133055,4425
133133,4426
133138,4427
133140,4428
133161,4429
133190,4430
133361,4431
133382,4432
133421,4433
133536,4434
133582,4435
133586,4436
133588,4437
133606,4438
133712,4439
133715,4440
133724,4441
133727,4442
133730,4443
133754,4444
133769,4445
133810,4446
133945,4447
133986,4448
134000,4449
134051,4450
134141,4451
134203,4452
134211,4453
134247,4454
134327,4455
134336,4456
134340,4457
134363,4458
134463,4459
134474,4460
134487,4461
134494,4462
134502,4463
134586,4464
134605,4465
134633,4466
134658,4467
134768,4468
134855,4469
134874,4470
134878,4471
134914,4472
134975,4473
135058,4474
135074,4475
135128,4476
135172,4477
135218,4478
135249,4479
135262,4480
135274,4481
135306,4482
135307,4483
135367,4484
135374,4485
135387,4486
135469,4487
135519,4488
135522,4489
135546,4490
135554,4491
135555,4492
135563,4493
135564,4494
135569,4495
135630,4496
135646,4497
135650,4498
135697,4499
135699,4500
135715,4501
135726,4502
135794,4503
135850,4504
135860,4505
135896,4506
135905,4507
135909,4508
135934,4509
135996,4510
136006,4511
136007,4512
136010,4513
136011,4514
136062,4515
136067,4516
136089,4517
136093,4518
136107,4519
136110,4520
136113,4521
136144,4522
136154,4523
136194,4524
136205,4525
136245,4526
136255,4527
136258,4528
136268,4529
136292,4530
136330,4531
136349,4532
136362,4533
136404,4534
136412,4535
136477,4536
136486,4537
136492,4538
136562,4539
136575,4540
136620,4541
136636,4542
136685,4543
136691,4544
136695,4545
136733,4546
136767,4547
136771,4548
136806,4549
136818,4550
136827,4551
136867,4552
136957,4553
137021,4554
137023,4555
137028,4556
137136,4557
137225,4558
137226,4559
137292,4560
137342,4561
137425,4562
137456,4563
137515,4564
137574,4565
137791,4566
137863,4567
137867,4568
137942,4569
137956,4570
137958,4571
137987,4572
138197,4573
138209,4574
138213,4575
138382,4576
138404,4577
138410,4578
138423,4579
138445,4580
138509,4581
138537,4582
138598,4583
138620,4584
138621,4585
138686,4586
138899,4587
139007,4588
139018,4589
139066,4590
139088,4591
139103,4592
139109,4593
139130,4594
139134,4595
139152,4596
139167,4597
139215,4598
139267,4599
139356,4600
139486,4601
139492,4602
139606,4603
139637,4604
139653,4605
139694,4606
139711,4607
139729,4608
139830,4609
139954,4610
140030,4611
140094,4612
140211,4613
140321,4614
140322,4615
140339,4616
140346,4617
140370,4618
140376,4619
140404,4620
140410,4621
140456,4622
140509,4623
140539,4624
140549,4625
140600,4626
140608,4627
140617,4628
140660,4629
140823,4630
140842,4631
140847,4632
140855,4633
140914,4634
140922,4635
140924,4636
141076,4637
141086,4638
141171,4639
141185,4640
141281,4641
141365,4642
141417,4643
141424,4644
141464,4645
141543,4646
141559,4647
141583,4648
141662,4649
141765,4650
141766,4651
141858,4652
141906,4653
141919,4654
141948,4655
142163,4656
142307,4657
142320,4658
142322,4659
142423,4660
142433,4661
142532,4662
142567,4663
142674,4664
142702,4665
142725,4666
142842,4667
142882,4668
142911,4669
142914,4670
142930,4671
142937,4672
142988,4673
143048,4674
143185,4675
143226,4676
143262,4677
143317,4678
143350,4679
143417,4680
143433,4681
143435,4682
143442,4683
143445,4684
143483,4685
143551,4686
143577,4687
143681,4688
143731,4689
143740,4690
143799,4691
143820,4692
143946,4693
143969,4694
143977,4695
143999,4696
144010,4697
144016,4698
144074,4699
144076,4700
144125,4701
144184,4702
144199,4703
144250,4704
144283,4705
144344,4706
144374,4707
144422,4708
144461,4709
144464,4710
144532,4711
144564,4712
144570,4713
144577,4714
144698,4715
144839,4716
144842,4717
144863,4718
144951,4719
144958,4720
145007,4721
145071,4722
145086,4723
145098,4724
145147,4725
145199,4726
145207,4727
145285,4728
145311,4729
145325,4730
145378,4731
145482,4732
145555,4733
145575,4734
145635,4735
145715,4736
145893,4737
145906,4738
145920,4739
145923,4740
145986,4741
146032,4742
146062,4743
146135,4744
146160,4745
146178,4746
146183,4747
146238,4748
146246,4749
146267,4750
146277,4751
146371,4752
146405,4753
146424,4754
146439,4755
146471,4756
146530,4757
146562,4758
146584,4759
146609,4760
146611,4761
146649,4762
146697,4763
146706,4764
146729,4765
146763,4766
146864,4767
146892,4768
146908,4769
146928,4770
146954,4771
146959,4772
146963,4773
146964,4774
146966,4775
146982,4776
147010,4777
147043,4778
147064,4779
147072,4780
147079,4781
147098,4782
147122,4783
147125,4784
147129,4785
147137,4786
147138,4787
147148,4788
147164,4789
147210,4790
147257,4791
147327,4792
147329,4793
147453,4794
147518,4795
147531,4796
147539,4797
147560,4798
147587,4799
147590,4800
147591,4801
147647,4802
147716,4803
147883,4804
147992,4805
148006,4806
148066,4807
148068,4808
148317,4809
148326,4810
148504,4811
148517,4812
148518,4813
148621,4814
148686,4815
148740,4816
148744,4817
148777,4818
148896,4819
149023,4820
149027,4821
149441,4822
149482,4823
149520,4824
149546,4825
149558,4826
149572,4827
149586,4828
149587,4829
149591,4830
149635,4831
149646,4832
149783,4833
149818,4834
149828,4835
149882,4836
149886,4837
149893,4838
149960,4839
149992,4840
149997,4841
150021,4842
150025,4843
150040,4844
150065,4845
150084,4846
150092,4847
150127,4848
150131,4849
150176,4850
150192,4851
150205,4852
150320,4853
150377,4854
150388,4855
150390,4856
150407,4857
150432,4858
150435,4859
150487,4860
150503,4861
150583,4862
150665,4863
150724,4864
150790,4865
150821,4866
150827,4867
150856,4868
150872,4869
150880,4870
150891,4871
151062,4872
151121,4873
151124,4874
151135,4875
151156,4876
151195,4877
151370,4878
151404,4879
151591,4880
151598,4881
151783,4882
151866,4883
151991,4884
152036,4885
152126,4886
152390,4887
152410,4888
152557,4889
152604,4890
152691,4891
152828,4892
152878,4893
152908,4894
152955,4895
153040,4896
153042,4897
153087,4898
153291,4899
153292,4900
153300,4901
153337,4902
153472,4903
153491,4904
153691,4905
153698,4906
153784,4907
153812,4908
153840,4909
153857,4910
153884,4911
153901,4912
153989,4913
154133,4914
154135,4915
154136,4916
154139,4917
154159,4918
154202,4919
154285,4920
154302,4921
154308,4922
154331,4923
154359,4924
154382,4925
154431,4926
154457,4927
154468,4928
154542,4929
154589,4930
154617,4931
154644,4932
154693,4933
154751,4934
154799,4935
154873,4936
154875,4937
154931,4938
154982,4939
155121,4940
155137,4941
155176,4942
155200,4943
155221,4944
155269,4945
155285,4946
155337,4947
155338,4948
155356,4949
155381,4950
155445,4951
155480,4952
155487,4953
155508,4954
155575,4955
155621,4956
155665,4957
155708,4958
155800,4959
155801,4960
155835,4961
155843,4962
155932,4963
156000,4964
156053,4965
156073,4966
156085,4967
156131,4968
156161,4969
156225,4970
156231,4971
156418,4972
156422,4973
156488,4974
156489,4975
156490,4976
156527,4977
156574,4978
156610,4979
156636,4980
156645,4981
156752,4982
156779,4983
156947,4984
157015,4985
157074,4986
157087,4987
157141,4988
157265,4989
157337,4990
157341,4991
157348,4992
157391,4993
157420,4994
157436,4995
157485,4996
157554,4997
157565,4998
157566,4999
157578,5000
157593,5001
157615,5002
157653,5003
157656,5004
157692,5005
157702,5006
157719,5007
157746,5008
157752,5009
157854,5010
157895,5011
158031,5012
158182,5013
158211,5014
158245,5015
158315,5016
158322,5017
158326,5018
158391,5019
158434,5020
158440,5021
158522,5022
158581,5023
158598,5024
158626,5025
158646,5026
158656,5027
158703,5028
158813,5029
158908,5030
158978,5031
159067,5032
159110,5033
159181,5034
159232,5035
159236,5036
159338,5037
159358,5038
159429,5039
159470,5040
159506,5041
159558,5042
159714,5043
159921,5044
159929,5045
159931,5046
160012,5047
160021,5048
160100,5049
160131,5050
160152,5051
160237,5052
160268,5053
160476,5054
160478,5055
160505,5056
160577,5057
160639,5058
160656,5059
160692,5060
160749,5061
160802,5062
160809,5063
160812,5064
160817,5065
160820,5066
160837,5067
160900,5068
160966,5069
160984,5070
160988,5071
160997,5072
161005,5073
161032,5074
161108,5075
161116,5076
161217,5077
161260,5078
161327,5079
161344,5080
161365,5081
161633,5082
161657,5083
161683,5084
161691,5085
161709,5086
161743,5087
161744,5088
161837,5089
161905,5090
161930,5091
162001,5092
162037,5093
162042,5094
162164,5095
162184,5096
162209,5097
162251,5098
162263,5099
162326,5100
162371,5101
162456,5102
162522,5103
162548,5104
162579,5105
162665,5106
162672,5107
162709,5108
162833,5109
162866,5110
162873,5111
162908,5112
162923,5113
162998,5114
163007,5115
163011,5116
163021,5117
163031,5118
163172,5119
163183,5120
163201,5121
163327,5122
163328,5123
163331,5124
163336,5125
163387,5126
163412,5127
163413,5128
163439,5129
163445,5130
163446,5131
163447,5132
163453,5133
163474,5134
163579,5135
163786,5136
163826,5137
163885,5138
163957,5139
164010,5140
164021,5141
164037,5142
164038,5143
164067,5144
164069,5145
164071,5146
164079,5147
164099,5148
164111,5149
164190,5150
164239,5151
164244,5152
164288,5153
164351,5154
164356,5155
164376,5156
164408,5157
164529,5158
164531,5159
164543,5160
164556,5161
164581,5162
164634,5163
164677,5164
164707,5165
164776,5166
164813,5167
164817,5168
164822,5169
164884,5170
164948,5171
164992,5172
165059,5173
165101,5174
165304,5175
165306,5176
165308,5177
165312,5178
165322,5179
165360,5180
165378,5181
165379,5182
165389,5183
165395,5184
165495,5185
165497,5186
165503,5187
165529,5188
165562,5189
165648,5190
165664,5191
165681,5192
165716,5193
165725,5194
165738,5195
165759,5196
165883,5197
165906,5198
165951,5199
165954,5200
165987,5201
166018,5202
166109,5203
166197,5204
166233,5205
166278,5206
166318,5207
166379,5208
166423,5209
166450,5210
166503,5211
166504,5212
166545,5213
166600,5214
166608,5215
166621,5216
166631,5217
166636,5218
166669,5219
166675,5220
166676,5221
166718,5222
166719,5223
166762,5224
166878,5225
166882,5226
166936,5227
167027,5228
167060,5229
167065,5230
167112,5231
167173,5232
167229,5233
167260,5234
167347,5235
167546,5236
167583,5237
167631,5238
167671,5239
167768,5240
167826,5241
167859,5242
167913,5243
167926,5244
167971,5245
167991,5246
168007,5247
168053,5248
168055,5249
168079,5250
168110,5251
168114,5252
168156,5253
168172,5254
168223,5255
168316,5256
168330,5257
168335,5258
168382,5259
168386,5260
168409,5261
168433,5262
168443,5263
168534,5264
168538,5265
168584,5266
168635,5267
168650,5268
168705,5269
168710,5270
168725,5271
168831,5272
168910,5273
168942,5274
169227,5275
169241,5276
169357,5277
169391,5278
169395,5279
169462,5280
169502,5281
169555,5282
169556,5283
169557,5284
169564,5285
169577,5286
169590,5287
169618,5288
169672,5289
169674,5290
169675,5291
169695,5292
169747,5293
169829,5294
169869,5295
169870,5296
169892,5297
169953,5298
170005,5299
170008,5300
170009,5301
170040,5302
170044,5303
170050,5304
170110,5305
170142,5306
170165,5307
170206,5308
170245,5309
170248,5310
170273,5311
170282,5312
170327,5313
170371,5314
170373,5315
170381,5316
170459,5317
170460,5318
170499,5319
170535,5320
170604,5321
170612,5322
170619,5323
170668,5324
170714,5325
170739,5326
170757,5327
170780,5328
170842,5329
170869,5330
170879,5331
170997,5332
171014,5333
171015,5334
171021,5335
171046,5336
171068,5337
171076,5338
171088,5339
171096,5340
171127,5341
171153,5342
171160,5343
171185,5344
171188,5345
171242,5346
171322,5347
171329,5348
171331,5349
171339,5350
171358,5351
171361,5352
171389,5353
171406,5354
171448,5355
171460,5356
171476,5357
171479,5358
171496,5359
171502,5360
171503,5361
171548,5362
171549,5363
171557,5364
171687,5365
171699,5366
171724,5367
171756,5368
171827,5369
171836,5370
171865,5371
171880,5372
172006,5373
172021,5374
172059,5375
172086,5376
172142,5377
172200,5378
172203,5379
172205,5380
172249,5381
172348,5382
172407,5383
172410,5384
172419,5385
172421,5386
172426,5387
172428,5388
172433,5389
172444,5390
172447,5391
172479,5392
172509,5393
172518,5394
172528,5395
172532,5396
172655,5397
172661,5398
172662,5399
172698,5400
172758,5401
172772,5402
172825,5403
172826,5404
172833,5405
172835,5406
172836,5407
172837,5408
172855,5409
172860,5410
172885,5411
172886,5412
172922,5413
172936,5414
172954,5415
172955,5416
172964,5417
173041,5418
173044,5419
173083,5420
173090,5421
173091,5422
173096,5423
173098,5424
173148,5425
173201,5426
173209,5427
173210,5428
173213,5429
173214,5430
173217,5431
173255,5432
173261,5433
173263,5434
173270,5435
173276,5436
173397,5437
173403,5438
173404,5439
173427,5440
173440,5441
173443,5442
173466,5443
173475,5444
173483,5445
173489,5446
173492,5447
173574,5448
173627,5449
173696,5450
173706,5451
173732,5452
173772,5453
173779,5454
173798,5455
173850,5456
173940,5457
174007,5458
174049,5459
174149,5460
174150,5461
174174,5462
174267,5463
174296,5464
174297,5465
174356,5466
174362,5467
174413,5468
174452,5469
174467,5470
174476,5471
174505,5472
174516,5473
174517,5474
174520,5475
174525,5476
174568,5477
174582,5478
174664,5479
174670,5480
174727,5481
174828,5482
174867,5483
174892,5484
174896,5485
174936,5486
174964,5487
174978,5488
175024,5489
175040,5490
175128,5491
175200,5492
175276,5493
175277,5494
175320,5495
175331,5496
175388,5497
175390,5498
175413,5499
175437,5500
175471,5501
175492,5502
175494,5503
175503,5504
175511,5505
175573,5506
175611,5507
175644,5508
175756,5509
175762,5510
175918,5511
175936,5512
175949,5513
176069,5514
176083,5515
176147,5516
176156,5517
176312,5518
176320,5519
176339,5520
176348,5521
176402,5522
176417,5523
176483,5524
176523,5525
176619,5526
176688,5527
176754,5528
176779,5529
176881,5530
176887,5531
176897,5532
176955,5533
176960,5534
176975,5535
176977,5536
176985,5537
176991,5538
177014,5539
177159,5540
177160,5541
177176,5542
177185,5543
177288,5544
177353,5545
177358,5546
177378,5547
177383,5548
177404,5549
177447,5550
177532,5551
177602,5552
177607,5553
177612,5554
177621,5555
177690,5556
177737,5557
177922,5558
177960,5559
177962,5560
177963,5561
178126,5562
178144,5563
178175,5564
178217,5565
178245,5566
178256,5567
178286,5568
178343,5569
178381,5570
178388,5571
178401,5572
178441,5573
178500,5574
178516,5575
178633,5576
178677,5577
178702,5578
178730,5579
178736,5580
178744,5581
178751,5582
178795,5583
178861,5584
178872,5585
178875,5586
178951,5587
179020,5588
179074,5589
179075,5590
179090,5591
179176,5592
179225,5593
179228,5594
179344,5595
179370,5596
179407,5597
179417,5598
179420,5599
179620,5600
179621,5601
179682,5602
179800,5603
179810,5604
179867,5605
179916,5606
179948,5607
180002,5608
180093,5609
180221,5610
180230,5611
180235,5612
180275,5613
180298,5614
180319,5615
180384,5616
180396,5617
180482,5618
180503,5619
180525,5620
180547,5621
180573,5622
180635,5623
180638,5624
180712,5625
180820,5626
180931,5627
180950,5628
181008,5629
181272,5630
181276,5631
181278,5632
181333,5633
181350,5634
181449,5635
181557,5636
181622,5637
181703,5638
181742,5639
181826,5640
181921,5641
181948,5642
181956,5643
181975,5644
182074,5645
182158,5646
182168,5647
182175,5648
182201,5649
182240,5650
182265,5651
182282,5652
182320,5653
182327,5654
182358,5655
182361,5656
182403,5657
182416,5658
182467,5659
182544,5660
182558,5661
182618,5662
182845,5663
182939,5664
183034,5665
183087,5666
183098,5667
183134,5668
183139,5669
183141,5670
183145,5671
183158,5672
183291,5673
183404,5674
183407,5675
183425,5676
183520,5677
183572,5678
183573,5679
183755,5680
183764,5681
183779,5682
183816,5683
183823,5684
183859,5685
183893,5686
183894,5687
183895,5688
183985,5689
183993,5690
184022,5691
184024,5692
184047,5693
184062,5694
184063,5695
184067,5696
184089,5697
184091,5698
184098,5699
184107,5700
184108,5701
184133,5702
184145,5703
184184,5704
184195,5705
184209,5706
184304,5707
184306,5708
184311,5709
184340,5710
184363,5711
184502,5712
184507,5713
184571,5714
184572,5715
184595,5716
184604,5717
184637,5718
184678,5719
184689,5720
184696,5721
184701,5722
184702,5723
184753,5724
184915,5725
184917,5726
184950,5727
184978,5728
185021,5729
185125,5730
185160,5731
185272,5732
185384,5733
185393,5734
185422,5735
185465,5736
185476,5737
185494,5738
185572,5739
185636,5740
185638,5741
185689,5742
185756,5743
185764,5744
185790,5745
185803,5746
185830,5747
185858,5748
185902,5749
185951,5750
185977,5751
186043,5752
186159,5753
186233,5754
186312,5755
186381,5756
186397,5757
186454,5758
186477,5759
186489,5760
186509,5761
186905,5762
187002,5763
187039,5764
187107,5765
187190,5766
187214,5767
187219,5768
187323,5769
187382,5770
187388,5771
187514,5772
187519,5773
187616,5774
187621,5775
187632,5776
187714,5777
187787,5778
188151,5779
188236,5780
188297,5781
188299,5782
188477,5783
188495,5784
188558,5785
188561,5786
188581,5787
188587,5788
188594,5789
188641,5790
188645,5791
188654,5792
188719,5793
188786,5794
188858,5795
188861,5796
188893,5797
188928,5798
188947,5799
189018,5800
189126,5801
189204,5802
189229,5803
189266,5804
189287,5805
189291,5806
189297,5807
189393,5808
189484,5809
189536,5810
189580,5811
189623,5812
189647,5813
189782,5814
189798,5815
189896,5816
190019,5817
190053,5818
190118,5819
190122,5820
190205,5821
190249,5822
190296,5823
190304,5824
190337,5825
190352,5826
190356,5827
190363,5828
190522,5829
190552,5830
190554,5831
190630,5832
190631,5833
190642,5834
190767,5835
190796,5836
190826,5837
191069,5838
191070,5839
191073,5840
191084,5841
191097,5842
191211,5843
191267,5844
191275,5845
191384,5846
191476,5847
191479,5848
191499,5849
191618,5850
191691,5851
191774,5852
191781,5853
191825,5854
191878,5855
191952,5856
191963,5857
192004,5858
192011,5859
192023,5860
192027,5861
192096,5862
192178,5863
192182,5864
192222,5865
192224,5866
192229,5867
192231,5868
192257,5869
192259,5870
192475,5871
192485,5872
192610,5873
192647,5874
192664,5875
192718,5876
192727,5877
192899,5878
192916,5879
192994,5880
193024,5881
193149,5882
193267,5883
193268,5884
193281,5885
193286,5886
193288,5887
193375,5888
193461,5889
193559,5890
193561,5891
193608,5892
193696,5893
193725,5894
193945,5895
193998,5896
194024,5897
194064,5898
194075,5899
194179,5900
194193,5901
194218,5902
194219,5903
194247,5904
194274,5905
194417,5906
194619,5907
194710,5908
194715,5909
194763,5910
194999,5911
195211,5912
195278,5913
195377,5914
195417,5915
195693,5916
195754,5917
195788,5918
195789,5919
195847,5920
195861,5921
195869,5922
195881,5923
195882,5924
196042,5925
196177,5926
196288,5927
196449,5928
196680,5929
196745,5930
196759,5931
196804,5932
196887,5933
196896,5934
196947,5935
196999,5936
197036,5937
197083,5938
197314,5939
197352,5940
197460,5941
197489,5942
197501,5943
197596,5944
197686,5945
197687,5946
197726,5947
198048,5948
198071,5949
198154,5950
198225,5951
198243,5952
198321,5953
198340,5954
198358,5955
198380,5956
198421,5957
198441,5958
198680,5959
198696,5960
198775,5961
198901,5962
198907,5963
199024,5964
199033,5965
199144,5966
199207,5967
199253,5968
199327,5969
199387,5970
199605,5971
199637,5972
199641,5973
199665,5974
199671,5975
199709,5976
199719,5977
199822,5978
199959,5979
200107,5980
200138,5981
200147,5982
200178,5983
200254,5984
200284,5985
200420,5986
200534,5987
200567,5988
200763,5989
200778,5990
200785,5991
200794,5992
200908,5993
200935,5994
201109,5995
201211,5996
201221,5997
201280,5998
201333,5999
201395,6000
201473,6001
201540,6002
201659,6003
201787,6004
201796,6005
201818,6006
201914,6007
201950,6008
201957,6009
202176,6010
202323,6011
202437,6012
202443,6013
202539,6014
202550,6015
202673,6016
202792,6017
202854,6018
202918,6019
202925,6020
202926,6021
202980,6022
202993,6023
202996,6024
203002,6025
203005,6026
203112,6027
203117,6028
203164,6029
203222,6030
203223,6031
203231,6032
203233,6033
203266,6034
203269,6035
203270,6036
203272,6037
203279,6038
203328,6039
203330,6040
203333,6041
203334,6042
203341,6043
203405,6044
203475,6045
203515,6046
203882,6047
204084,6048
204703,6049
204798,6050
204895,6051
204901,6052
204960,6053
205041,6054
205108,6055
205112,6056
205387,6057
205511,6058
205621,6059
205630,6060
205642,6061
205679,6062
205721,6063
205724,6064
205779,6065
205788,6066
205840,6067
205844,6068
205864,6069
205929,6070
205937,6071
205960,6072
205989,6073
206033,6074
206092,6075
206331,6076
206360,6077
206399,6078
206660,6079
206798,6080
206929,6081
206936,6082
207068,6083
207172,6084
207196,6085
207321,6086
207389,6087
207450,6088
207595,6089
207634,6090
207704,6091
207771,6092
207805,6093
208012,6094
208013,6095
208060,6096
208068,6097
208123,6098
208128,6099
208154,6100
208342,6101
208354,6102
208415,6103
208638,6104
208712,6105
208830,6106
208874,6107
208885,6108
209114,6109
209117,6110
209135,6111
209136,6112
209270,6113
209287,6114
209334,6115
209338,6116
209438,6117
209478,6118
209556,6119
209642,6120
209648,6121
209656,6122
209657,6123
209745,6124
209899,6125
209911,6126
209952,6127
210001,6128
210039,6129
210115,6130
210117,6131
210119,6132
210177,6133
210189,6134
210208,6135
210212,6136
210222,6137
210392,6138
210547,6139
210552,6140
210569,6141
210576,6142
210621,6143
210624,6144
210669,6145
210708,6146
210766,6147
210788,6148
210791,6149
210812,6150
210921,6151
210925,6152
210928,6153
210929,6154
210930,6155
210979,6156
211002,6157
211007,6158
211034,6159
211048,6160
211050,6161
211136,6162
211151,6163
211177,6164
211188,6165
211190,6166
211207,6167
211211,6168
211249,6169
211282,6170
211301,6171
211337,6172
211360,6173
211416,6174
211551,6175
211556,6176
211603,6177
211611,6178
211619,6179
211622,6180
211624,6181
211655,6182
211664,6183
211685,6184
211687,6185
211692,6186
211729,6187
211732,6188
211734,6189
211737,6190
211810,6191
211811,6192
211815,6193
211816,6194
211826,6195
211874,6196
211875,6197
211918,6198
211943,6199
211944,6200
211959,6201
211965,6202
212007,6203
212072,6204
212075,6205
212077,6206
212084,6207
212086,6208
212090,6209
212093,6210
212153,6211
212256,6212
212273,6213
212275,6214
212279,6215
212281,6216
212320,6217
212349,6218
212373,6219
212377,6220
212378,6221
212380,6222
212420,6223
212421,6224
212429,6225
212434,6226
212436,6227
212461,6228
212466,6229
212467,6230
212488,6231
212572,6232
212651,6233
212687,6234
212780,6235
212816,6236
212857,6237
212859,6238
212867,6239
212923,6240
212925,6241
212928,6242
212930,6243
212933,6244
212934,6245
212935,6246
213068,6247
213086,6248
213092,6249
213152,6250
213221,6251
213223,6252
213242,6253
213292,6254
213422,6255
213432,6256
213460,6257
213471,6258
213474,6259
213519,6260
213600,6261
213621,6262
213668,6263
213722,6264
213819,6265
213854,6266
213857,6267
213928,6268
213930,6269
213996,6270
214048,6271
214105,6272
214113,6273
214126,6274
214156,6275
214243,6276
214249,6277
214255,6278
214308,6279
214328,6280
214341,6281
214377,6282
214440,6283
214509,6284
214639,6285
214646,6286
214694,6287
214725,6288
214728,6289
214732,6290
214876,6291
214939,6292
214975,6293
214977,6294
215039,6295
215042,6296
215076,6297
215118,6298
215147,6299
215165,6300
215283,6301
215314,6302
215348,6303
215359,6304
215375,6305
215489,6306
215516,6307
215591,6308
215596,6309
215602,6310
215650,6311
215669,6312
215691,6313
215750,6314
215787,6315
215862,6316
215947,6317
215982,6318
216099,6319
216153,6320
216256,6321
216313,6322
216340,6323
216419,6324
216651,6325
216658,6326
216688,6327
216712,6328
216819,6329
216944,6330
216982,6331
217007,6332
217083,6333
217111,6334
217125,6335
217190,6336
217212,6337
217256,6338
217286,6339
217395,6340
217456,6341
217467,6342
217508,6343
217638,6344
217743,6345
217850,6346
217910,6347
217911,6348
217961,6349
218020,6350
218071,6351
218072,6352
218182,6353
218285,6354
218291,6355
218321,6356
218364,6357
218381,6358
218391,6359
218396,6360
218543,6361
218576,6362
218597,6363
218697,6364
218737,6365
219109,6366
219161,6367
219257,6368
219263,6369
219474,6370
219583,6371
219617,6372
219629,6373
219632,6374
219674,6375
219700,6376
219759,6377
219772,6378
219872,6379
219892,6380
219935,6381
219982,6382
219985,6383
219989,6384
220002,6385
220061,6386
220166,6387
220172,6388
220294,6389
220331,6390
220415,6391
220458,6392
220487,6393
220619,6394
220744,6395
220778,6396
220800,6397
220886,6398
221171,6399
221201,6400
221280,6401
221570,6402
221601,6403
221607,6404
221633,6405
221645,6406
221666,6407
221675,6408
221807,6409
221885,6410
221933,6411
221934,6412
221965,6413
222022,6414
222180,6415
222217,6416
222327,6417
222328,6418
222443,6419
222458,6420
222492,6421
222618,6422
222629,6423
222655,6424
222696,6425
222722,6426
222734,6427
222760,6428
222989,6429
223028,6430
223044,6431
223215,6432
223217,6433
223234,6434
223256,6435
223376,6436
223437,6437
223519,6438
223523,6439
223607,6440
223626,6441
223637,6442
223675,6443
223678,6444
223686,6445
223698,6446
223709,6447
223716,6448
223741,6449
223742,6450
223746,6451
223788,6452
223804,6453
223827,6454
223884,6455
223887,6456
223912,6457
223924,6458
223929,6459
223930,6460
223937,6461
223991,6462
223993,6463
224023,6464
224028,6465
224033,6466
224048,6467
224088,6468
224092,6469
224095,6470
224097,6471
224242,6472
224246,6473
224449,6474
224454,6475
224487,6476
224514,6477
224523,6478
224538,6479
224559,6480
224579,6481
224598,6482
224604,6483
224611,6484
224620,6485
224627,6486
224628,6487
224655,6488
224673,6489
224700,6490
224737,6491
224794,6492
224809,6493
224820,6494
224828,6495
224836,6496
224837,6497
224840,6498
224851,6499
224873,6500
224886,6501
224896,6502
224995,6503
225005,6504
225019,6505
225020,6506
225030,6507
225033,6508
225043,6509
225049,6510
225055,6511
225068,6512
225070,6513
225073,6514
225123,6515
225175,6516
225176,6517
225178,6518
225186,6519
225193,6520
225196,6521
225199,6522
225204,6523
225205,6524
225249,6525
225255,6526
225275,6527
225276,6528
225279,6529
225286,6530
225287,6531
225331,6532
225396,6533
225451,6534
225469,6535
225470,6536
225490,6537
225621,6538
225690,6539
225744,6540
225783,6541
225879,6542
225993,6543
226017,6544
226026,6545
226036,6546
226126,6547
226155,6548
226157,6549
226208,6550
226215,6551
226266,6552
226287,6553
226373,6554
226548,6555
226602,6556
226626,6557
226696,6558
226786,6559
226799,6560
226809,6561
226816,6562
226844,6563
226952,6564
227043,6565
227074,6566
227168,6567
227205,6568
227264,6569
227276,6570
227417,6571
227492,6572
227599,6573
227702,6574
227761,6575
227812,6576
227849,6577
227957,6578
227996,6579
228051,6580
228080,6581
228150,6582
228244,6583
228272,6584
228289,6585
228320,6586
228370,6587
228488,6588
228493,6589
228503,6590
228598,6591
228608,6592
228663,6593
228767,6594
228821,6595
228853,6596
228870,6597
228921,6598
228971,6599
228983,6600
229062,6601
229066,6602
229108,6603
229239,6604
229378,6605
229411,6606
229503,6607
229550,6608
229603,6609
229765,6610
229790,6611
229823,6612
229855,6613
229872,6614
229917,6615
229931,6616
229946,6617
229975,6618
229980,6619
230005,6620
230076,6621
230096,6622
230118,6623
230130,6624
230135,6625
230213,6626
230217,6627
230221,6628
230225,6629
230254,6630
230290,6631
230294,6632
230324,6633
230398,6634
230410,6635
230474,6636
230477,6637
230480,6638
230582,6639
230706,6640
230805,6641
230807,6642
231044,6643
231250,6644
231372,6645
231373,6646
231752,6647
231786,6648
232034,6649
232069,6650
232153,6651
232161,6652
232323,6653
232330,6654
232337,6655
232339,6656
232370,6657
232444,6658
232453,6659
232588,6660
232603,6661
232646,6662
232709,6663
232756,6664
232757,6665
232866,6666
232915,6667
232919,6668
233031,6669
233041,6670
233067,6671
233165,6672
233225,6673
233284,6674
233321,6675
233339,6676
233345,6677
233464,6678
233469,6679
233470,6680
233492,6681
233535,6682
233574,6683
233576,6684
233613,6685
233615,6686
233742,6687
233783,6688
233820,6689
233894,6690
233977,6691
234020,6692
234312,6693
234326,6694
234444,6695
234497,6696
234500,6697
234516,6698
234517,6699
234543,6700
234647,6701
234683,6702
234689,6703
234702,6704
234712,6705
234768,6706
234778,6707
234890,6708
234898,6709
234920,6710
234959,6711
235073,6712
235107,6713
235156,6714
235159,6715
235177,6716
235324,6717
235359,6718
235599,6719
235621,6720
236210,6721
236332,6722
236401,6723
236490,6724
236519,6725
236531,6726
236638,6727
236719,6728
236835,6729
236838,6730
237005,6731
237045,6732
237047,6733
237051,6734
237081,6735
237084,6736
237100,6737
237118,6738
237236,6739
237362,6740
237391,6741
237408,6742
237447,6743
237474,6744
237592,6745
237595,6746
237635,6747
237643,6748
237646,6749
237676,6750
237684,6751
237686,6752
237757,6753
237802,6754
237828,6755
237871,6756
238042,6757
238092,6758
238113,6759
238125,6760
238191,6761
238229,6762
238231,6763
238237,6764
238262,6765
238430,6766
238431,6767
238471,6768
238508,6769
238554,6770
238629,6771
238706,6772
238711,6773
238858,6774
238967,6775
238981,6776
239090,6777
239166,6778
239223,6779
239267,6780
239291,6781
239312,6782
239314,6783
239366,6784
239478,6785
239486,6786
239538,6787
239566,6788
239585,6789
239655,6790
239675,6791
239681,6792
239798,6793
239858,6794
239863,6795
239881,6796
239892,6797
239995,6798
239996,6799
240056,6800
240088,6801
240101,6802
240127,6803
240176,6804
240177,6805
240209,6806
240407,6807
240409,6808
240440,6809
240443,6810
240501,6811
240541,6812
240560,6813
240626,6814
240629,6815
240678,6816
240837,6817
240857,6818
240872,6819
240886,6820
240970,6821
240973,6822
240974,6823
240979,6824
240981,6825
241001,6826
241002,6827
241012,6828
241017,6829
241057,6830
241070,6831
241073,6832
241168,6833
241205,6834
241210,6835
241254,6836
241351,6837
241495,6838
241502,6839
241583,6840
241587,6841
241588,6842
241592,6843
241593,6844
241625,6845
241640,6846
241702,6847
241783,6848
241784,6849
241788,6850
241793,6851
241910,6852
241939,6853
242053,6854
242059,6855
242170,6856
242197,6857
242217,6858
242220,6859
242249,6860
242251,6861
242288,6862
242369,6863
242464,6864
242465,6865
242467,6866
242607,6867
242667,6868
242681,6869
242809,6870
242811,6871
242813,6872
242851,6873
242861,6874
242970,6875
243066,6876
243260,6877
243480,6878
243482,6879
243574,6880
243702,6881
243737,6882
243738,6883
243881,6884
244084,6885
244291,6886
244707,6887
244726,6888
244791,6889
244934,6890
245010,6891
245015,6892
245081,6893
245086,6894
245142,6895
245207,6896
245274,6897
245324,6898
245384,6899
245390,6900
245436,6901
245522,6902
245537,6903
245591,6904
245609,6905
245704,6906
245793,6907
245806,6908
245908,6909
246122,6910
246131,6911
246155,6912
246159,6913
246165,6914
246175,6915
246452,6916
246558,6917
246588,6918
246622,6919
246633,6920
246717,6921
246754,6922
246782,6923
246861,6924
246974,6925
247039,6926
247208,6927
247348,6928
247527,6929
247616,6930
247633,6931
247636,6932
247667,6933
247811,6934
247888,6935
248014,6936
248026,6937
248079,6938
248456,6939
248538,6940
248552,6941
248573,6942
248609,6943
248742,6944
248799,6945
248806,6946
248872,6947
248877,6948
248898,6949
248899,6950
248902,6951
248904,6952
248905,6953
248907,6954
248908,6955
248909,6956
248911,6957
248949,6958
249153,6959
249155,6960
249215,6961
249296,6962
249299,6963
249302,6964
249312,6965
249335,6966
249343,6967
249345,6968
249364,6969
249395,6970
249397,6971
249421,6972
249662,6973
249707,6974
249795,6975
249871,6976
249885,6977
249889,6978
249902,6979
250000,6980
250008,6981
250192,6982
250199,6983
250216,6984
250239,6985
250331,6986
250414,6987
250442,6988
250509,6989
250539,6990
250557,6991
250561,6992
250585,6993
250646,6994
250680,6995
250721,6996
250751,6997
250785,6998
250864,6999
250874,7000
250922,7001
251075,7002
251164,7003
251166,7004
251199,7005
251205,7006
251230,7007
251232,7008
251327,7009
251371,7010
251448,7011
251474,7012
251476,7013
251627,7014
251639,7015
251658,7016
251742,7017
251771,7018
251794,7019
251923,7020
251980,7021
251981,7022
252014,7023
252076,7024
252099,7025
252358,7026
252436,7027
252517,7028
252572,7029
252579,7030
252636,7031
252674,7032
252875,7033
252984,7034
253049,7035
253107,7036
253221,7037
253470,7038
253535,7039
253591,7040
253858,7041
254102,7042
254135,7043
254169,7044
254241,7045
254242,7046
254246,7047
254263,7048
254392,7049
254465,7050
254507,7051
254675,7052
254694,7053
254697,7054
254705,7055
254711,7056
254733,7057
254846,7058
254937,7059
255055,7060
255077,7061
255098,7062
255212,7063
255391,7064
255403,7065
255556,7066
255560,7067
255591,7068
255594,7069
255603,7070
255605,7071
255648,7072
255656,7073
255688,7074
255692,7075
255698,7076
255699,7077
255719,7078
255725,7079
255728,7080
255909,7081
255917,7082
255920,7083
256014,7084
256043,7085
256045,7086
256048,7087
256093,7088
256148,7089
256149,7090
256151,7091
256160,7092
256194,7093
256198,7094
256252,7095
256320,7096
256465,7097
256493,7098
256499,7099
256514,7100
256575,7101
256579,7102
256582,7103
256587,7104
256593,7105
256642,7106
256697,7107
256745,7108
256782,7109
257075,7110
257086,7111
257118,7112
257201,7113
257241,7114
257277,7115
257397,7116
257508,7117
257576,7118
257613,7119
257821,7120
257837,7121
257839,7122
257840,7123
257842,7124
257893,7125
257925,7126
257926,7127
257936,7128
257937,7129
257944,7130
257950,7131
257985,7132
257986,7133
257991,7134
258052,7135
258070,7136
258072,7137
258073,7138
258084,7139
258182,7140
258183,7141
258193,7142
258200,7143
258245,7144
258295,7145
258307,7146
258315,7147
258318,7148
258320,7149
258347,7150
258378,7151
258387,7152
258424,7153
258437,7154
258448,7155
258522,7156
258552,7157
258553,7158
258563,7159
258647,7160
258664,7161
258667,7162
258677,7163
258755,7164
258862,7165
258864,7166
258958,7167
258963,7168
258970,7169
258972,7170
258975,7171
258980,7172
258983,7173
259063,7174
259064,7175
259069,7176
259074,7177
259120,7178
259121,7179
259340,7180
259356,7181
259374,7182
259385,7183
259386,7184
259405,7185
259547,7186
259595,7187
259637,7188
259665,7189
259683,7190
259720,7191
259723,7192
259732,7193
259785,7194
259790,7195
259795,7196
259841,7197
259930,7198
259938,7199
260099,7200
260102,7201
260138,7202
260227,7203
260462,7204
260489,7205
260490,7206
260493,7207
260494,7208
260653,7209
260713,7210
260714,7211
260854,7212
260868,7213
260886,7214
260888,7215
260918,7216
260919,7217
260921,7218
260923,7219
260925,7220
260927,7221
260946,7222
260949,7223
260950,7224
260954,7225
260955,7226
261004,7227
261045,7228
261049,7229
261085,7230
261229,7231
261246,7232
261249,7233
261250,7234
261284,7235
261285,7236
261288,7237
261301,7238
261304,7239
261309,7240
261313,7241
261314,7242
261376,7243
261414,7244
261425,7245
261429,7246
261461,7247
261463,7248
261510,7249
261525,7250
261527,7251
261529,7252
261534,7253
261613,7254
261622,7255
261631,7256
261682,7257
261683,7258
261710,7259
261715,7260
261798,7261
261822,7262
261831,7263
261849,7264
261855,7265
261940,7266
261947,7267
262009,7268
262019,7269
262046,7270
262058,7271
262067,7272
262078,7273
262083,7274
262086,7275
262105,7276
262118,7277
262162,7278
262173,7279
262233,7280
262273,7281
262366,7282
262552,7283
262743,7284
262792,7285
262812,7286
262817,7287
262818,7288
262822,7289
262866,7290
262870,7291
262874,7292
262875,7293
262955,7294
262960,7295
262963,7296
263140,7297
263257,7298
263260,7299
263263,7300
263333,7301
263342,7302
263350,7303
263354,7304
263396,7305
263528,7306
263590,7307
263640,7308
263739,7309
263794,7310
263796,7311
263835,7312
263904,7313
264132,7314
264264,7315
264356,7316
264366,7317
264462,7318
264468,7319
264512,7320
264583,7321
264587,7322
264624,7323
264650,7324
264681,7325
264707,7326
264739,7327
264862,7328
264987,7329
265022,7330
265108,7331
265166,7332
265184,7333
265189,7334
265224,7335
265283,7336
265375,7337
265393,7338
265420,7339
265435,7340
265452,7341
265471,7342
265538,7343
265549,7344
265557,7345
265566,7346
265578,7347
265593,7348
265620,7349
265652,7350
265841,7351
265842,7352
265897,7353
266186,7354
266198,7355
266235,7356
266236,7357
266238,7358
266240,7359
266290,7360
266359,7361
266443,7362
266693,7363
266728,7364
266729,7365
266733,7366
266734,7367
266766,7368
266777,7369
266804,7370
267035,7371
267117,7372
267161,7373
267234,7374
267270,7375
267275,7376
267323,7377
267325,7378
267348,7379
267350,7380
267396,7381
267406,7382
267415,7383
267436,7384
267469,7385
267493,7386
267508,7387
267512,7388
267518,7389
267543,7390
267600,7391
267604,7392
267680,7393
267701,7394
267896,7395
267904,7396
267944,7397
267984,7398
268063,7399
268071,7400
268131,7401
268142,7402
268168,7403
268285,7404
268355,7405
268360,7406
268386,7407
268415,7408
268497,7409
268520,7410
268786,7411
268870,7412
269009,7413
269065,7414
269066,7415
269083,7416
269092,7417
269175,7418
269211,7419
269213,7420
269224,7421
269341,7422
269348,7423
269355,7424
269416,7425
269483,7426
269485,7427
269572,7428
269591,7429
269607,7430
269870,7431
269927,7432
269937,7433
269953,7434
269984,7435
269988,7436
270071,7437
270093,7438
270112,7439
270240,7440
270269,7441
270449,7442
270471,7443
270728,7444
270742,7445
270832,7446
270856,7447
270865,7448
270876,7449
270954,7450
271111,7451
271115,7452
271119,7453
271158,7454
271182,7455
271196,7456
271206,7457
271212,7458
271227,7459
271233,7460
271243,7461
271269,7462
271280,7463
271299,7464
271318,7465
271320,7466
271322,7467
271325,7468
271328,7469
271334,7470
271411,7471
271418,7472
271444,7473
271462,7474
271476,7475
271483,7476
271487,7477
271489,7478
271494,7479
271515,7480
271520,7481
271589,7482
271593,7483
271600,7484
271634,7485
271636,7486
271663,7487
271763,7488
271783,7489
271785,7490
271835,7491
271853,7492
271886,7493
271918,7494
271960,7495
271966,7496
272082,7497
272112,7498
272176,7499
272182,7500
272186,7501
272189,7502
272273,7503
272295,7504
272334,7505
272335,7506
272336,7507
272337,7508
272340,7509
272354,7510
272421,7511
272422,7512
272431,7513
272481,7514
272483,7515
272570,7516
272586,7517
272597,7518
272672,7519
272740,7520
272744,7521
272755,7522
272806,7523
272833,7524
272838,7525
272852,7526
272879,7527
272896,7528
272944,7529
273063,7530
273074,7531
273211,7532
273227,7533
273293,7534
273316,7535
273354,7536
273472,7537
273565,7538
273607,7539
273651,7540
273761,7541
273772,7542
273821,7543
273830,7544
273920,7545
273927,7546
273979,7547
274022,7548
274049,7549
274071,7550
274433,7551
274470,7552
274520,7553
274571,7554
274583,7555
274728,7556
274762,7557
274804,7558
274862,7559
274878,7560
274914,7561
275008,7562
275136,7563
275172,7564
275175,7565
275177,7566
275214,7567
275253,7568
275255,7569
275256,7570
275269,7571
275291,7572
275292,7573
275293,7574
275299,7575
275333,7576
275339,7577
275342,7578
275360,7579
275372,7580
275375,7581
275411,7582
275412,7583
275427,7584
275542,7585
275626,7586
275666,7587
275786,7588
276005,7589
276016,7590
276029,7591
276097,7592
276098,7593
276367,7594
276396,7595
276426,7596
276466,7597
276593,7598
276693,7599
276789,7600
276827,7601
276904,7602
276926,7603
277045,7604
277065,7605
277092,7606
277148,7607
277168,7608
277294,7609
277322,7610
277343,7611
277430,7612
277578,7613
277592,7614
277792,7615
277801,7616
277909,7617
277919,7618
277925,7619
277927,7620
278017,7621
278101,7622
278130,7623
278217,7624
278229,7625
278279,7626
278387,7627
278478,7628
278480,7629
278488,7630
278506,7631
278507,7632
278522,7633
278533,7634
278534,7635
278582,7636
278597,7637
278646,7638
278705,7639
278735,7640
278772,7641
278773,7642
278793,7643
278855,7644
278963,7645
278978,7646
279025,7647
279039,7648
279049,7649
279050,7650
279186,7651
279279,7652
279312,7653
279327,7654
279332,7655
279421,7656
279428,7657
279448,7658
279571,7659
279882,7660
280000,7661
280021,7662
280055,7663
280113,7664
280153,7665
280274,7666
280277,7667
280382,7668
280444,7669
280503,7670
280509,7671
280529,7672
280530,7673
280533,7674
280538,7675
280539,7676
280558,7677
280562,7678
280565,7679
280583,7680
280611,7681
280640,7682
280691,7683
280745,7684
280862,7685
280964,7686
280979,7687
281164,7688
281331,7689
281334,7690
281473,7691
281494,7692
281537,7693
281619,7694
281623,7695
281624,7696
281726,7697
281734,7698
281735,7699
281770,7700
281784,7701
281851,7702
281862,7703
281896,7704
281973,7705
281999,7706
282073,7707
282076,7708
282123,7709
282149,7710
282150,7711
282199,7712
282294,7713
282301,7714
282316,7715
282337,7716
282345,7717
282371,7718
282373,7719
282459,7720
282492,7721
282509,7722
282521,7723
282523,7724
282525,7725
282535,7726
282567,7727
282570,7728
282619,7729
282623,7730
282655,7731
282656,7732
282661,7733
282666,7734
282686,7735
282725,7736
282741,7737
282888,7738
282890,7739
282915,7740
283039,7741
283053,7742
283081,7743
283197,7744
283200,7745
283215,7746
283238,7747
283330,7748
283411,7749
283538,7750
283546,7751
283552,7752
283590,7753
283617,7754
283667,7755
283687,7756
283706,7757
283883,7758
283884,7759
283923,7760
283946,7761
283995,7762
284017,7763
284034,7764
284042,7765
284081,7766
284150,7767
284254,7768
284271,7769
284315,7770
284380,7771
284388,7772
284389,7773
284445,7774
284856,7775
284861,7776
284922,7777
284966,7778
284994,7779
285056,7780
285070,7781
285113,7782
285190,7783
285257,7784
285372,7785
285387,7786
285466,7787
285477,7788
285519,7789
285526,7790
285550,7791
285551,7792
285587,7793
285629,7794
285684,7795
285698,7796
285701,7797
285703,7798
285724,7799
285738,7800
285862,7801
285891,7802
286007,7803
286049,7804
286082,7805
286136,7806
286142,7807
286147,7808
286199,7809
286201,7810
286301,7811
286321,7812
286331,7813
286463,7814
286572,7815
286573,7816
286844,7817
286849,7818
286905,7819
287036,7820
287038,7821
287044,7822
287182,7823
287232,7824
287236,7825
287240,7826
287302,7827
287325,7828
287336,7829
287363,7830
287380,7831
287544,7832
287577,7833
287711,7834
287850,7835
287922,7836
287937,7837
287941,7838
287943,7839
287946,7840
287947,7841
288044,7842
288101,7843
288102,7844
288296,7845
288327,7846
288374,7847
288470,7848
288484,7849
288546,7850
288562,7851
288565,7852
288727,7853
288740,7854
288811,7855
288869,7856
288877,7857
288901,7858
288955,7859
289024,7860
289032,7861
289086,7862
289088,7863
289092,7864
289140,7865
289280,7866
289329,7867
289478,7868
289483,7869
289570,7870
289629,7871
289630,7872
289631,7873
289694,7874
289700,7875
289737,7876
289755,7877
289816,7878
289819,7879
289913,7880
289928,7881
290138,7882
290239,7883
290335,7884
290336,7885
290394,7886
290462,7887
290565,7888
290570,7889
290620,7890
290623,7891
290645,7892
290878,7893
290932,7894
291065,7895
291117,7896
291149,7897
291168,7898
291172,7899
291194,7900
291224,7901
291274,7902
291305,7903
291327,7904
291370,7905
291484,7906
291498,7907
291752,7908
291793,7909
291794,7910
291797,7911
291827,7912
291860,7913
291919,7914
291930,7915
291978,7916
291993,7917
291997,7918
292100,7919
292148,7920
292154,7921
292481,7922
292693,7923
292852,7924
292870,7925
292879,7926
292944,7927
292945,7928
293244,7929
293504,7930
293592,7931
293678,7932
293710,7933
293720,7934
293806,7935
293822,7936
293826,7937
293904,7938
293989,7939
294009,7940
294167,7941
294202,7942
294354,7943
294781,7944
294792,7945
294931,7946
295015,7947
295025,7948
295232,7949
295269,7950
295326,7951
295345,7952
295572,7953
295591,7954
295680,7955
295685,7956
295696,7957
295749,7958
295762,7959
295776,7960
295896,7961
295941,7962
296109,7963
296521,7964
296550,7965
296587,7966
296655,7967
296713,7968
296728,7969
296794,7970
296831,7971
296860,7972
296893,7973
296975,7974
297064,7975
297131,7976
297324,7977
297425,7978
297445,7979
297484,7980
297549,7981
297581,7982
297597,7983
297626,7984
297752,7985
297825,7986
297827,7987
297853,7988
297954,7989
297955,7990
298055,7991
298138,7992
298201,7993
298242,7994
298336,7995
298603,7996
298731,7997
298802,7998
298813,7999
299042,8000
299061,8001
299073,8002
299366,8003
299403,8004
299431,8005
299525,8006
299596,8007
299597,8008
299630,8009
299686,8010
299785,8011
299787,8012
299788,8013
299847,8014
299851,8015
299862,8016
299895,8017
300116,8018
300383,8019
300384,8020
300618,8021
300640,8022
300745,8023
300786,8024
300794,8025
300866,8026
300989,8027
301046,8028
301151,8029
301174,8030
301256,8031
301339,8032
301472,8033
301484,8034
301493,8035
301738,8036
301745,8037
301749,8038
301790,8039
301932,8040
302035,8041
302093,8042
302375,8043
302422,8044
302549,8045
302587,8046
302650,8047
302665,8048
302701,8049
302727,8050
302734,8051
302844,8052
302847,8053
302935,8054
303100,8055
303274,8056
303442,8057
303496,8058
303578,8059
303623,8060
303633,8061
303804,8062
303833,8063
303875,8064
303994,8065
304000,8066
304029,8067
304238,8068
304242,8069
304296,8070
304343,8071
304378,8072
304407,8073
304424,8074
304517,8075
304600,8076
305066,8077
305069,8078
305082,8079
305154,8080
305167,8081
305282,8082
305283,8083
305312,8084
305329,8085
305336,8086
305339,8087
305466,8088
305469,8089
305478,8090
305571,8091
305581,8092
305619,8093
305623,8094
305647,8095
305712,8096
305744,8097
305746,8098
305777,8099
305823,8100
305825,8101
305829,8102
305830,8103
305835,8104
305865,8105
305893,8106
305895,8107
305896,8108
305899,8109
305900,8110
305901,8111
305927,8112
305928,8113
305936,8114
305946,8115
305970,8116
306047,8117
306053,8118
306289,8119
306491,8120
306502,8121
306534,8122
306706,8123
306715,8124
306996,8125
307016,8126
307023,8127
307104,8128
307171,8129
307208,8130
307441,8131
307460,8132
307478,8133
307955,8134
307978,8135
308050,8136
308116,8137
308117,8138
308207,8139
308230,8140
308303,8141
308471,8142
308549,8143
308612,8144
308680,8145
308754,8146
308894,8147
308978,8148
309025,8149
309027,8150
309242,8151
309244,8152
309338,8153
309406,8154
309499,8155
309716,8156
309815,8157
309921,8158
310046,8159
310169,8160
310258,8161
310282,8162
310427,8163
310450,8164
310594,8165
310618,8166
310773,8167
310775,8168
310817,8169
310834,8170
310918,8171
311001,8172
311014,8173
311052,8174
311081,8175
311100,8176
311135,8177
311153,8178
311247,8179
311322,8180
311333,8181
311407,8182
311486,8183
311568,8184
311575,8185
311790,8186
311841,8187
311889,8188
311940,8189
311942,8190
311982,8191
312236,8192
312243,8193
312291,8194
312412,8195
312420,8196
312468,8197
312471,8198
312507,8199
312541,8200
312560,8201
312566,8202
312573,8203
312762,8204
312839,8205
312874,8206
312883,8207
312959,8208
312972,8209
312987,8210
313036,8211
313067,8212
313079,8213
313080,8214
313176,8215
313315,8216
313407,8217
313477,8218
313509,8219
313588,8220
314075,8221
314318,8222
314327,8223
314339,8224
314375,8225
314399,8226
314400,8227
314404,8228
314421,8229
314489,8230
314494,8231
314649,8232
314652,8233
314747,8234
314790,8235
314828,8236
314859,8237
314907,8238
314908,8239
314925,8240
314942,8241
314947,8242
315036,8243
315097,8244
315124,8245
315158,8246
315162,8247
315200,8248
315302,8249
315332,8250
315342,8251
315436,8252
315482,8253
315558,8254
315576,8255
315591,8256
315628,8257
315667,8258
315736,8259
315803,8260
316066,8261
316178,8262
316410,8263
316470,8264
316492,8265
316537,8266
316545,8267
316995,8268
317106,8269
317231,8270
317348,8271
317425,8272
317907,8273
318060,8274
318085,8275
318268,8276
318283,8277
318336,8278
318369,8279
318419,8280
318462,8281
318578,8282
318619,8283
318787,8284
318846,8285
319133,8286
319160,8287
319172,8288
319175,8289
319282,8290
319309,8291
319350,8292
319505,8293
319527,8294
319549,8295
319646,8296
319677,8297
319699,8298
319723,8299
319862,8300
319983,8301
320031,8302
320064,8303
320105,8304
320320,8305
320330,8306
320337,8307
320502,8308
320638,8309
320687,8310
320697,8311
320706,8312
320720,8313
320925,8314
320940,8315
321071,8316
321159,8317
321181,8318
321337,8319
321354,8320
321355,8321
321359,8322
321385,8323
321417,8324
321438,8325
321439,8326
321449,8327
321482,8328
321491,8329
321540,8330
321576,8331
321626,8332
321662,8333
321817,8334
321859,8335
321905,8336
322022,8337
322048,8338
322088,8339
322104,8340
322121,8341
322168,8342
322582,8343
322659,8344
322678,8345
322691,8346
322721,8347
322730,8348
322875,8349
323018,8350
323057,8351
323085,8352
323097,8353
323132,8354
323144,8355
323276,8356
323283,8357
323286,8358
323319,8359
323345,8360
323570,8361
323574,8362
323581,8363
323590,8364
323633,8365
323686,8366
323720,8367
323725,8368
323730,8369
323752,8370
323755,8371
323756,8372
323800,8373
323806,8374
323816,8375
323831,8376
323899,8377
323902,8378
323905,8379
323907,8380
323988,8381
324026,8382
324104,8383
324110,8384
324132,8385
324195,8386
324315,8387
324360,8388
324361,8389
324402,8390
324429,8391
324444,8392
324448,8393
324450,8394
324512,8395
324666,8396
324672,8397
324770,8398
324852,8399
324875,8400
324990,8401
325129,8402
325131,8403
325151,8404
325170,8405
325338,8406
325339,8407
325604,8408
325610,8409
325748,8410
325776,8411
325985,8412
326238,8413
326268,8414
326302,8415
326326,8416
326365,8417
326416,8418
326527,8419
326542,8420
326631,8421
326721,8422
326795,8423
326971,8424
327198,8425
327304,8426
327309,8427
327340,8428
327456,8429
327473,8430
327534,8431
327562,8432
327633,8433
327817,8434
327828,8435
327840,8436
327871,8437
327952,8438
328014,8439
328028,8440
328265,8441
328393,8442
328534,8443
328741,8444
329017,8445
329104,8446
329243,8447
329317,8448
329360,8449
329582,8450
329624,8451
329630,8452
329644,8453
330102,8454
330110,8455
330142,8456
330169,8457
330232,8458
330351,8459
330549,8460
330719,8461
330757,8462
330883,8463
330963,8464
331033,8465
331164,8466
331169,8467
331172,8468
331178,8469
331243,8470
331389,8471
331821,8472
331897,8473
331924,8474
331955,8475
331963,8476
331978,8477
332035,8478
332052,8479
332123,8480
332127,8481
332170,8482
332196,8483
332281,8484
332284,8485
332294,8486
332311,8487
332500,8488
332572,8489
332573,8490
332607,8491
332619,8492
332648,8493
332661,8494
332667,8495
332690,8496
332750,8497
332799,8498
332801,8499
332810,8500
332934,8501
332937,8502
332940,8503
332999,8504
333008,8505
333105,8506
333119,8507
333131,8508
333142,8509
333197,8510
333249,8511
333359,8512
333389,8513
333396,8514
333482,8515
333516,8516
333537,8517
333556,8518
333587,8519
333599,8520
333623,8521
333724,8522
333752,8523
333784,8524
333823,8525
333966,8526
333991,8527
333999,8528
334007,8529
334029,8530
334041,8531
334082,8532
334119,8533
334167,8534
334210,8535
334212,8536
334248,8537
334344,8538
334402,8539
334501,8540
334532,8541
334552,8542
334649,8543
334711,8544
334764,8545
334783,8546
334809,8547
334814,8548
334849,8549
334854,8550
334894,8551
334916,8552
334955,8553
334979,8554
334980,8555
334985,8556
335010,8557
335012,8558
335015,8559
335017,8560
335048,8561
335075,8562
335076,8563
335083,8564
335084,8565
335154,8566
335159,8567
335467,8568
335471,8569
335512,8570
335575,8571
335580,8572
335598,8573
335614,8574
335641,8575
335728,8576
335777,8577
335779,8578
335784,8579
335787,8580
335878,8581
335890,8582
335893,8583
335969,8584
336008,8585
336074,8586
336178,8587
336201,8588
336247,8589
336251,8590
336256,8591
336267,8592
336302,8593
336361,8594
336365,8595
336402,8596
336528,8597
336541,8598
336570,8599
336678,8600
336742,8601
336748,8602
336843,8603
336854,8604
336891,8605
336895,8606
336897,8607
336898,8608
337041,8609
337066,8610
337125,8611
337175,8612
337234,8613
337238,8614
337333,8615
337361,8616
337374,8617
337541,8618
337629,8619
337746,8620
337787,8621
338007,8622
338046,8623
338128,8624
338156,8625
338163,8626
338171,8627
338193,8628
338195,8629
338282,8630
338303,8631
338364,8632
338372,8633
338378,8634
338396,8635
338407,8636
338408,8637
338479,8638
338481,8639
338501,8640
338527,8641
338743,8642
338808,8643
338872,8644
338876,8645
338983,8646
338989,8647
339009,8648
339044,8649
339219,8650
339289,8651
339327,8652
339376,8653
339526,8654
339636,8655
339683,8656
339694,8657
339817,8658
340129,8659
340190,8660
340237,8661
340255,8662
340355,8663
340432,8664
340508,8665
340513,8666
340523,8667
340550,8668
340618,8669
340739,8670
340825,8671
340828,8672
340988,8673
341048,8674
341051,8675
341057,8676
341101,8677
341134,8678
341231,8679
341402,8680
341430,8681
341452,8682
341797,8683
341883,8684
341928,8685
342001,8686
342024,8687
342186,8688
342233,8689
342463,8690
342497,8691
342532,8692
342654,8693
342725,8694
342754,8695
342762,8696
342808,8697
342815,8698
342886,8699
342888,8700
342889,8701
342993,8702
343116,8703
343184,8704
343204,8705
343223,8706
343224,8707
343290,8708
343390,8709
343457,8710
343501,8711
343536,8712
343555,8713
343653,8714
343656,8715
343661,8716
343694,8717
343746,8718
343753,8719
343772,8720
343777,8721
343875,8722
344059,8723
344143,8724
344356,8725
344361,8726
344497,8727
344596,8728
344601,8729
344650,8730
344807,8731
344892,8732
344985,8733
344991,8734
345027,8735
345048,8736
345099,8737
345125,8738
345130,8739
345262,8740
345357,8741
345435,8742
345458,8743
345473,8744
345487,8745
345496,8746
345523,8747
345779,8748
345781,8749
345785,8750
345801,8751
345837,8752
345846,8753
345849,8754
346095,8755
346168,8756
346226,8757
346327,8758
346341,8759
346388,8760
346492,8761
346636,8762
346642,8763
346658,8764
346806,8765
346894,8766
347006,8767
347055,8768
347060,8769
347102,8770
347141,8771
347199,8772
347207,8773
347238,8774
347245,8775
347261,8776
347390,8777
347432,8778
347434,8779
347472,8780
347569,8781
347651,8782
347658,8783
347659,8784
347685,8785
347692,8786
347718,8787
347727,8788
347816,8789
347844,8790
347870,8791
347891,8792
347930,8793
347958,8794
348023,8795
348029,8796
348059,8797
348065,8798
348160,8799
348269,8800
348316,8801
348320,8802
348387,8803
348399,8804
348453,8805
348517,8806
348548,8807
348549,8808
348620,8809
348630,8810
348645,8811
348658,8812
348663,8813
348664,8814
348668,8815
348670,8816
348688,8817
348690,8818
348756,8819
348802,8820
348825,8821
348839,8822
348843,8823
348916,8824
348919,8825
348939,8826
349037,8827
349356,8828
349513,8829
349643,8830
349646,8831
349844,8832
349897,8833
349986,8834
350092,8835
350119,8836
350165,8837
350179,8838
350227,8839
350307,8840
350317,8841
350440,8842
350581,8843
350623,8844
350658,8845
350702,8846
350773,8847
350799,8848
350931,8849
350977,8850
351185,8851
351192,8852
351252,8853
351264,8854
351323,8855
351355,8856
351409,8857
351413,8858
351452,8859
351472,8860
351559,8861
351613,8862
351744,8863
351750,8864
351822,8865
352151,8866
352291,8867
352337,8868
352549,8869
352561,8870
352562,8871
352618,8872
352720,8873
352751,8874
352839,8875
352842,8876
352909,8877
352964,8878
352995,8879
353028,8880
353029,8881
353035,8882
353066,8883
353072,8884
353205,8885
353232,8886
353233,8887
353376,8888
353420,8889
353423,8890
353447,8891
353564,8892
353645,8893
353668,8894
353943,8895
354135,8896
354348,8897
354366,8898
354370,8899
354425,8900
354433,8901
354435,8902
354450,8903
354452,8904
354455,8905
354469,8906
354497,8907
354554,8908
354766,8909
354797,8910
354828,8911
354833,8912
355051,8913
355167,8914
355183,8915
355233,8916
355360,8917
355382,8918
355436,8919
355526,8920
355538,8921
355680,8922
355681,8923
355739,8924
355741,8925
355742,8926
355743,8927
355899,8928
356066,8929
356070,8930
356105,8931
356107,8932
356115,8933
356218,8934
356220,8935
356283,8936
356290,8937
356456,8938
356535,8939
356593,8940
356679,8941
356876,8942
356928,8943
356951,8944
357000,8945
357093,8946
357135,8947
357302,8948
357320,8949
357346,8950
357375,8951
357476,8952
357603,8953
357770,8954
357790,8955
357880,8956
357983,8957
357985,8958
357989,8959
358042,8960
358154,8961
358156,8962
358189,8963
358307,8964
358321,8965
358325,8966
358337,8967
358383,8968
358437,8969
358443,8970
358482,8971
358650,8972
358661,8973
358764,8974
358855,8975
359030,8976
359051,8977
359109,8978
359110,8979
359173,8980
359186,8981
359205,8982
359382,8983
359387,8984
359395,8985
359454,8986
359514,8987
359524,8988
359585,8989
359682,8990
359718,8991
359746,8992
359818,8993
359845,8994
359846,8995
359866,8996
359934,8997
359947,8998
360054,8999
360220,9000
360235,9001
360261,9002
360414,9003
360663,9004
360748,9005
360763,9006
360924,9007
360951,9008
360997,9009
361021,9010
361062,9011
361116,9012
361137,9013
361212,9014
361229,9015
361273,9016
361295,9017
361355,9018
361403,9019
361464,9020
361553,9021
361555,9022
361722,9023
361749,9024
361766,9025
361947,9026
362006,9027
362054,9028
362167,9029
362378,9030
362510,9031
362699,9032
362703,9033
362841,9034
362893,9035
363038,9036
363073,9037
363192,9038
363432,9039
363499,9040
363550,9041
363589,9042
363694,9043
363763,9044
363799,9045
364045,9046
364194,9047
364239,9048
364255,9049
364295,9050
364296,9051
364352,9052
364513,9053
364699,9054
364718,9055
364843,9056
364897,9057
364920,9058
364975,9059
365050,9060
365259,9061
365314,9062
365552,9063
365660,9064
365865,9065
365990,9066
366000,9067
366038,9068
366187,9069
366188,9070
366203,9071
366208,9072
366211,9073
366229,9074
366252,9075
366261,9076
366265,9077
366354,9078
366385,9079
366585,9080
366640,9081
366644,9082
366729,9083
366974,9084
367221,9085
367317,9086
367429,9087
367437,9088
367568,9089
367737,9090
367844,9091
367962,9092
367977,9093
368083,9094
368099,9095
368120,9096
368267,9097
368275,9098
368315,9099
368413,9100
368436,9101
368438,9102
368509,9103
368537,9104
368556,9105
368602,9106
368611,9107
368657,9108
368676,9109
368721,9110
368724,9111
368764,9112
368779,9113
368802,9114
368806,9115
368853,9116
368894,9117
368895,9118
368931,9119
368999,9120
369122,9121
369158,9122
369228,9123
369346,9124
369347,9125
369384,9126
369515,9127
369608,9128
369667,9129
369709,9130
369711,9131
369792,9132
369836,9133
369931,9134
369952,9135
369954,9136
369957,9137
370033,9138
370035,9139
370039,9140
370106,9141
370119,9142
370147,9143
370190,9144
370354,9145
370628,9146
370637,9147
370745,9148
370783,9149
370869,9150
371205,9151
371303,9152
371410,9153
371418,9154
371596,9155
371617,9156
371748,9157
371809,9158
371828,9159
371851,9160
371912,9161
371944,9162
371961,9163
372003,9164
372038,9165
372133,9166
372134,9167
372137,9168
372139,9169
372317,9170
372401,9171
372421,9172
372725,9173
372745,9174
372779,9175
372820,9176
372823,9177
372906,9178
372911,9179
372921,9180
372978,9181
372981,9182
373001,9183
373002,9184
373013,9185
373185,9186
373431,9187
373602,9188
373652,9189
373741,9190
373841,9191
373867,9192
373918,9193
373979,9194
374015,9195
374068,9196
374104,9197
374168,9198
374179,9199
374211,9200
374221,9201
374232,9202
374258,9203
374261,9204
374407,9205
374444,9206
374562,9207
374590,9208
374592,9209
374608,9210
374614,9211
374635,9212
374642,9213
374664,9214
374722,9215
374725,9216
374727,9217
374730,9218
374782,9219
374825,9220
374875,9221
374929,9222
375018,9223
375027,9224
375148,9225
375167,9226
375225,9227
375252,9228
375262,9229
375265,9230
375664,9231
375671,9232
375788,9233
375882,9234
375990,9235
376030,9236
376100,9237
376267,9238
376328,9239
376526,9240
376528,9241
376555,9242
376569,9243
376643,9244
376712,9245
376732,9246
376762,9247
376836,9248
376854,9249
376916,9250
376926,9251
376927,9252
376984,9253
377008,9254
377012,9255
377018,9256
377038,9257
377191,9258
377233,9259
377236,9260
377369,9261
377497,9262
377501,9263
377558,9264
377562,9265
377594,9266
377605,9267
377628,9268
377758,9269
377790,9270
377813,9271
377868,9272
377895,9273
377909,9274
377926,9275
377942,9276
378004,9277
378047,9278
378066,9279
378102,9280
378104,9281
378322,9282
378325,9283
378342,9284
378363,9285
378364,9286
378367,9287
378397,9288
378435,9289
378498,9290
378592,9291
378613,9292
378699,9293
378800,9294
378801,9295
378868,9296
378901,9297
378920,9298
378932,9299
378995,9300
379035,9301
379200,9302
379396,9303
379407,9304
379469,9305
379526,9306
379529,9307
379737,9308
380275,9309
380317,9310
380361,9311
380408,9312
380674,9313
380943,9314
381185,9315
381201,9316
381365,9317
381378,9318
381434,9319
381654,9320
381799,9321
381827,9322
382015,9323
382024,9324
382091,9325
382173,9326
382175,9327
382383,9328
382402,9329
382473,9330
382474,9331
382533,9332
382557,9333
382564,9334
382577,9335
382579,9336
382627,9337
382628,9338
382632,9339
382635,9340
382636,9341
382696,9342
382697,9343
382703,9344
382835,9345
382853,9346
383048,9347
383102,9348
383124,9349
383125,9350
383148,9351
383184,9352
383185,9353
383188,9354
383789,9355
383793,9356
383880,9357
383945,9358
384031,9359
384314,9360
384343,9361
384345,9362
384347,9363
384360,9364
384607,9365
384608,9366
384611,9367
384671,9368
384718,9369
384761,9370
384813,9371
384844,9372
384875,9373
384878,9374
385240,9375
385288,9376
385293,9377
385295,9378
385322,9379
385326,9380
385409,9381
385414,9382
385456,9383
385548,9384
385556,9385
385559,9386
385601,9387
385613,9388
385753,9389
385859,9390
385969,9391
385981,9392
386032,9393
386052,9394
386083,9395
386106,9396
386139,9397
386205,9398
386380,9399
386475,9400
386628,9401
386785,9402
386966,9403
387025,9404
387061,9405
387077,9406
387196,9407
387503,9408
387513,9409
387779,9410
387832,9411
387876,9412
387898,9413
387956,9414
387975,9415
388010,9416
388132,9417
388219,9418
388270,9419
388579,9420
388956,9421
388989,9422
389037,9423
389195,9424
389232,9425
389259,9426
389414,9427
389417,9428
389580,9429
389646,9430
389662,9431
389726,9432
389729,9433
389836,9434
389884,9435
389972,9436
390111,9437
390470,9438
390648,9439
390812,9440
390813,9441
390829,9442
390859,9443
390968,9444
390992,9445
391130,9446
391444,9447
391476,9448
391621,9449
391632,9450
391686,9451
391712,9452
391855,9453
391970,9454
391989,9455
391996,9456
392029,9457
392035,9458
392119,9459
392164,9460
392324,9461
392402,9462
392427,9463
392441,9464
392491,9465
392706,9466
392915,9467
392951,9468
392998,9469
393006,9470
393027,9471
393155,9472
393208,9473
393265,9474
393403,9475
393414,9476
393466,9477
393537,9478
393620,9479
393671,9480
393863,9481
394207,9482
394239,9483
394718,9484
394727,9485
394774,9486
394790,9487
394942,9488
395280,9489
395574,9490
395687,9491
395856,9492
396059,9493
396298,9494
396364,9495
396510,9496
396546,9497
396680,9498
396684,9499
396720,9500
396759,9501
396770,9502
396882,9503
396988,9504
397038,9505
397160,9506
397172,9507
397184,9508
397263,9509
397302,9510
397430,9511
397438,9512
397536,9513
397543,9514
397655,9515
397687,9516
397714,9517
397722,9518
397783,9519
398001,9520
398006,9521
398041,9522
398169,9523
398245,9524
398328,9525
398421,9526
398512,9527
398519,9528
398567,9529
398577,9530
398611,9531
398824,9532
398916,9533
399118,9534
399145,9535
399160,9536
399173,9537
399177,9538
399188,9539
399223,9540
399255,9541
399278,9542
399342,9543
399349,9544
399434,9545
399548,9546
399556,9547
399560,9548
399663,9549
399674,9550
399777,9551
399779,9552
399860,9553
399997,9554
400001,9555
400048,9556
400079,9557
400102,9558
400174,9559
400177,9560
400270,9561
400273,9562
400667,9563
400821,9564
400991,9565
401172,9566
401246,9567
401423,9568
401526,9569
401587,9570
401646,9571
401705,9572
401860,9573
401908,9574
401993,9575
402295,9576
402629,9577
402718,9578
402779,9579
402786,9580
402827,9581
402903,9582
402909,9583
402940,9584
402944,9585
403047,9586
403066,9587
403544,9588
404395,9589
404500,9590
404601,9591
404705,9592
405001,9593
405086,9594
405174,9595
405196,9596
405299,9597
405301,9598
405474,9599
405476,9600
405486,9601
405489,9602
405513,9603
405520,9604
405535,9605
405543,9606
405547,9607
405597,9608
405684,9609
405710,9610
405772,9611
405936,9612
405950,9613
406142,9614
406265,9615
406271,9616
406308,9617
406365,9618
406644,9619
406661,9620
406942,9621
406979,9622
407036,9623
407058,9624
407098,9625
407100,9626
407513,9627
407526,9628
407760,9629
407796,9630
407852,9631
408079,9632
408086,9633
408092,9634
408107,9635
408133,9636
408191,9637
408195,9638
408275,9639
408288,9640
408290,9641
408336,9642
408338,9643
408340,9644
408362,9645
408364,9646
408476,9647
408536,9648
408600,9649
408621,9650
408632,9651
408639,9652
408644,9653
408686,9654
408734,9655
408736,9656
408884,9657
409283,9658
409314,9659
409458,9660
409606,9661
409610,9662
409626,9663
409691,9664
409884,9665
410003,9666
410093,9667
410103,9668
410257,9669
410340,9670
410367,9671
410378,9672
410389,9673
410548,9674
410761,9675
411049,9676
411108,9677
411270,9678
411271,9679
411295,9680
411303,9681
411419,9682
411475,9683
411514,9684
411534,9685
411607,9686
411640,9687
411699,9688
411701,9689
411763,9690
411797,9691
411838,9692
411876,9693
411966,9694
411977,9695
412037,9696
412068,9697
412075,9698
412174,9699
412246,9700
412657,9701
412726,9702
412945,9703
413109,9704
413281,9705
413395,9706
413404,9707
413420,9708
413723,9709
414067,9710
414144,9711
414254,9712
414384,9713
414484,9714
414627,9715
414757,9716
414775,9717
414834,9718
414875,9719
415081,9720
415369,9721
415379,9722
415674,9723
415770,9724
415778,9725
415792,9726
415934,9727
416091,9728
416108,9729
416166,9730
416210,9731
416364,9732
416387,9733
416390,9734
416402,9735
416408,9736
416443,9737
416531,9738
416632,9739
416637,9740
416768,9741
416792,9742
416814,9743
416840,9744
417042,9745
417066,9746
417123,9747
417209,9748
417213,9749
417219,9750
417255,9751
417264,9752
417265,9753
417286,9754
417287,9755
417530,9756
417733,9757
417735,9758
417773,9759
417785,9760
417790,9761
417794,9762
417842,9763
417844,9764
417952,9765
417997,9766
418092,9767
418506,9768
418512,9769
418574,9770
418599,9771
418630,9772
418674,9773
418850,9774
419000,9775
419219,9776
419352,9777
419354,9778
419359,9779
419610,9780
419946,9781
420093,9782
420121,9783
420222,9784
420535,9785
420584,9786
420620,9787
420719,9788
420771,9789
420865,9790
420929,9791
420987,9792
421213,9793
421471,9794
421472,9795
421479,9796
421515,9797
421572,9798
421584,9799
421614,9800
421621,9801
421657,9802
421664,9803
421680,9804
422001,9805
422235,9806
422249,9807
422271,9808
422354,9809
422423,9810
422427,9811
422476,9812
422498,9813
422525,9814
422587,9815
422589,9816
423030,9817
423085,9818
424070,9819
424191,9820
424325,9821
424341,9822
424481,9823
424663,9824
424785,9825
424878,9826
425045,9827
425104,9828
425255,9829
425262,9830
425269,9831
425293,9832
425305,9833
425421,9834
425447,9835
425621,9836
425627,9837
425752,9838
425831,9839
425935,9840
426073,9841
426275,9842
426420,9843
426495,9844
426596,9845
427134,9846
427167,9847
427272,9848
427316,9849
427529,9850
427747,9851
427879,9852
427887,9853
428060,9854
428175,9855
428347,9856
428394,9857
428395,9858
428638,9859
428662,9860
428669,9861
428672,9862
428693,9863
428749,9864
428769,9865
428838,9866
428883,9867
429001,9868
429118,9869
429135,9870
429191,9871
429227,9872
429272,9873
429879,9874
429898,9875
430046,9876
430066,9877
430222,9878
430518,9879
430659,9880
430699,9881
430872,9882
430906,9883
431114,9884
431274,9885
431368,9886
431511,9887
431517,9888
431533,9889
432049,9890
432160,9891
432164,9892
432165,9893
432417,9894
432420,9895
432667,9896
432861,9897
432892,9898
433033,9899
433058,9900
433106,9901
433235,9902
433238,9903
433371,9904
433412,9905
433607,9906
433659,9907
433748,9908
433864,9909
434024,9910
434120,9911
434258,9912
434290,9913
434375,9914
434492,9915
434526,9916
434561,9917
434673,9918
434747,9919
434781,9920
434817,9921
434844,9922
434845,9923
434900,9924
434904,9925
434910,9926
434982,9927
435004,9928
435018,9929
435146,9930
435164,9931
435247,9932
435365,9933
435421,9934
435588,9935
435600,9936
435645,9937
435755,9938
435834,9939
436415,9940
436622,9941
436686,9942
436879,9943
436931,9944
437248,9945
437324,9946
437577,9947
437608,9948
437990,9949
438078,9950
438160,9951
438234,9952
438262,9953
438339,9954
438439,9955
438470,9956
438757,9957
438908,9958
439305,9959
439332,9960
439828,9961
440082,9962
440572,9963
440596,9964
440724,9965
440821,9966
440938,9967
441094,9968
441367,9969
441535,9970
441775,9971
442325,9972
442407,9973
442583,9974
442607,9975
442692,9976
442858,9977
443031,9978
443037,9979
443179,9980
443246,9981
443354,9982
444045,9983
444084,9984
444150,9985
444257,9986
444297,9987
444308,9988
444322,9989
444574,9990
445300,9991
445305,9992
445394,9993
445503,9994
445643,9995
445693,9996
445726,9997
445880,9998
445991,9999
446093,10000
446112,10001
446213,10002
446228,10003
446267,10004
446514,10005
446520,10006
446725,10007
446728,10008
446779,10009
446785,10010
446863,10011
446984,10012
447087,10013
447121,10014
447175,10015
447215,10016
447233,10017
447282,10018
447283,10019
447304,10020
447307,10021
447308,10022
447356,10023
447515,10024
447574,10025
447680,10026
447692,10027
447710,10028
447769,10029
447791,10030
447952,10031
448038,10032
448227,10033
448312,10034
448385,10035
448387,10036
448441,10037
448497,10038
448529,10039
448680,10040
449079,10041
449262,10042
449268,10043
449375,10044
449420,10045
449430,10046
449432,10047
449442,10048
449465,10049
449510,10050
449522,10051
449541,10052
449601,10053
449630,10054
449675,10055
449752,10056
449954,10057
450089,10058
450479,10059
450939,10060
450968,10061
450979,10062
450984,10063
451041,10064
451081,10065
451114,10066
451431,10067
451443,10068
451637,10069
452173,10070
452509,10071
452620,10072
452625,10073
452630,10074
452707,10075
452947,10076
453001,10077
453196,10078
453411,10079
453550,10080
453725,10081
453772,10082
453908,10083
454109,10084
454124,10085
454171,10086
454277,10087
454286,10088
454309,10089
454330,10090
454481,10091
454774,10092
454816,10093
454833,10094
454839,10095
454853,10096
454898,10097
454904,10098
455071,10099
455101,10100
455121,10101
455177,10102
455217,10103
455246,10104
455344,10105
455554,10106
455618,10107
455625,10108
455686,10109
456228,10110
456471,10111
456521,10112
456664,10113
456781,10114
456809,10115
456908,10116
456948,10117
456994,10118
457059,10119
457120,10120
457149,10121
457172,10122
457250,10123
457328,10124
457433,10125
457437,10126
457594,10127
458048,10128
458094,10129
458248,10130
458288,10131
458342,10132
458795,10133
458898,10134
458917,10135
458918,10136
459013,10137
459121,10138
459190,10139
459249,10140
459260,10141
459337,10142
459390,10143
459394,10144
459414,10145
459416,10146
459457,10147
459519,10148
459524,10149
459528,10150
459582,10151
459603,10152
459637,10153
459726,10154
459774,10155
460311,10156
460435,10157
460532,10158
460605,10159
460736,10160
460777,10161
460973,10162
461050,10163
461078,10164
461474,10165
461623,10166
461631,10167
461647,10168
461728,10169
461773,10170
461992,10171
461996,10172
462139,10173
462162,10174
462625,10175
462663,10176
462697,10177
462699,10178
462734,10179
462788,10180
462806,10181
462838,10182
462997,10183
463047,10184
463102,10185
463130,10186
463492,10187
463558,10188
463600,10189
463673,10190
463802,10191
463903,10192
464036,10193
464139,10194
464446,10195
464583,10196
464692,10197
465067,10198
465178,10199
465227,10200
465229,10201
465234,10202
465338,10203
465361,10204
465441,10205
465467,10206
465502,10207
465510,10208
465557,10209
465681,10210
465682,10211
465795,10212
465797,10213
465817,10214
465963,10215
466033,10216
466211,10217
466297,10218
466413,10219
466529,10220
466644,10221
466774,10222
466781,10223
467189,10224
467855,10225
468058,10226
468282,10227
468428,10228
468569,10229
468575,10230
469394,10231
469441,10232
469471,10233
469511,10234
469616,10235
469620,10236
470062,10237
470174,10238
470195,10239
470199,10240
470212,10241
470224,10242
470282,10243
470295,10244
470343,10245
470480,10246
470538,10247
470556,10248
470597,10249
470850,10250
471066,10251
471096,10252
471155,10253
471297,10254
471418,10255
471579,10256
471712,10257
472017,10258
472202,10259
472260,10260
472494,10261
472664,10262
472715,10263
472774,10264
472919,10265
473092,10266
473094,10267
473099,10268
473141,10269
473508,10270
473512,10271
473643,10272
473892,10273
473893,10274
473996,10275
474042,10276
474866,10277
474868,10278
474909,10279
474954,10280
475047,10281
475107,10282
475128,10283
475129,10284
475166,10285
475232,10286
475285,10287
475314,10288
475435,10289
475570,10290
475585,10291
475658,10292
475682,10293
476159,10294
476330,10295
476380,10296
477012,10297
477119,10298
477232,10299
477576,10300
478533,10301
478710,10302
478743,10303
478808,10304
478957,10305
479054,10306
479288,10307
479303,10308
479354,10309
479515,10310
479756,10311
480319,10312
480571,10313
481012,10314
481058,10315
481300,10316
481543,10317
481638,10318
481703,10319
481829,10320
481995,10321
482138,10322
482211,10323
482460,10324
482505,10325
482541,10326
482607,10327
482659,10328
482681,10329
482823,10330
483156,10331
483180,10332
483276,10333
483613,10334
483835,10335
483886,10336
484459,10337
484824,10338
484995,10339
485010,10340
485267,10341
485359,10342
485375,10343
486078,10344
486294,10345
486593,10346
486747,10347
486774,10348
486982,10349
487144,10350
487162,10351
487218,10352
487419,10353
487423,10354
487530,10355
487531,10356
487548,10357
487589,10358
487785,10359
488007,10360
488202,10361
488341,10362
489233,10363
489243,10364
489463,10365
489589,10366
489994,10367
490222,10368
490346,10369
490368,10370
490383,10371
490574,10372
490639,10373
490956,10374
491262,10375
491296,10376
491435,10377
491446,10378
491500,10379
491571,10380
491685,10381
491764,10382
491915,10383
492150,10384
492243,10385
493151,10386
493203,10387
493421,10388
493924,10389
493986,10390
494375,10391
494378,10392
494674,10393
494712,10394
494815,10395
494925,10396
494984,10397
495020,10398
495041,10399
495174,10400
495193,10401
495238,10402
495286,10403
495349,10404
495367,10405
495685,10406
495689,10407
496110,10408
496389,10409
496539,10410
496601,10411
496882,10412
497059,10413
497091,10414
497121,10415
497235,10416
497485,10417
497603,10418
497669,10419
497838,10420
497915,10421
497943,10422
498048,10423
498074,10424
498494,10425
499143,10426
499286,10427
499346,10428
499523,10429
499559,10430
500019,10431
500026,10432
500071,10433
500104,10434
500105,10435
500123,10436
500136,10437
500140,10438
500141,10439
500143,10440
500256,10441
500594,10442
500700,10443
500880,10444
501446,10445
501797,10446
501928,10447
502099,10448
502108,10449
502315,10450
502325,10451
502720,10452
502748,10453
503173,10454
503343,10455
503521,10456
503692,10457
503821,10458
504040,10459
504115,10460
504122,10461
504136,10462
504243,10463
504296,10464
504308,10465
504363,10466
504479,10467
504524,10468
504673,10469
504707,10470
504736,10471
504814,10472
504828,10473
504867,10474
504910,10475
505037,10476
505071,10477
505286,10478
505288,10479
505293,10480
505352,10481
505360,10482
505443,10483
505498,10484
505512,10485
505520,10486
505600,10487
505718,10488
505733,10489
505916,10490
505930,10491
505955,10492
506033,10493
506082,10494
506083,10495
506107,10496
506309,10497
506421,10498
506455,10499
506495,10500
506529,10501
506610,10502
506632,10503
506691,10504
506693,10505
506697,10506
506702,10507
506713,10508
506716,10509
506791,10510
506793,10511
506804,10512
506865,10513
506947,10514
506966,10515
506997,10516
507051,10517
507091,10518
507364,10519
507407,10520
507422,10521
507512,10522
507559,10523
507562,10524
507564,10525
507565,10526
507625,10527
507672,10528
507883,10529
507887,10530
507968,10531
508080,10532
508084,10533
508221,10534
508311,10535
508725,10536
508805,10537
508841,10538
508965,10539
508971,10540
509109,10541
509119,10542
509121,10543
509122,10544
509291,10545
509297,10546
509520,10547
509585,10548
509596,10549
509600,10550
509670,10551
509785,10552
509793,10553
509889,10554
509907,10555
509928,10556
510048,10557
510051,10558
510054,10559
510069,10560
510078,10561
510180,10562
510208,10563
510242,10564
510314,10565
510328,10566
510426,10567
510483,10568
510485,10569
510489,10570
510535,10571
510545,10572
510660,10573
510782,10574
510786,10575
510874,10576
510956,10577
511130,10578
511308,10579
511388,10580
511557,10581
511560,10582
511569,10583
511762,10584
511843,10585
512016,10586
512017,10587
512095,10588
512150,10589
512214,10590
512333,10591
512430,10592
512583,10593
512588,10594
512628,10595
512631,10596
512662,10597
512692,10598
512707,10599
512754,10600
512883,10601
512984,10602
512988,10603
513073,10604
513136,10605
513188,10606
513225,10607
513276,10608
513369,10609
513371,10610
513457,10611
513487,10612
513489,10613
513514,10614
513536,10615
513586,10616
513728,10617
513730,10618
513830,10619
513837,10620
513870,10621
513889,10622
513917,10623
514035,10624
514216,10625
514324,10626
514576,10627
514638,10628
514764,10629
514797,10630
514821,10631
514829,10632
514830,10633
514930,10634
514931,10635
514933,10636
514934,10637
514935,10638
515086,10639
515184,10640
515258,10641
515327,10642
515339,10643
515413,10644
515546,10645
515741,10646
515850,10647
515988,10648
516148,10649
516289,10650
516311,10651
516334,10652
516439,10653
516468,10654
516586,10655
516638,10656
516993,10657
517343,10658
517582,10659
517831,10660
517848,10661
517864,10662
518278,10663
518485,10664
518693,10665
518958,10666
519101,10667
519194,10668
519201,10669
519208,10670
519358,10671
519393,10672
519421,10673
520444,10674
520637,10675
521211,10676
521306,10677
521317,10678
521331,10679
521375,10680
521421,10681
521436,10682
521438,10683
521439,10684
521511,10685
521530,10686
521540,10687
521647,10688
521874,10689
521883,10690
522167,10691
522303,10692
522406,10693
522574,10694
522957,10695
522994,10696
523187,10697
523204,10698
523402,10699
523678,10700
523823,10701
524125,10702
524226,10703
524724,10704
524788,10705
524841,10706
524913,10707
524922,10708
524998,10709
525076,10710
525099,10711
525532,10712
525605,10713
525624,10714
525703,10715
525791,10716
526071,10717
526092,10718
526096,10719
526336,10720
526345,10721
526396,10722
526404,10723
526614,10724
526632,10725
526667,10726
526770,10727
527023,10728
527193,10729
527204,10730
527209,10731
527416,10732
528120,10733
528149,10734
528378,10735
528698,10736
529235,10737
529241,10738
529781,10739
529844,10740
530011,10741
530152,10742
530509,10743
531021,10744
531275,10745
532771,10746
532902,10747
532909,10748
532910,10749
532975,10750
533223,10751
533496,10752
533606,10753
533761,10754
533840,10755
533880,10756
534238,10757
534393,10758
534566,10759
534636,10760
534844,10761
534862,10762
535143,10763
535181,10764
535286,10765
535336,10766
535360,10767
535489,10768
535643,10769
536425,10770
536461,10771
536463,10772
536685,10773
536841,10774
536994,10775
537600,10776
537913,10777
538093,10778
538156,10779
538378,10780
538433,10781
538522,10782
539087,10783
539541,10784
539748,10785
539842,10786
539916,10787
540002,10788
540883,10789
540966,10790
541161,10791
541307,10792
542098,10793
542418,10794
542425,10795
542552,10796
542587,10797
543750,10798
543768,10799
543786,10800
543826,10801
544170,10802
544448,10803
544545,10804
544682,10805
544907,10806
545300,10807
545934,10808
546220,10809
546716,10810
546774,10811
546777,10812
546926,10813
547121,10814
547521,10815
547522,10816
547523,10817
547847,10818
548068,10819
548124,10820
548557,10821
548700,10822
548802,10823
548803,10824
548888,10825
548923,10826
549208,10827
549310,10828
549441,10829
549650,10830
549698,10831
549725,10832
549894,10833
550089,10834
550776,10835
550792,10836
551297,10837
551469,10838
551991,10839
552180,10840
552650,10841
553233,10842
553241,10843
553504,10844
554064,10845
554431,10846
554509,10847
554638,10848
554753,10849
554889,10850
555019,10851
555248,10852
555521,10853
555580,10854
556555,10855
556838,10856
556841,10857
556983,10858
557203,10859
557248,10860
557756,10861
557981,10862
558010,10863
558484,10864
558980,10865
559188,10866
559367,10867
559397,10868
559570,10869
560196,10870
560214,10871
560399,10872
560457,10873
560793,10874
560813,10875
561094,10876
561187,10877
561389,10878
561392,10879
561450,10880
561506,10881
561717,10882
562508,10883
562551,10884
562736,10885
563407,10886
563556,10887
563869,10888
563929,10889
564060,10890
564120,10891
564234,10892
564276,10893
564332,10894
564493,10895
564911,10896
564960,10897
566229,10898
566747,10899
567175,10900
567185,10901
567234,10902
567271,10903
567279,10904
567595,10905
567797,10906
568037,10907
568184,10908
568185,10909
568617,10910
569032,10911
569441,10912
569445,10913
569656,10914
569664,10915
569851,10916
570153,10917
570227,10918
571064,10919
571356,10920
571810,10921
571978,10922
572195,10923
572301,10924
573673,10925
573746,10926
573758,10927
574516,10928
575177,10929
575178,10930
575249,10931
575281,10932
575329,10933
575424,10934
575433,10935
576331,10936
576712,10937
576889,10938
576993,10939
577196,10940
577425,10941
577500,10942
579173,10943
579342,10944
579822,10945
579895,10946
580035,10947
580356,10948
581488,10949
581567,10950
581945,10951
582736,10952
582995,10953
583382,10954
583729,10955
584357,10956
584413,10957
585223,10958
585303,10959
586121,10960
586227,10961
586413,10962
586690,10963
587210,10964
587244,10965
587341,10966
588393,10967
588451,10968
588578,10969
588606,10970
589394,10971
589491,10972
589937,10973
590189,10974
590479,10975
591093,10976
591203,10977
591323,10978
591760,10979
591907,10980
591908,10981
592685,10982
592941,10983
593063,10984
593265,10985
593476,10986
594048,10987
595325,10988
596900,10989
596941,10990
597189,10991
597626,10992
597796,10993
597800,10994
597883,10995
597963,10996
597966,10997
598788,10998
599297,10999
601010,11000
601643,11001
601861,11002
602446,11003
602882,11004
603276,11005
603426,11006
603713,11007
603838,11008
604388,11009
605993,11010
606595,11011
607246,11012
608226,11013
608296,11014
608383,11015
608510,11016
609075,11017
609183,11018
609724,11019
610613,11020
610967,11021
611546,11022
612363,11023
612933,11024
613107,11025
613297,11026
613440,11027
614613,11028
615359,11029
615578,11030
616987,11031
618238,11032
618309,11033
618450,11034
619597,11035
619639,11036
621116,11037
621198,11038
621500,11039
621986,11040
622318,11041
622625,11042
622834,11043
623089,11044
623692,11045
625370,11046
625388,11047
625494,11048
625598,11049
626522,11050
627087,11051
627237,11052
628204,11053
628406,11054
628735,11055
629662,11056
631083,11057
631411,11058
632253,11059
633441,11060
634066,11061
634122,11062
634391,11063
636128,11064
636273,11065
636568,11066
636590,11067
636935,11068
637025,11069
639737,11070
640629,11071
640631,11072
640633,11073
640846,11074
642965,11075
643537,11076
644409,11077
645084,11078
645558,11079
646086,11080
646371,11081
646426,11082
649226,11083
649305,11084
649643,11085
650849,11086
651594,11087
652088,11088
652624,11089
653264,11090
653714,11091
653853,11092
654270,11093
655495,11094
655781,11095
656095,11096
656310,11097
657811,11098
658025,11099
661695,11100
663722,11101
664763,11102
664827,11103
665183,11104
665371,11105
665884,11106
665891,11107
666572,11108
667044,11109
667062,11110
667270,11111
667537,11112
668010,11113
669414,11114
669945,11115
670361,11116
670489,11117
670770,11118
670868,11119
672141,11120
672780,11121
674155,11122
675838,11123
676235,11124
676569,11125
676626,11126
676969,11127
677093,11128
678038,11129
679248,11130
679364,11131
680000,11132
681198,11133
681720,11134
681722,11135
682024,11136
682041,11137
682799,11138
684424,11139
684580,11140
684768,11141
687215,11142
688798,11143
689602,11144
689968,11145
692916,11146
693489,11147
693608,11148
694029,11149
696180,11150
696857,11151
698943,11152
699621,11153
700066,11154
700153,11155
702010,11156
703866,11157
704919,11158
707297,11159
709649,11160
711137,11161
711338,11162
712819,11163
714744,11164
715097,11165
715305,11166
715546,11167
717501,11168
717544,11169
721928,11170
724893,11171
727312,11172
729559,11173
729689,11174
729797,11175
733130,11176
734167,11177
737666,11178
738455,11179
739258,11180
739318,11181
739974,11182
740131,11183
741796,11184
745110,11185
745373,11186
746907,11187
747197,11188
748640,11189
748702,11190
748826,11191
748841,11192
749129,11193
749164,11194
749363,11195
749377,11196
749776,11197
750122,11198
751272,11199
751508,11200
751510,11201
751557,11202
753917,11203
758322,11204
760015,11205
761081,11206
762839,11207
763924,11208
766106,11209
766234,11210
766858,11211
768170,11212
769627,11213
769931,11214
772712,11215
774121,11216
774493,11217
779518,11218
784104,11219
784620,11220
797498,11221
804754,11222
808258,11223
808326,11224
809784,11225
811203,11226
811868,11227
811961,11228
812988,11229
816071,11230
817341,11231
820216,11232
820563,11233
824302,11234
824676,11235
827308,11236
831932,11237
836893,11238
840152,11239
842321,11240
864290,11241
879975,11242
885392,11243
903351,11244
908514,11245
914806,11246
941346,11247
973328,11248
1002916,11249
