node_id,original_id,public,gender,age,region,completion_percentage
0,19,1,1,21,"zilinsky kraj, kysucke nove mesto",64
3,76,1,1,0,"zilinsky kraj, bytca",72
4,79,1,1,23,"zilinsky kraj, kysucke nove mesto",71
5,101,1,1,20,"zilinsky kraj, zilina",86
1,58,1,0,0,"zilinsky kraj, kysucke nove mesto",34
2,60,1,0,19,"zilinsky kraj, cadca",31
8,224,1,1,21,"banskobystricky kraj, brezno",72
7,189,1,1,0,"bratislavsky kraj, bratislava - okolie",21
6,158,1,0,0,"zilinsky kraj, cadca",79
9,308,1,0,20,"banskobystricky kraj, brezno",45
10,310,1,1,21,"banskobystricky kraj, brezno",71
11,458,1,0,0,"zilinsky kraj, kysucke nove mesto",78
13,483,1,0,0,"zilinsky kraj, kysucke nove mesto",76
12,469,1,0,20,"zilinsky kraj, zilina",52
14,538,1,0,0,"zilinsky kraj, kysucke nove mesto",45
15,544,1,0,0,"zilinsky kraj, zilina",72
16,559,1,0,18,"zilinsky kraj, zilina",69
19,649,0,0,0,"zilinsky kraj, zilina",60
20,650,1,0,20,"zilinsky kraj, zilina",38
22,693,1,0,19,"zilinsky kraj, turzovka",26
23,706,1,1,25,"zilinsky kraj, kysucke nove mesto",91
21,683,1,0,0,"zilinsky kraj, cadca",50
17,585,1,0,21,"zilinsky kraj, zilina",67
18,628,1,0,20,"zilinsky kraj, kysucke nove mesto",83
26,796,1,1,21,"nitriansky kraj, sahy",72
24,716,1,1,23,"zilinsky kraj, kysucke nove mesto",71
28,832,1,0,22,"zilinsky kraj, kysucke nove mesto",76
29,859,1,1,0,"zilinsky kraj, rajec",12
27,801,1,1,21,"zilinsky kraj, zilina",72
32,916,1,1,0,"zilinsky kraj, zilina",67
33,922,1,1,21,"zilinsky kraj, rajecke teplice",57
25,746,1,0,20,"zilinsky kraj, kysucke nove mesto",76
34,938,1,0,18,"zilinsky kraj, zilina",19
30,895,1,0,0,"zilinsky kraj, zilina",33
35,968,1,0,17,"zilinsky kraj, cadca",83
40,1021,1,1,22,"zahranicie, zahranicie - kanada",50
37,1000,1,0,16,"zahranicie, zahranicie - gb",22
41,1022,1,1,21,"zilinsky kraj, bytca",76
36,974,1,1,19,"zilinsky kraj, kysucke nove mesto",40
42,1023,1,1,0,"zilinsky kraj, bytca",62
31,905,1,0,0,"zilinsky kraj, zilina",29
38,1004,1,0,20,"zilinsky kraj, cadca",72
39,1017,1,0,19,"zahranicie, zahranicie - rakusko",86
44,1088,1,0,19,"zilinsky kraj, kysucke nove mesto",74
43,1050,1,0,19,"zilinsky kraj, kysucke nove mesto",31
46,1105,1,0,20,"trenciansky kraj, nove mesto nad vahom",81
45,1093,1,1,22,"zahranicie, zahranicie - ostatne",67
48,1149,1,1,20,"zilinsky kraj, kysucke nove mesto",81
51,1210,1,1,21,"zilinsky kraj, kysucke nove mesto",88
53,1291,0,0,0,"zilinsky kraj, zilina",29
47,1136,1,0,19,"zilinsky kraj, cadca",24
57,1396,1,1,0,"zilinsky kraj, kysucke nove mesto",53
54,1373,1,0,18,"zilinsky kraj, cadca",78
49,1197,1,1,22,"trenciansky kraj, novaky",50
50,1198,1,1,0,"zilinsky kraj, kysucke nove mesto",74
60,1441,1,1,18,"zilinsky kraj, kysucke nove mesto",36
55,1392,1,0,17,"zilinsky kraj, kysucke nove mesto",81
64,1491,1,1,21,"zilinsky kraj, zilina",67
52,1273,1,0,22,"zilinsky kraj, kysucke nove mesto",66
61,1480,1,1,20,"zilinsky kraj, martin",62
62,1482,1,1,0,"zilinsky kraj, bytca",12
63,1483,1,1,18,"zilinsky kraj, kysucke nove mesto",71
56,1395,1,0,23,"nitriansky kraj, nitra",74
59,1435,1,0,19,"zilinsky kraj, dolny kubin",86
66,1594,1,1,22,"zilinsky kraj, bytca",79
58,1424,0,1,0,"zilinsky kraj, cadca",33
70,1699,1,1,0,"zahranicie, zahranicie - gb",74
68,1629,1,0,16,"zilinsky kraj, kysucke nove mesto",24
65,1556,1,1,0,"zahranicie, zahranicie - usa",52
69,1664,1,0,19,"zilinsky kraj, kysucke nove mesto",47
71,1752,0,0,0,"zahranicie, zahranicie - ostatne",52
78,1848,1,0,19,"zilinsky kraj, martin",74
75,1821,1,0,20,"zilinsky kraj, zilina",26
82,1891,1,1,0,"bratislavsky kraj, bratislava - stare mesto",79
79,1852,1,1,0,"zilinsky kraj, cadca",79
72,1757,1,0,19,"zilinsky kraj, martin",74
67,1605,0,0,18,"zilinsky kraj, cadca",16
73,1765,1,0,20,"zilinsky kraj, zilina",81
84,1937,1,0,22,"zilinsky kraj, zilina",12
74,1810,1,0,0,"zilinsky kraj, zilina",12
77,1838,1,0,18,"zilinsky kraj, cadca",83
83,1919,1,0,19,"zilinsky kraj, turzovka",59
80,1886,1,1,24,"zilinsky kraj, kysucke nove mesto",69
76,1830,0,1,0,"zahranicie, zahranicie - gb",12
81,1888,1,1,0,"zilinsky kraj, zilina",69
85,2079,1,0,16,"zilinsky kraj, cadca",22
86,2099,1,0,19,"trenciansky kraj, ilava",78
92,2192,1,1,22,"zilinsky kraj, cadca",71
93,2221,1,1,0,"presovsky kraj, bardejov",52
90,2170,1,1,0,"kosicky kraj, kosice - krasna nad hornadom",69
91,2187,1,1,0,"zahranicie, zahranicie - ostatne",62
87,2134,1,0,0,"zilinsky kraj, bytca",50
95,2257,1,0,22,"ceska republika, cz - ostravsky kraj",67
94,2230,1,1,27,"trnavsky kraj, senica",78
88,2136,0,0,16,"zilinsky kraj, zilina",83
96,2261,1,0,23,"trenciansky kraj, povazska bystrica",16
89,2143,1,0,0,"zilinsky kraj, zilina",79
98,2305,1,0,0,"kosicky kraj, sobrance",14
101,2352,1,0,20,"zilinsky kraj, zilina",71
97,2271,0,1,24,"zilinsky kraj, zilina",71
99,2308,1,1,21,"zilinsky kraj, turzovka",81
100,2323,1,0,18,"zilinsky kraj, zilina",76
105,2522,1,1,19,"zilinsky kraj, kysucke nove mesto",78
102,2431,1,1,21,"banskobystricky kraj, lucenec",64
107,2614,1,0,21,"kosicky kraj, spisska nova ves",69
103,2504,1,0,0,"zilinsky kraj, bytca",79
104,2521,1,0,0,"zilinsky kraj, kysucke nove mesto",60
106,2608,1,0,18,"zilinsky kraj, zilina",60
108,2625,1,0,19,"zilinsky kraj, zilina",76
109,2796,1,0,31,"zilinsky kraj, zilina",12
113,2867,1,1,21,"zilinsky kraj, bytca",71
114,2897,1,0,0,"zilinsky kraj, zilina",12
115,2914,1,0,19,"zahranicie, zahranicie - francuzsko",38
117,2930,1,0,17,"zilinsky kraj, cadca",38
118,2933,1,0,0,"zilinsky kraj, cadca",86
112,2863,1,0,18,"zilinsky kraj, kysucke nove mesto",36
110,2843,1,0,22,"zahranicie, zahranicie - ostatne",71
119,2978,1,0,0,"zahranicie, zahranicie - usa",12
120,2981,1,0,17,"zilinsky kraj, kysucke nove mesto",29
121,3063,1,0,0,"zilinsky kraj, kysucke nove mesto",71
116,2921,1,1,0,"zahranicie, zahranicie - australia",74
128,3139,1,1,20,"zilinsky kraj, zilina",69
124,3113,0,0,0,"zilinsky kraj, zilina",83
129,3158,1,0,16,"zilinsky kraj, zilina",86
111,2850,1,0,17,"zilinsky kraj, rajecke teplice",79
131,3168,1,0,0,"zilinsky kraj, zilina",78
132,3170,1,0,17,"zilinsky kraj, zilina",66
122,3070,1,0,0,"zilinsky kraj, zilina",52
133,3172,1,0,17,"kosicky kraj, trebisov",71
123,3072,1,0,19,"zilinsky kraj, zilina",16
130,3162,0,0,0,"bratislavsky kraj, bratislava - petrzalka",29
125,3126,1,0,18,"kosicky kraj, roznava",28
137,3272,1,0,0,"zilinsky kraj, cadca",26
126,3130,0,0,0,"nitriansky kraj, levice",45
127,3131,1,0,18,"zilinsky kraj, zilina",40
138,3273,1,0,0,"zilinsky kraj, cadca",24
139,3291,0,0,0,"zahranicie, zahranicie - usa",95
140,3335,1,1,19,"zilinsky kraj, zilina",21
134,3232,1,0,18,"banskobystricky kraj, banska bystrica",83
143,3363,1,0,22,"zilinsky kraj, zilina",14
135,3234,1,0,0,"zilinsky kraj, zilina",67
141,3349,1,0,0,"zilinsky kraj, zilina",38
136,3268,1,1,21,"zilinsky kraj, cadca",76
142,3361,1,1,19,"zilinsky kraj, bytca",69
145,3413,1,0,21,"zilinsky kraj, zilina",67
147,3427,1,1,22,"zilinsky kraj, zilina",19
151,3467,1,1,20,"zilinsky kraj, kysucke nove mesto",71
146,3417,1,0,20,"trnavsky kraj, trnava",41
154,3529,0,1,19,"zilinsky kraj, cadca",95
156,3542,1,0,19,"zilinsky kraj, ruzomberok",74
158,3557,1,0,18,"zilinsky kraj, kysucke nove mesto",40
159,3558,1,0,18,"zahranicie, zahranicie - francuzsko",64
153,3503,1,0,18,"banskobystricky kraj, brezno",79
155,3532,1,1,20,"zilinsky kraj, zilina",55
160,3561,1,0,18,"zilinsky kraj, kysucke nove mesto",31
144,3389,1,0,20,"zilinsky kraj, bytca",69
148,3461,1,0,18,"zilinsky kraj, zilina",17
149,3464,1,0,20,"kosicky kraj, trebisov",62
152,3496,1,0,23,"zilinsky kraj, zilina",72
161,3568,1,0,18,"zilinsky kraj, kysucke nove mesto",81
162,3598,1,1,22,"banskobystricky kraj, brezno",67
165,3719,1,0,0,"zilinsky kraj, kysucke nove mesto",74
157,3554,1,0,18,"zilinsky kraj, zilina",62
167,3784,1,1,19,"trnavsky kraj, sered",14
163,3641,1,0,0,"trenciansky kraj, nove mesto nad vahom",71
166,3776,1,1,20,"trenciansky kraj, nove mesto nad vahom",57
164,3673,1,0,0,"zilinsky kraj, zilina",72
171,3860,1,0,20,"zilinsky kraj, zilina",69
170,3818,1,1,20,"zilinsky kraj, cadca",55
150,3466,1,0,0,"presovsky kraj, humenne",71
168,3792,0,1,32,"trnavsky kraj, hlohovec",64
169,3804,1,1,0,"trnavsky kraj, trnava",76
177,3977,1,0,23,"zilinsky kraj, zilina",66
174,3936,1,0,0,"zilinsky kraj, zilina",12
175,3952,1,1,20,"banskobystricky kraj, banska bystrica",69
178,3979,1,0,0,"trnavsky kraj, trnava",53
176,3969,1,0,20,"zilinsky kraj, martin",76
179,3984,1,0,17,"zilinsky kraj, zilina",74
172,3908,1,1,0,"zilinsky kraj, namestovo",97
180,3991,1,0,17,"trnavsky kraj, trnava",28
182,4078,1,1,16,"banskobystricky kraj, brezno",72
173,3912,0,0,0,"zilinsky kraj, zilina",45
183,4157,1,0,21,"banskobystricky kraj, brezno",71
184,4163,1,0,16,"banskobystricky kraj, brezno",43
181,4020,1,1,20,"trenciansky kraj, prievidza",84
188,4238,1,0,0,"banskobystricky kraj, brezno",22
189,4241,1,1,18,"banskobystricky kraj, brezno",76
192,4294,1,1,20,"nitriansky kraj, nitra",24
193,4296,1,0,17,"nitriansky kraj, nove zamky",16
185,4168,1,0,0,"trenciansky kraj, dubnica nad vahom",59
194,4313,0,1,0,"zilinsky kraj, zilina",62
196,4353,1,0,19,"zilinsky kraj, dolny kubin",34
186,4170,0,0,17,"banskobystricky kraj, brezno",81
195,4321,1,1,19,"zilinsky kraj, cadca",79
197,4362,1,1,0,"zilinsky kraj, cadca",76
187,4213,1,0,21,"zilinsky kraj, kysucke nove mesto",66
190,4287,1,0,20,"banskobystricky kraj, brezno",24
191,4289,1,1,24,"banskobystricky kraj, brezno",71
199,4487,1,0,22,"zahranicie, zahranicie - ostatne",16
200,4502,1,1,19,"zilinsky kraj, turcianske teplice",88
201,4536,1,1,23,"trenciansky kraj, trencin",52
202,4537,1,1,26,"bratislavsky kraj, bratislava - devinska nova ves",12
198,4438,1,0,20,"banskobystricky kraj, banska bystrica",12
209,4671,0,0,0,"zahranicie, zahranicie - gb",53
211,4698,1,0,0,"zilinsky kraj, kysucke nove mesto",24
210,4673,0,0,20,"ceska republika, cz - praha",21
212,4699,1,1,21,"zilinsky kraj, zilina",64
206,4645,1,0,18,"banskobystricky kraj, brezno",71
214,4757,0,1,20,"bratislavsky kraj, bratislava - petrzalka",90
203,4595,1,1,26,"presovsky kraj, poprad",67
213,4705,1,1,0,"zilinsky kraj, zilina",16
204,4597,1,1,18,"zilinsky kraj, cadca",64
205,4598,1,1,0,"zilinsky kraj, cadca",84
207,4651,1,0,0,"zahranicie, zahranicie - ostatne",64
217,4817,0,0,18,"banskobystricky kraj, brezno",76
215,4766,1,0,21,"trnavsky kraj, hlohovec",86
216,4800,1,1,19,"zilinsky kraj, zilina",79
208,4665,1,0,18,"banskobystricky kraj, brezno",33
220,4893,1,1,17,"banskobystricky kraj, brezno",72
221,4917,1,0,24,"banskobystricky kraj, brezno",66
219,4856,1,1,21,"zilinsky kraj, namestovo",64
222,4972,1,1,0,"banskobystricky kraj, brezno",17
218,4830,0,1,18,"zilinsky kraj, zilina",91
223,5002,1,1,20,"banskobystricky kraj, brezno",62
227,5048,0,1,20,"zilinsky kraj, cadca",88
228,5054,1,1,20,"trnavsky kraj, trnava",66
229,5125,1,1,0,"banskobystricky kraj, zvolen",41
230,5129,1,1,21,"banskobystricky kraj, brezno",72
224,5006,1,1,0,"zilinsky kraj, bytca",62
226,5031,1,0,20,"zilinsky kraj, cadca",12
225,5007,1,1,17,"kosicky kraj, kosice - saca",76
231,5142,1,1,25,"zilinsky kraj, zilina",84
232,5145,1,1,18,"zilinsky kraj, zilina",53
233,5249,1,1,25,"trenciansky kraj, puchov",69
234,5309,1,1,35,"bratislavsky kraj, bratislava - nove mesto",60
239,5417,1,1,0,"zilinsky kraj, liptovsky mikulas",79
240,5421,1,0,18,"zilinsky kraj, kysucke nove mesto",22
241,5425,1,1,24,"zilinsky kraj, dolny kubin",64
243,5525,1,1,21,"zilinsky kraj, tvrdosin",59
235,5362,1,0,0,"zilinsky kraj, zilina",34
236,5377,1,1,18,"zilinsky kraj, zilina",74
237,5382,1,0,30,"zilinsky kraj, ruzomberok",95
242,5516,1,0,0,"zilinsky kraj, kysucke nove mesto",47
244,5544,1,0,21,"zahranicie, zahranicie - rakusko",14
238,5386,1,0,18,"zilinsky kraj, zilina",83
246,5599,1,0,18,"zilinsky kraj, cadca",31
245,5548,1,1,21,"banskobystricky kraj, brezno",71
248,5637,1,1,21,"zahranicie, zahranicie - usa",69
249,5638,0,1,20,"zilinsky kraj, tvrdosin",71
247,5626,1,1,20,"zilinsky kraj, dolny kubin",55
251,5792,1,1,19,"bratislavsky kraj, senec",69
252,5852,1,0,21,"banskobystricky kraj, detva",12
253,5867,1,1,0,"bratislavsky kraj, bratislava - stare mesto",86
250,5743,1,0,21,"zahranicie, zahranicie - ostatne",26
254,5889,1,0,19,"zilinsky kraj, cadca",67
255,5895,1,0,19,"zilinsky kraj, zilina",79
258,6032,1,1,16,"zilinsky kraj, dolny kubin",26
260,6062,1,0,18,"banskobystricky kraj, banska bystrica",33
259,6053,1,1,21,"banskobystricky kraj, brezno",52
257,5994,1,1,22,"trnavsky kraj, hlohovec",38
256,5935,1,1,0,"bratislavsky kraj, bratislava - ruzinov",12
261,6067,1,0,18,"banskobystricky kraj, banska bystrica",19
262,6144,1,0,18,"trnavsky kraj, sered",34
264,6228,1,0,0,"bratislavsky kraj, bratislava - stare mesto",62
263,6150,1,0,17,"trnavsky kraj, sered",86
266,6335,1,0,21,"zilinsky kraj, dolny kubin",76
267,6352,1,0,17,"bratislavsky kraj, bratislava - raca",84
268,6366,1,0,22,"zilinsky kraj, cadca",76
265,6298,1,0,18,"trnavsky kraj, sered",76
269,6455,1,0,19,"trnavsky kraj, sered",69
270,6472,1,0,19,"zilinsky kraj, bytca",29
271,6474,1,0,0,"zahranicie, zahranicie - nemecko",22
272,6478,1,0,23,"trenciansky kraj, trencin",98
273,6479,1,0,25,"ceska republika, cz - plzensky kraj",12
275,6577,1,0,20,"zilinsky kraj, bytca",19
276,6587,1,1,21,"kosicky kraj, trebisov",71
277,6596,1,0,18,"trnavsky kraj, hlohovec",29
274,6537,1,1,18,"banskobystricky kraj, brezno",74
283,6677,1,0,23,"zilinsky kraj, namestovo",74
280,6641,1,1,19,"zilinsky kraj, kysucke nove mesto",81
278,6601,1,0,19,"trnavsky kraj, hlohovec",67
281,6658,1,1,0,"zilinsky kraj, zilina",47
279,6630,1,0,18,"zilinsky kraj, turzovka",62
282,6660,1,1,0,"zilinsky kraj, kysucke nove mesto",81
286,6767,1,1,22,"zilinsky kraj, zilina",50
287,6771,1,1,23,"banskobystricky kraj, banska bystrica",79
284,6762,0,0,19,"nitriansky kraj, topolcany",69
290,6839,1,1,19,"banskobystricky kraj, brezno",76
288,6796,0,1,31,"banskobystricky kraj, brezno",60
285,6763,1,1,0,"zilinsky kraj, zilina",83
289,6810,0,1,16,"trenciansky kraj, nemsova",59
294,7067,1,0,15,"presovsky kraj, spisska bela",76
293,7057,1,1,18,"zilinsky kraj, bytca",84
292,7032,1,1,19,"banskobystricky kraj, banska bystrica",38
295,7098,0,0,0,"banskobystricky kraj, rimavska sobota",84
291,7000,1,0,0,"zilinsky kraj, zilina",45
299,7236,1,1,21,"zahranicie, zahranicie - gb",84
296,7210,1,0,18,"banskobystricky kraj, brezno",67
297,7227,1,1,0,"zahranicie, zahranicie - australia",83
302,7295,1,1,21,"zilinsky kraj, cadca",21
303,7311,1,0,0,"banskobystricky kraj, revuca",67
301,7272,1,0,18,"zilinsky kraj, zilina",12
298,7229,1,0,20,"zilinsky kraj, cadca",64
304,7313,1,1,19,"banskobystricky kraj, banska bystrica",69
305,7352,1,1,21,"zilinsky kraj, zilina",67
300,7246,0,1,0,"bratislavsky kraj, bratislava - petrzalka",79
307,7429,1,1,25,"banskobystricky kraj, brezno",62
308,7433,1,0,17,"banskobystricky kraj, brezno",78
309,7436,1,1,16,"banskobystricky kraj, detva",90
310,7459,1,0,18,"zilinsky kraj, zilina",64
306,7358,1,1,0,"zahranicie, zahranicie - francuzsko",16
317,7607,1,1,0,"banskobystricky kraj, brezno",57
315,7556,1,1,17,"presovsky kraj, levoca",72
311,7481,1,0,0,"zahranicie, zahranicie - gb",36
313,7519,1,1,32,"bratislavsky kraj, bratislava - ostatne",12
316,7604,1,0,16,"banskobystricky kraj, brezno",84
319,7661,1,0,0,"zahranicie, zahranicie - francuzsko",12
322,7685,0,0,0,"presovsky kraj, vranov nad toplou",12
318,7644,1,1,0,"zilinsky kraj, zilina",52
312,7516,1,1,0,"presovsky kraj, presov",38
320,7674,1,0,22,"kosicky kraj, kosice - zapad",72
326,7749,1,0,22,"zilinsky kraj, cadca",69
314,7531,1,0,16,"banskobystricky kraj, brezno",74
329,7789,1,0,0,"banskobystricky kraj, brezno",28
321,7678,1,0,0,"nitriansky kraj, levice",76
325,7737,1,0,19,"nitriansky kraj, nove zamky",19
328,7782,1,1,36,"nitriansky kraj, levice",40
327,7768,1,0,0,"zilinsky kraj, kysucke nove mesto",26
330,7805,1,0,21,"zilinsky kraj, cadca",12
331,7810,1,0,23,"banskobystricky kraj, tornala",50
340,7894,1,0,0,"bratislavsky kraj, bratislava - okolie",17
334,7837,0,0,18,"zilinsky kraj, turzovka",24
333,7831,1,1,26,"banskobystricky kraj, brezno",76
332,7815,0,0,0,"zilinsky kraj, cadca",57
323,7722,1,0,22,"presovsky kraj, vranov nad toplou",69
341,7922,1,0,18,"zilinsky kraj, zilina",74
344,7941,0,0,0,"kosicky kraj, gelnica",100
347,7970,1,0,18,"zilinsky kraj, bytca",38
324,7724,1,0,21,"banskobystricky kraj, brezno",72
349,7999,1,1,27,"banskobystricky kraj, rimavska sobota",62
350,8015,1,0,0,"presovsky kraj, spisska bela",45
335,7841,1,1,0,"zahranicie, zahranicie - gb",17
348,7991,1,1,0,"zilinsky kraj, dolny kubin",84
342,7931,1,0,17,"zilinsky kraj, zilina",26
338,7887,1,0,25,"zilinsky kraj, martin",72
345,7949,1,0,20,"zilinsky kraj, dolny kubin",83
343,7933,1,0,20,"nitriansky kraj, nove zamky",72
339,7891,1,0,20,"zilinsky kraj, zilina",83
336,7867,1,0,0,"zilinsky kraj, turcianske teplice",69
337,7871,1,1,0,"zilinsky kraj, martin",67
356,8077,1,0,0,"zilinsky kraj, zilina",14
358,8121,0,0,19,"zilinsky kraj, turzovka",79
357,8089,1,0,0,"zilinsky kraj, ruzomberok",12
353,8066,1,0,19,"zahranicie, zahranicie - australia",79
354,8067,1,1,19,"zahranicie, zahranicie - usa",14
355,8071,1,0,17,"zilinsky kraj, zilina",47
351,8031,1,0,21,"zilinsky kraj, zilina",71
359,8163,1,0,18,"zilinsky kraj, cadca",28
361,8213,1,1,20,"banskobystricky kraj, brezno",74
352,8055,1,0,17,"banskobystricky kraj, brezno",71
346,7966,1,0,0,"zilinsky kraj, martin",19
362,8232,1,0,0,"zilinsky kraj, zilina",16
364,8255,0,0,19,"trnavsky kraj, galanta",79
366,8362,1,0,20,"zilinsky kraj, rajecke teplice",36
365,8350,1,1,0,"zilinsky kraj, cadca",83
369,8433,1,1,21,"zilinsky kraj, zilina",50
360,8174,1,0,0,"zilinsky kraj, turzovka",59
370,8434,1,0,0,"zilinsky kraj, cadca",50
368,8422,1,0,22,"nitriansky kraj, sala",76
367,8413,1,0,3,"zilinsky kraj, zilina",34
371,8463,1,1,19,"zilinsky kraj, zilina",69
363,8246,1,1,20,"zilinsky kraj, cadca",40
375,8541,1,1,20,"banskobystricky kraj, banska stiavnica",59
379,8611,1,0,19,"zilinsky kraj, bytca",64
372,8467,1,1,22,"zilinsky kraj, cadca",16
376,8558,1,0,0,"bratislavsky kraj, bratislava - raca",76
373,8514,1,1,19,"trenciansky kraj, partizanske",97
380,8643,1,1,23,"zilinsky kraj, cadca",67
378,8609,1,0,0,"zilinsky kraj, zilina",84
377,8580,1,0,18,"zilinsky kraj, zilina",69
384,8668,1,1,0,"zahranicie, zahranicie - francuzsko",24
374,8521,1,1,0,"trnavsky kraj, leopoldov",24
387,8810,1,1,18,"zilinsky kraj, krasno nad kysucou",81
381,8646,1,1,23,"zilinsky kraj, cadca",48
382,8647,1,0,19,"zilinsky kraj, turzovka",69
388,8824,1,0,16,"zilinsky kraj, namestovo",100
383,8651,1,1,21,"bratislavsky kraj, stupava",93
389,8844,1,1,18,"zilinsky kraj, cadca",72
391,8885,1,0,0,"banskobystricky kraj, banska bystrica",17
395,8898,1,1,19,"zilinsky kraj, cadca",64
396,8899,1,0,19,"zilinsky kraj, cadca",55
390,8876,1,0,18,"banskobystricky kraj, brezno",38
392,8890,1,1,23,"banskobystricky kraj, brezno",72
397,8934,1,0,17,"zahranicie, zahranicie - usa",36
393,8893,1,0,19,"zilinsky kraj, cadca",74
394,8894,1,1,20,"banskobystricky kraj, brezno",50
385,8789,1,1,22,"zilinsky kraj, bytca",41
386,8790,1,1,0,"zahranicie, zahranicie - ostatne",26
398,8969,1,1,23,"banskobystricky kraj, banska bystrica",66
401,9093,1,0,21,"banskobystricky kraj, brezno",66
399,8999,1,1,20,"banskobystricky kraj, brezno",72
402,9170,1,1,25,"banskobystricky kraj, brezno",60
400,9060,0,1,26,"trnavsky kraj, trnava",76
404,9227,1,0,20,"banskobystricky kraj, brezno",14
403,9205,1,1,21,"banskobystricky kraj, brezno",76
408,9322,1,0,0,"zilinsky kraj, cadca",72
409,9325,1,1,23,"zilinsky kraj, cadca",14
405,9250,1,0,20,"zahranicie, zahranicie - australia",60
410,9364,1,0,18,"banskobystricky kraj, brezno",43
413,9423,1,0,20,"banskobystricky kraj, brezno",78
412,9383,1,0,19,"zilinsky kraj, cadca",72
411,9370,1,0,19,"banskobystricky kraj, brezno",66
406,9294,1,0,16,"trenciansky kraj, nove mesto nad vahom",90
407,9313,1,1,19,"zilinsky kraj, zilina",81
414,9432,1,1,19,"zilinsky kraj, turzovka",24
415,9602,1,0,0,"zilinsky kraj, zilina",48
416,9604,1,0,19,"zahranicie, zahranicie - gb",64
417,9610,1,0,25,"presovsky kraj, poprad",66
419,9698,1,1,35,"banskobystricky kraj, lucenec",69
418,9624,1,0,18,"zilinsky kraj, zilina",53
421,9754,1,1,23,"zilinsky kraj, zilina",74
420,9716,1,1,18,"nitriansky kraj, hurbanovo",76
422,9827,1,0,20,"kosicky kraj, trebisov",64
423,9855,1,1,19,"banskobystricky kraj, brezno",47
424,9914,1,1,17,"zilinsky kraj, zilina",76
427,10042,1,0,19,"presovsky kraj, poprad",64
428,10043,1,0,20,"nitriansky kraj, nove zamky",48
431,10101,1,1,0,"banskobystricky kraj, brezno",66
429,10088,1,0,21,"banskobystricky kraj, brezno",14
434,10187,1,0,0,"zilinsky kraj, bytca",78
430,10093,1,1,18,"banskobystricky kraj, hrinova",67
425,9957,0,1,0,"presovsky kraj, presov",41
433,10181,1,1,21,"zilinsky kraj, cadca",12
426,9960,1,1,18,"banskobystricky kraj, banska bystrica",48
437,10213,1,0,20,"banskobystricky kraj, krupina",69
435,10195,0,0,0,"zahranicie, zahranicie - gb",34
436,10197,1,0,17,"presovsky kraj, spisska bela",88
439,10301,1,0,24,"banskobystricky kraj, brezno",79
441,10372,1,1,22,"nitriansky kraj, zlate moravce",74
442,10375,1,1,21,"banskobystricky kraj, hnusta",53
440,10348,1,1,19,"banskobystricky kraj, banska bystrica",57
432,10163,1,1,0,"kosicky kraj, kosice - zapad",69
444,10447,1,0,21,"banskobystricky kraj, banska bystrica",71
445,10487,0,0,16,"bratislavsky kraj, bratislava - nove mesto",29
438,10270,1,0,17,"zahranicie, zahranicie - gb",76
443,10390,1,1,24,"banskobystricky kraj, brezno",64
446,10505,1,1,0,"zilinsky kraj, cadca",36
447,10544,1,1,33,"zilinsky kraj, ruzomberok",12
451,10711,1,1,21,"zilinsky kraj, cadca",79
449,10586,1,0,21,"trenciansky kraj, prievidza",47
452,10725,1,1,18,"zilinsky kraj, cadca",43
453,10761,1,0,21,"zilinsky kraj, cadca",78
454,10762,1,1,22,"zilinsky kraj, cadca",71
448,10574,1,0,0,"zilinsky kraj, turzovka",21
450,10679,0,1,54,"banskobystricky kraj, nova bana",21
455,10857,1,0,0,"banskobystricky kraj, brezno",86
458,10966,1,1,19,"banskobystricky kraj, brezno",66
457,10932,1,1,0,"zilinsky kraj, cadca",81
459,11059,1,0,18,"banskobystricky kraj, brezno",72
456,10905,1,1,23,"presovsky kraj, spisska bela",72
464,11151,1,0,20,"zilinsky kraj, cadca",81
462,11118,0,1,20,"presovsky kraj, levoca",86
465,11170,1,0,21,"banskobystricky kraj, brezno",50
463,11123,1,1,18,"nitriansky kraj, nove zamky",83
460,11095,1,0,19,"trnavsky kraj, piestany",19
461,11107,1,0,0,"banskobystricky kraj, brezno",78
468,11236,0,1,0,"nitriansky kraj, nitra",52
469,11300,0,1,19,"kosicky kraj, spisska nova ves",28
470,11320,1,1,19,"zilinsky kraj, zilina",40
473,11359,1,0,17,"zilinsky kraj, cadca",72
467,11235,1,1,0,"nitriansky kraj, vrable",22
476,11446,0,0,15,"trenciansky kraj, povazska bystrica",100
477,11450,1,0,0,"trenciansky kraj, trencin",12
471,11337,1,0,18,"banskobystricky kraj, zvolen",79
472,11338,1,0,18,"banskobystricky kraj, velky krtis",33
478,11453,1,1,0,"presovsky kraj, presov",78
474,11424,1,1,28,"zilinsky kraj, martin",72
466,11220,1,0,21,"banskobystricky kraj, brezno",66
480,11571,1,0,19,"zilinsky kraj, zilina",21
475,11430,0,0,0,"kosicky kraj, michalovce",71
482,11645,1,0,0,"zahranicie, zahranicie - usa",28
484,11718,0,1,0,"zilinsky kraj, ruzomberok",48
485,11733,1,0,0,"zilinsky kraj, cadca",67
483,11712,1,1,20,"zilinsky kraj, trstena",36
479,11534,1,0,18,"zilinsky kraj, zilina",47
481,11638,1,0,22,"zilinsky kraj, kysucke nove mesto",36
486,11874,1,0,0,"ceska republika, cz - zlinsky kraj",14
487,11875,1,0,19,"zilinsky kraj, martin",12
488,11932,0,1,23,"zilinsky kraj, namestovo",17
489,11936,1,0,20,"zilinsky kraj, namestovo",16
490,11938,1,0,21,"zilinsky kraj, martin",48
493,12020,1,0,21,"zilinsky kraj, zilina",64
496,12049,1,0,21,"zilinsky kraj, bytca",59
494,12022,1,0,17,"zilinsky kraj, turzovka",72
495,12043,1,0,18,"zilinsky kraj, zilina",72
497,12056,1,0,19,"zilinsky kraj, cadca",79
498,12086,1,1,19,"kosicky kraj, michalovce",71
491,11951,0,0,16,"zahranicie, zahranicie - usa",95
500,12154,0,0,18,"banskobystricky kraj, lucenec",84
492,11954,1,0,20,"nitriansky kraj, levice",67
503,12170,1,0,0,"zilinsky kraj, cadca",12
505,12198,0,1,0,"kosicky kraj, kosice - okolie",41
499,12134,0,0,0,"zilinsky kraj, bytca",17
504,12185,1,0,18,"zilinsky kraj, cadca",57
501,12159,0,0,19,"banskobystricky kraj, ziar nad hronom",74
507,12241,1,1,18,"trnavsky kraj, senica",16
502,12165,1,0,0,"zahranicie, zahranicie - ostatne",69
509,12289,1,0,19,"zilinsky kraj, ruzomberok",71
506,12210,1,0,18,"zilinsky kraj, zilina",67
508,12264,1,0,0,"banskobystricky kraj, velky krtis",28
510,12393,1,0,19,"zahranicie, zahranicie - kanada",45
512,12427,1,0,19,"zilinsky kraj, zilina",86
511,12418,1,0,19,"zilinsky kraj, cadca",26
517,12490,1,1,19,"zilinsky kraj, martin",71
518,12557,1,0,20,"zilinsky kraj, cadca",59
521,12601,1,1,19,"zilinsky kraj, zilina",71
514,12449,1,1,16,"zilinsky kraj, kysucke nove mesto",62
513,12434,1,0,23,"zilinsky kraj, zilina",62
522,12602,1,0,19,"zahranicie, zahranicie - usa",28
523,12603,1,0,19,"zilinsky kraj, martin",33
515,12475,1,0,20,"zilinsky kraj, martin",22
525,12708,1,0,17,"zilinsky kraj, zilina",60
524,12623,1,1,20,"banskobystricky kraj, revuca",66
516,12480,1,1,19,"zilinsky kraj, turcianske teplice",74
528,12766,1,1,21,"zilinsky kraj, vrutky",84
519,12582,1,1,21,"zahranicie, zahranicie - ostatne",66
520,12583,1,0,0,"zilinsky kraj, martin",55
530,12781,1,0,19,"zilinsky kraj, martin",12
526,12739,1,0,22,"trnavsky kraj, hlohovec",66
529,12768,1,1,17,"zilinsky kraj, bytca",69
533,12815,1,0,19,"trenciansky kraj, povazska bystrica",12
534,12829,1,1,18,"zilinsky kraj, bytca",67
527,12763,1,1,0,"zilinsky kraj, tvrdosin",22
531,12789,1,0,18,"zilinsky kraj, turzovka",67
539,12924,1,1,0,"zahranicie, zahranicie - ostatne",66
536,12858,1,0,0,"bratislavsky kraj, bratislava - stare mesto",62
532,12793,1,0,16,"zilinsky kraj, turzovka",62
537,12889,1,1,25,"banskobystricky kraj, rimavska sobota",50
538,12890,0,1,26,"presovsky kraj, presov",83
542,12993,1,1,20,"zahranicie, zahranicie - kanada",72
540,12930,1,0,0,"zahranicie, zahranicie - ostatne",17
543,13001,1,1,0,"zilinsky kraj, turzovka",64
544,13056,1,0,18,"zilinsky kraj, zilina",26
535,12854,0,0,19,"zilinsky kraj, cadca",40
545,13100,1,0,17,"zilinsky kraj, rajec",69
547,13136,1,1,22,"zilinsky kraj, zilina",12
549,13208,1,1,20,"zilinsky kraj, zilina",69
548,13174,1,1,0,"zilinsky kraj, zilina",21
550,13222,1,0,20,"zilinsky kraj, zilina",84
541,12967,0,0,18,"zahranicie, zahranicie - ostatne",86
546,13102,1,0,19,"bratislavsky kraj, bratislava - raca",78
553,13337,1,0,17,"trnavsky kraj, senica",57
555,13381,1,1,0,"banskobystricky kraj, rimavska sobota",21
552,13313,1,1,20,"trnavsky kraj, trnava",72
556,13422,1,0,18,"zilinsky kraj, zilina",71
554,13343,1,1,18,"zilinsky kraj, cadca",78
551,13283,1,0,19,"zilinsky kraj, zilina",14
558,13474,0,1,0,"zahranicie, zahranicie - ostatne",12
561,13579,1,1,18,"zilinsky kraj, bytca",67
562,13613,1,0,0,"trnavsky kraj, sastin-straze",78
559,13538,1,1,0,"presovsky kraj, presov",47
557,13467,1,1,25,"trnavsky kraj, senica",72
564,13633,1,1,28,"zilinsky kraj, cadca",69
565,13648,1,1,21,"zilinsky kraj, rajecke teplice",60
563,13615,1,0,20,"ceska republika, cz - zlinsky kraj",72
567,13717,1,1,21,"trnavsky kraj, trnava",69
568,13743,1,0,17,"banskobystricky kraj, rimavska sobota",12
560,13554,1,0,20,"zahranicie, zahranicie - ostatne",72
571,13817,1,1,19,"zilinsky kraj, bytca",81
573,13847,1,1,24,"banskobystricky kraj, rimavska sobota",72
566,13704,1,0,0,"zilinsky kraj, zilina",64
574,13851,1,1,20,"banskobystricky kraj, rimavska sobota",72
572,13837,1,1,24,"banskobystricky kraj, rimavska sobota",69
569,13808,1,1,0,"trenciansky kraj, povazska bystrica",26
570,13813,1,1,20,"zahranicie, zahranicie - ostatne",60
575,13941,1,1,18,"zilinsky kraj, zilina",74
577,14051,1,0,21,"trenciansky kraj, povazska bystrica",14
578,14131,1,1,0,"zilinsky kraj, zilina",43
576,13944,1,0,0,"banskobystricky kraj, rimavska sobota",45
581,14209,1,1,21,"trenciansky kraj, brezova pod bradlom",69
579,14152,1,1,22,"trenciansky kraj, prievidza",67
580,14203,1,1,0,"zilinsky kraj, cadca",60
586,14296,1,1,0,"trenciansky kraj, povazska bystrica",59
589,14326,1,1,17,"kosicky kraj, kosice - juh",78
582,14267,1,1,0,"trenciansky kraj, ilava",67
588,14318,1,0,20,"zilinsky kraj, cadca",50
583,14274,1,0,0,"zilinsky kraj, zilina",24
584,14275,1,0,18,"zilinsky kraj, zilina",76
590,14339,1,1,0,"zahranicie, zahranicie - ostatne",76
591,14389,1,1,21,"zilinsky kraj, zilina",71
585,14280,1,0,21,"zilinsky kraj, trstena",50
587,14302,0,1,0,"presovsky kraj, poprad",53
592,14440,1,1,27,"zilinsky kraj, zilina",71
593,14455,1,0,0,"zilinsky kraj, zilina",50
595,14689,1,0,19,"zilinsky kraj, zilina",22
596,14716,1,0,23,"banskobystricky kraj, zvolen",83
594,14501,1,1,18,"zilinsky kraj, zilina",31
600,14853,1,1,24,"presovsky kraj, poprad",71
598,14774,1,1,0,"presovsky kraj, humenne",69
602,14941,1,0,17,"zilinsky kraj, zilina",81
603,14942,1,1,18,"zilinsky kraj, zilina",12
597,14744,1,0,0,"zilinsky kraj, bytca",67
601,14930,1,0,19,"nitriansky kraj, sala",71
599,14784,1,1,0,"zilinsky kraj, zilina",84
606,15068,1,0,20,"zilinsky kraj, zilina",12
608,15086,1,1,16,"zilinsky kraj, namestovo",79
610,15154,1,1,26,"zilinsky kraj, zilina",67
604,15022,1,1,19,"zilinsky kraj, bytca",71
607,15075,1,1,0,"trnavsky kraj, leopoldov",72
605,15026,1,1,19,"zilinsky kraj, zilina",12
611,15165,1,0,0,"zilinsky kraj, rajec",16
609,15101,1,1,20,"zilinsky kraj, bytca",79
612,15179,1,0,20,"zilinsky kraj, cadca",79
616,15247,1,0,0,"zilinsky kraj, zilina",24
613,15208,1,0,18,"nitriansky kraj, komarno",93
621,15304,1,0,18,"zilinsky kraj, rajecke teplice",22
622,15306,1,1,0,"zilinsky kraj, zilina",84
620,15294,1,0,19,"zilinsky kraj, zilina",60
617,15251,1,0,17,"zilinsky kraj, zilina",45
625,15333,1,1,27,"bratislavsky kraj, bratislava - petrzalka",93
618,15253,1,0,19,"zilinsky kraj, bytca",22
614,15229,1,1,0,"banskobystricky kraj, banska stiavnica",69
626,15347,1,1,23,"zilinsky kraj, zilina",78
615,15236,1,1,19,"zilinsky kraj, zilina",74
627,15369,1,0,0,"zilinsky kraj, zilina",69
623,15326,1,0,21,"banskobystricky kraj, kremnica",26
624,15327,1,1,0,"banskobystricky kraj, zvolen",67
630,15445,1,0,0,"zilinsky kraj, bytca",31
628,15379,1,0,17,"zilinsky kraj, zilina",88
619,15268,1,1,20,"trnavsky kraj, hlohovec",72
631,15531,1,1,22,"trenciansky kraj, trencin",100
629,15385,1,1,19,"zilinsky kraj, zilina",79
633,15662,1,1,19,"zilinsky kraj, zilina",12
632,15641,1,0,0,"zilinsky kraj, namestovo",52
637,15739,1,0,19,"zilinsky kraj, zilina",74
634,15705,1,1,0,"trenciansky kraj, povazska bystrica",72
639,15758,1,1,18,"zilinsky kraj, zilina",74
636,15732,1,1,0,"zilinsky kraj, rajec",76
638,15750,1,1,20,"zilinsky kraj, zilina",76
640,15793,1,1,0,"zilinsky kraj, zilina",69
635,15719,1,0,19,"zilinsky kraj, trstena",71
641,15836,1,0,21,"banskobystricky kraj, banska bystrica",19
644,16041,1,1,18,"trenciansky kraj, povazska bystrica",60
646,16099,1,1,22,"zahranicie, zahranicie - ostatne",69
642,15974,1,1,17,"zilinsky kraj, zilina",69
645,16050,1,1,21,"trnavsky kraj, sladkovicovo",72
643,16017,1,1,0,"zilinsky kraj, zilina",74
648,16248,1,1,0,"zilinsky kraj, namestovo",72
647,16168,1,1,44,"zilinsky kraj, martin",74
651,16355,1,1,17,"zilinsky kraj, zilina",84
653,16412,1,1,19,"banskobystricky kraj, banska bystrica",57
649,16315,1,1,21,"zilinsky kraj, cadca",59
650,16331,1,1,22,"trnavsky kraj, hlohovec",50
658,16503,1,1,22,"zilinsky kraj, namestovo",71
657,16489,1,1,0,"bratislavsky kraj, bratislava - karlova ves",60
660,16546,1,1,25,"zilinsky kraj, zilina",14
655,16476,1,0,0,"nitriansky kraj, sahy",71
656,16485,1,1,18,"zilinsky kraj, zilina",81
652,16410,1,0,0,"zilinsky kraj, zilina",66
659,16545,1,1,29,"banskobystricky kraj, velky krtis",12
664,16697,0,1,19,"zilinsky kraj, trstena",72
666,16727,1,1,31,"presovsky kraj, sabinov",74
663,16687,1,1,21,"nitriansky kraj, nove zamky",38
665,16717,1,1,0,"zilinsky kraj, turzovka",74
661,16571,1,1,0,"zilinsky kraj, zilina",76
662,16587,1,1,0,"zilinsky kraj, turzovka",72
654,16468,1,1,28,"bratislavsky kraj, bratislava - ostatne",40
667,16772,1,1,0,"nitriansky kraj, nitra",71
670,16847,1,1,20,"banskobystricky kraj, banska bystrica",84
671,16876,1,1,19,"trenciansky kraj, povazska bystrica",64
668,16780,1,1,22,"trenciansky kraj, povazska bystrica",67
669,16791,1,0,20,"zilinsky kraj, zilina",12
675,16952,1,0,0,"zilinsky kraj, zilina",55
672,16890,1,1,22,"presovsky kraj, presov",50
676,16985,1,1,18,"zilinsky kraj, cadca",88
674,16949,1,0,0,"trenciansky kraj, trencin",59
678,17078,1,0,22,"trenciansky kraj, nove mesto nad vahom",90
679,17116,1,1,22,"banskobystricky kraj, velky krtis",79
673,16935,1,1,26,"zilinsky kraj, dolny kubin",60
677,17055,1,1,21,"zilinsky kraj, bytca",72
681,17215,1,1,19,"nitriansky kraj, surany",55
685,17302,1,1,0,"zilinsky kraj, cadca",76
686,17341,1,1,19,"zilinsky kraj, cadca",66
684,17287,1,0,0,"zilinsky kraj, zilina",57
680,17169,1,1,17,"zilinsky kraj, turzovka",74
682,17235,1,1,24,"banskobystricky kraj, banska bystrica",71
683,17256,1,1,0,"zilinsky kraj, namestovo",76
688,17479,1,1,19,"trenciansky kraj, povazska bystrica",66
689,17484,1,1,0,"zilinsky kraj, namestovo",66
691,17526,1,1,31,"zilinsky kraj, cadca",53
690,17486,1,0,21,"trenciansky kraj, puchov",66
687,17437,1,1,29,"zilinsky kraj, bytca",69
692,17644,1,1,0,"presovsky kraj, poprad",62
693,17650,1,1,21,"trenciansky kraj, trencin",64
694,17705,1,0,18,"zilinsky kraj, cadca",48
696,17732,1,0,19,"zilinsky kraj, zilina",66
695,17711,1,1,0,"zilinsky kraj, zilina",64
697,17751,1,1,20,"kosicky kraj, kosice - okolie",64
699,17824,1,0,23,"trenciansky kraj, povazska bystrica",12
701,17904,1,0,18,"zilinsky kraj, kysucke nove mesto",52
698,17786,1,0,18,"zilinsky kraj, cadca",33
703,18005,1,1,20,"zilinsky kraj, bytca",67
704,18032,1,0,0,"zilinsky kraj, zilina",12
705,18048,1,0,19,"zilinsky kraj, zilina",74
707,18077,1,1,19,"trenciansky kraj, prievidza",71
706,18053,1,0,22,"zilinsky kraj, cadca",67
708,18095,1,0,19,"zahranicie, zahranicie - ostatne",26
700,17848,1,0,0,"zilinsky kraj, zilina",81
702,17954,1,1,17,"zilinsky kraj, turzovka",76
709,18166,1,0,19,"zilinsky kraj, zilina",21
710,18170,1,0,19,"trenciansky kraj, puchov",88
712,18258,1,0,16,"zilinsky kraj, bytca",83
713,18260,1,1,0,"zilinsky kraj, zilina",64
718,18318,1,0,0,"zilinsky kraj, cadca",81
719,18319,1,1,21,"zilinsky kraj, bytca",71
716,18290,1,1,23,"zilinsky kraj, namestovo",81
720,18343,1,0,16,"zilinsky kraj, turzovka",38
715,18283,1,1,0,"zilinsky kraj, cadca",84
723,18392,1,1,22,"zahranicie, zahranicie - ostatne",41
722,18369,1,1,23,"trenciansky kraj, dubnica nad vahom",62
714,18269,1,1,0,"zilinsky kraj, turzovka",83
721,18359,1,0,0,"zilinsky kraj, dolny kubin",60
717,18307,1,1,25,"zilinsky kraj, namestovo",76
711,18255,1,1,0,"zilinsky kraj, zilina",81
724,18497,1,1,21,"zilinsky kraj, namestovo",43
725,18503,1,0,19,"zilinsky kraj, namestovo",71
726,18605,1,0,17,"zilinsky kraj, zilina",21
729,18651,1,0,19,"zilinsky kraj, martin",60
728,18621,1,0,0,"zilinsky kraj, dolny kubin",72
735,18721,1,0,19,"banskobystricky kraj, detva",67
730,18660,1,1,24,"zilinsky kraj, cadca",74
727,18608,1,1,0,"zilinsky kraj, zilina",66
731,18673,1,0,29,"bratislavsky kraj, bratislava - petrzalka",79
732,18675,1,1,15,"zilinsky kraj, turcianske teplice",81
733,18703,1,0,0,"nitriansky kraj, topolcany",76
734,18705,1,1,28,"zilinsky kraj, zilina",76
737,18786,0,1,18,"presovsky kraj, presov",64
738,18803,1,0,27,"banskobystricky kraj, banska bystrica",22
736,18761,1,0,16,"zilinsky kraj, namestovo",91
740,18852,1,1,19,"zilinsky kraj, turzovka",59
739,18810,1,1,59,"banskobystricky kraj, zvolen",22
742,18951,1,0,21,"zilinsky kraj, namestovo",57
741,18910,1,0,18,"zilinsky kraj, zilina",64
745,19007,1,1,18,"ceska republika, cz - ostravsky kraj",74
746,19069,1,1,19,"kosicky kraj, secovce",81
744,18996,1,0,17,"zilinsky kraj, cadca",91
747,19082,1,0,18,"zahranicie, zahranicie - ostatne",19
749,19113,0,1,26,"nitriansky kraj, nitra",55
750,19171,0,0,0,"zahranicie, zahranicie - ostatne",71
751,19172,1,0,16,"zilinsky kraj, zilina",88
743,18986,1,0,18,"zilinsky kraj, namestovo",26
752,19232,0,1,0,"zahranicie, zahranicie - ostatne",24
757,19292,1,0,0,"zahranicie, zahranicie - usa",62
754,19280,1,0,0,"zilinsky kraj, cadca",81
755,19281,1,1,0,"zahranicie, zahranicie - ostatne",47
758,19299,1,1,0,"zilinsky kraj, zilina",72
760,19352,1,0,17,"zilinsky kraj, namestovo",86
761,19353,1,0,15,"zilinsky kraj, namestovo",84
759,19310,1,1,18,"zilinsky kraj, zilina",64
753,19255,1,1,0,"zilinsky kraj, turzovka",67
763,19385,1,1,0,"trnavsky kraj, trnava",76
756,19289,1,1,0,"zilinsky kraj, cadca",88
765,19430,1,0,17,"zilinsky kraj, turzovka",86
768,19457,1,1,18,"zahranicie, zahranicie - kanada",74
762,19380,1,1,22,"zilinsky kraj, cadca",69
766,19434,1,1,21,"banskobystricky kraj, lucenec",66
748,19092,1,1,0,"trenciansky kraj, povazska bystrica",62
769,19459,1,0,0,"zilinsky kraj, rajec",62
767,19438,1,1,17,"zilinsky kraj, namestovo",69
764,19424,1,0,19,"zilinsky kraj, zilina",79
772,19623,1,1,20,"zilinsky kraj, zilina",69
771,19614,1,1,21,"zilinsky kraj, bytca",69
770,19541,1,1,19,"zilinsky kraj, turzovka",86
774,19697,1,1,24,"zilinsky kraj, zilina",71
773,19672,1,0,19,"zilinsky kraj, namestovo",55
780,19818,1,0,14,"zilinsky kraj, namestovo",59
777,19793,1,1,19,"zilinsky kraj, namestovo",83
781,19822,1,1,19,"zilinsky kraj, namestovo",84
783,19833,1,0,17,"zilinsky kraj, cadca",14
775,19720,1,1,22,"zilinsky kraj, liptovsky mikulas",12
782,19825,1,1,19,"zilinsky kraj, dolny kubin",57
778,19810,0,1,0,"bratislavsky kraj, bratislava - ostatne",12
779,19812,1,1,20,"zilinsky kraj, zilina",16
785,19865,1,1,19,"zilinsky kraj, bytca",64
776,19734,1,1,19,"zilinsky kraj, trstena",71
784,19840,1,1,22,"kosicky kraj, kosice - dargovskych hrdinov",62
786,20088,1,1,26,"zilinsky kraj, zilina",71
788,20135,1,1,0,"kosicky kraj, kosice - okolie",57
787,20109,1,1,21,"zilinsky kraj, liptovsky hradok",71
789,20192,1,0,19,"banskobystricky kraj, lucenec",71
790,20221,1,0,20,"zilinsky kraj, zilina",34
791,20232,1,1,0,"zahranicie, zahranicie - ostatne",60
792,20233,1,0,0,"zilinsky kraj, zilina",84
793,20235,1,1,22,"banskobystricky kraj, krupina",81
796,20334,1,1,17,"zilinsky kraj, turzovka",90
799,20372,1,0,21,"nitriansky kraj, vrable",90
794,20293,1,0,0,"trenciansky kraj, myjava",71
797,20346,0,0,0,"bratislavsky kraj, bratislava - raca",12
798,20369,0,1,22,"zahranicie, zahranicie - kanada",78
802,20418,1,0,19,"banskobystricky kraj, lucenec",28
803,20419,1,0,0,"zilinsky kraj, cadca",74
800,20384,1,1,22,"kosicky kraj, kosice - stare mesto",12
804,20433,1,0,0,"zilinsky kraj, zilina",83
801,20410,1,1,0,"zilinsky kraj, zilina",62
795,20324,1,1,25,"zilinsky kraj, cadca",67
806,20558,1,1,17,"zilinsky kraj, zilina",90
805,20531,1,0,20,"zilinsky kraj, cadca",72
807,20563,1,0,23,"zilinsky kraj, zilina",71
809,20664,1,0,18,"zilinsky kraj, cadca",24
808,20647,1,0,0,"zilinsky kraj, zilina",91
810,20722,1,1,24,"banskobystricky kraj, brezno",36
812,20851,1,0,24,"ceska republika, cz - liberecky kraj",71
813,20903,1,0,19,"zilinsky kraj, rajecke teplice",72
814,20907,1,0,22,"trenciansky kraj, povazska bystrica",72
818,21001,1,0,17,"trenciansky kraj, trencin",16
819,21003,1,1,16,"bratislavsky kraj, bratislava - ruzinov",62
820,21021,1,1,19,"nitriansky kraj, zlate moravce",86
811,20849,1,0,39,"presovsky kraj, stara lubovna",12
815,20925,1,0,18,"presovsky kraj, svidnik",66
816,20932,1,1,0,"trenciansky kraj, bojnice",12
821,21042,1,1,23,"presovsky kraj, spisska stara ves",62
822,21043,1,0,0,"presovsky kraj, stara lubovna",62
817,21000,1,1,18,"nitriansky kraj, nove zamky",62
824,21111,1,0,19,"presovsky kraj, sabinov",22
826,21167,1,1,0,"banskobystricky kraj, tornala",72
827,21220,1,0,18,"zilinsky kraj, tvrdosin",14
828,21221,1,1,0,"zilinsky kraj, zilina",14
823,21074,1,0,0,"zilinsky kraj, cadca",52
829,21261,0,0,19,"trenciansky kraj, novaky",91
831,21346,1,0,16,"trnavsky kraj, piestany",83
832,21392,1,1,0,"zahranicie, zahranicie - nemecko",16
825,21135,1,1,24,"presovsky kraj, spisska stara ves",66
833,21430,1,0,0,"zahranicie, zahranicie - gb",74
830,21283,1,1,21,"bratislavsky kraj, bratislava - dubravka",78
834,21432,1,0,0,"trenciansky kraj, prievidza",79
837,21556,0,0,22,"trenciansky kraj, prievidza",78
838,21576,1,1,0,"nitriansky kraj, sahy",78
836,21538,0,0,19,"trenciansky kraj, novaky",12
835,21508,1,1,27,"nitriansky kraj, zlate moravce",60
840,21617,1,0,20,"presovsky kraj, spisska stara ves",67
843,21661,1,0,20,"zilinsky kraj, zilina",64
841,21618,1,0,18,"presovsky kraj, stara lubovna",26
844,21721,1,1,25,"bratislavsky kraj, bratislava - petrzalka",14
845,21751,0,1,0,"trenciansky kraj, prievidza",45
847,21770,1,1,19,"nitriansky kraj, nitra",79
846,21758,1,0,17,"trenciansky kraj, povazska bystrica",12
849,21826,1,0,0,"zilinsky kraj, bytca",47
850,21827,1,0,19,"zilinsky kraj, namestovo",83
842,21660,1,0,0,"bratislavsky kraj, bratislava - okolie",16
848,21806,1,1,0,"trenciansky kraj, nove mesto nad vahom",17
851,21828,1,0,18,"zilinsky kraj, dolny kubin",33
853,21965,1,0,15,"zilinsky kraj, bytca",79
839,21615,1,1,21,"presovsky kraj, poprad",67
852,21907,1,1,20,"ceska republika, cz - stredni cechy",60
856,21982,1,1,28,"zahranicie, zahranicie - ostatne",33
854,21970,1,0,21,"zahranicie, zahranicie - rakusko",67
857,21984,1,1,0,"zahranicie, zahranicie - ostatne",74
855,21971,1,0,20,"presovsky kraj, presov",17
860,22085,1,0,27,"bratislavsky kraj, bratislava - dubravka",16
858,21988,1,0,0,"presovsky kraj, presov",60
864,22146,1,0,20,"zilinsky kraj, zilina",78
861,22120,1,0,0,"zilinsky kraj, zilina",66
866,22223,1,0,19,"zilinsky kraj, zilina",26
865,22179,1,1,0,"bratislavsky kraj, bratislava - stare mesto",52
867,22234,1,0,17,"bratislavsky kraj, bratislava - ruzinov",76
859,22048,1,1,18,"zilinsky kraj, zilina",21
862,22128,1,0,0,"zilinsky kraj, cadca",72
871,22292,1,1,21,"bratislavsky kraj, bratislava - devinska nova ves",93
874,22324,1,0,0,"zilinsky kraj, zilina",57
870,22288,1,0,0,"zahranicie, zahranicie - ostatne",76
872,22295,0,0,0,"zahranicie, zahranicie - ostatne",86
863,22137,1,0,0,"banskobystricky kraj, lucenec",12
868,22255,1,1,22,"nitriansky kraj, nove zamky",19
869,22260,0,1,20,"zahranicie, zahranicie - kanada",69
875,22415,1,0,0,"zilinsky kraj, cadca",59
876,22438,1,0,18,"zilinsky kraj, zilina",12
873,22318,1,1,19,"zilinsky kraj, rajec",47
879,22562,1,0,47,"zilinsky kraj, zilina",72
877,22468,1,1,19,"banskobystricky kraj, zvolen",57
878,22470,1,1,21,"bratislavsky kraj, bratislava - devinska nova ves",74
880,22606,1,0,0,"zilinsky kraj, zilina",17
882,22622,1,1,0,"zilinsky kraj, zilina",69
884,22701,1,1,23,"nitriansky kraj, nitra",29
883,22687,1,0,19,"zilinsky kraj, martin",21
881,22614,1,1,23,"presovsky kraj, vranov nad toplou",84
885,22761,1,1,19,"zilinsky kraj, zilina",64
888,22827,1,1,17,"zilinsky kraj, liptovsky mikulas",78
889,22829,1,1,0,"zahranicie, zahranicie - francuzsko",86
890,22871,1,0,20,"zilinsky kraj, krasno nad kysucou",12
886,22783,1,1,0,"zahranicie, zahranicie - gb",24
893,22932,1,1,0,"banskobystricky kraj, rimavska sobota",50
887,22813,1,1,0,"presovsky kraj, bardejov",86
894,22964,1,1,0,"banskobystricky kraj, banska stiavnica",71
891,22917,1,0,15,"nitriansky kraj, levice",79
892,22918,1,0,18,"zilinsky kraj, cadca",31
895,23031,1,0,19,"zilinsky kraj, bytca",81
896,23121,1,1,21,"bratislavsky kraj, bratislava - karlova ves",71
897,23122,1,1,24,"zilinsky kraj, zilina",67
898,23129,1,1,32,"zilinsky kraj, zilina",50
899,23156,1,1,20,"banskobystricky kraj, hrinova",67
900,23259,1,0,18,"banskobystricky kraj, banska stiavnica",66
903,23304,1,1,18,"zilinsky kraj, vrutky",86
901,23284,1,0,18,"zilinsky kraj, zilina",78
902,23286,1,0,19,"zilinsky kraj, bytca",17
905,23361,1,1,17,"zilinsky kraj, zilina",86
908,23405,1,0,21,"presovsky kraj, presov",62
904,23323,1,0,0,"trnavsky kraj, sered",72
910,23451,1,0,18,"zahranicie, zahranicie - ostatne",12
906,23368,1,1,19,"trenciansky kraj, nove mesto nad vahom",59
911,23468,1,0,21,"presovsky kraj, vranov nad toplou",12
913,23564,1,1,26,"trenciansky kraj, puchov",79
909,23427,1,0,19,"banskobystricky kraj, hrinova",64
912,23474,1,1,0,"presovsky kraj, presov",76
914,23597,1,1,24,"nitriansky kraj, nitra",60
907,23398,1,1,0,"presovsky kraj, presov",74
915,23651,1,0,18,"zilinsky kraj, cadca",29
918,23731,1,1,19,"trenciansky kraj, puchov",67
917,23718,1,0,0,"zilinsky kraj, zilina",40
919,23733,1,1,20,"zilinsky kraj, rajecke teplice",48
921,23853,1,1,0,"bratislavsky kraj, bratislava - petrzalka",24
916,23655,0,0,17,"zilinsky kraj, cadca",52
922,23859,1,0,19,"zilinsky kraj, dolny kubin",48
923,23879,1,0,18,"zilinsky kraj, cadca",60
924,23906,0,1,0,"nitriansky kraj, sala",22
925,23988,1,0,0,"nitriansky kraj, nove zamky",86
926,24016,1,0,19,"kosicky kraj, cierna nad tisou",28
927,24020,1,0,0,"zilinsky kraj, zilina",12
920,23771,1,1,16,"zilinsky kraj, bytca",78
931,24080,0,1,25,"bratislavsky kraj, bratislava - ruzinov",67
928,24025,1,1,20,"zilinsky kraj, turzovka",55
932,24115,1,0,20,"nitriansky kraj, levice",38
935,24153,1,0,0,"banskobystricky kraj, revuca",79
937,24167,1,0,22,"trenciansky kraj, trencin",52
930,24067,1,1,21,"zilinsky kraj, rajec",71
929,24029,1,0,0,"banskobystricky kraj, brezno",16
936,24161,1,1,0,"zahranicie, zahranicie - rakusko",64
941,24271,1,0,0,"zahranicie, zahranicie - australia",45
938,24191,1,0,0,"zilinsky kraj, zilina",19
943,24305,1,1,22,"trenciansky kraj, puchov",67
933,24120,0,0,0,"nitriansky kraj, nove zamky",78
942,24280,1,1,0,"zilinsky kraj, dolny kubin",16
940,24268,1,1,18,"zahranicie, zahranicie - nemecko",90
934,24145,1,0,18,"zilinsky kraj, zilina",74
948,24410,1,1,20,"zahranicie, zahranicie - gb",26
945,24392,1,1,17,"trenciansky kraj, povazska bystrica",53
939,24208,1,1,19,"zilinsky kraj, namestovo",74
951,24467,0,1,0,"zahranicie, zahranicie - usa",16
949,24424,1,1,0,"trenciansky kraj, trencin",21
946,24398,1,0,18,"bratislavsky kraj, senec",66
944,24389,1,0,18,"zahranicie, zahranicie - kanada",19
947,24399,1,0,17,"bratislavsky kraj, bratislava - petrzalka",67
956,24527,1,1,0,"bratislavsky kraj, bratislava - ostatne",53
950,24440,1,0,19,"presovsky kraj, snina",67
960,24571,1,1,24,"zilinsky kraj, namestovo",66
963,24587,1,1,27,"banskobystricky kraj, banska bystrica",67
952,24474,1,0,19,"trenciansky kraj, povazska bystrica",64
954,24491,1,1,0,"zilinsky kraj, cadca",48
958,24561,1,0,20,"zilinsky kraj, dolny kubin",74
961,24581,1,1,25,"banskobystricky kraj, tornala",81
962,24582,1,1,23,"presovsky kraj, presov",53
955,24521,1,1,25,"presovsky kraj, vranov nad toplou",72
959,24569,0,0,17,"zilinsky kraj, namestovo",78
957,24555,1,1,0,"zilinsky kraj, zilina",55
953,24479,1,0,20,"zilinsky kraj, zilina",29
964,24715,1,1,20,"zilinsky kraj, namestovo",50
967,24830,1,1,0,"zilinsky kraj, zilina",64
966,24820,1,0,17,"zilinsky kraj, cadca",29
968,24834,1,0,0,"zilinsky kraj, dolny kubin",12
965,24775,1,0,18,"ceska republika, cz - zlinsky kraj",33
969,24862,1,0,20,"ceska republika, cz - ostravsky kraj",57
971,24889,1,0,0,"zilinsky kraj, zilina",53
972,24902,1,0,0,"zilinsky kraj, zilina",83
970,24874,0,0,0,"zahranicie, zahranicie - gb",24
973,24926,1,1,17,"zilinsky kraj, cadca",81
976,25056,1,1,23,"zilinsky kraj, zilina",66
975,25015,1,0,19,"zilinsky kraj, zilina",12
978,25101,0,0,19,"trnavsky kraj, sered",12
979,25156,1,0,18,"zilinsky kraj, zilina",55
974,24988,1,0,0,"zilinsky kraj, cadca",29
977,25065,1,0,0,"zilinsky kraj, zilina",14
985,25248,1,1,19,"zilinsky kraj, cadca",79
980,25181,1,0,0,"kosicky kraj, kosice - ostatne",84
982,25191,1,0,0,"zahranicie, zahranicie - francuzsko",41
981,25184,1,0,17,"zilinsky kraj, zilina",33
983,25214,0,0,0,"banskobystricky kraj, zvolen",48
986,25295,1,0,17,"zilinsky kraj, zilina",43
987,25298,1,1,0,"zahranicie, zahranicie - ostatne",74
984,25244,1,0,16,"zilinsky kraj, cadca",14
988,25439,1,1,25,"zilinsky kraj, zilina",21
995,25711,1,1,20,"zilinsky kraj, zilina",57
993,25671,1,1,22,"trenciansky kraj, myjava",72
991,25662,1,0,20,"trnavsky kraj, senica",22
992,25665,1,1,19,"nitriansky kraj, sahy",12
989,25510,1,1,24,"zilinsky kraj, zilina",12
994,25680,1,0,20,"trenciansky kraj, myjava",71
990,25514,1,1,23,"zilinsky kraj, zilina",69
996,25748,1,0,0,"zahranicie, zahranicie - ostatne",21
997,25797,1,0,21,"zilinsky kraj, bytca",14
1001,25878,1,1,27,"bratislavsky kraj, bratislava - stare mesto",66
998,25823,1,0,15,"zilinsky kraj, turcianske teplice",59
1002,25897,1,0,19,"zilinsky kraj, bytca",28
999,25841,1,0,18,"zilinsky kraj, cadca",55
1000,25855,1,1,0,"zahranicie, zahranicie - usa",57
1005,25955,1,0,20,"zilinsky kraj, cadca",21
1003,25904,1,1,0,"trenciansky kraj, povazska bystrica",78
1011,26045,1,1,0,"zahranicie, zahranicie - gb",17
1012,26047,1,1,20,"nitriansky kraj, nove zamky",33
1007,26034,0,1,16,"kosicky kraj, michalovce",91
1008,26035,1,1,21,"trnavsky kraj, piestany",71
1006,25994,1,1,0,"bratislavsky kraj, bratislava - petrzalka",34
1009,26036,0,1,18,"trnavsky kraj, senica",100
1010,26037,1,1,18,"zahranicie, zahranicie - gb",71
1004,25935,0,1,0,"banskobystricky kraj, brezno",50
1013,26138,1,1,23,"banskobystricky kraj, zvolen",69
1015,26197,1,0,0,"bratislavsky kraj, bratislava - ostatne",91
1016,26198,1,1,18,"zilinsky kraj, martin",45
1017,26270,1,0,24,"zilinsky kraj, martin",81
1018,26298,1,0,0,"zilinsky kraj, zilina",17
1014,26171,1,0,17,"zilinsky kraj, zilina",19
1022,26332,1,1,18,"kosicky kraj, kosice - okolie",74
1020,26321,1,1,21,"trnavsky kraj, trnava",72
1021,26324,1,1,22,"zilinsky kraj, namestovo",79
1019,26309,1,1,0,"trnavsky kraj, trnava",62
1026,26434,0,0,18,"banskobystricky kraj, lucenec",79
1027,26450,1,0,20,"zilinsky kraj, rajecke teplice",71
1028,26491,1,1,20,"presovsky kraj, levoca",60
1029,26507,1,0,17,"bratislavsky kraj, malacky",91
1023,26365,0,1,20,"zahranicie, zahranicie - rakusko",14
1024,26366,1,1,18,"zilinsky kraj, namestovo",88
1025,26382,1,1,0,"zilinsky kraj, zilina",62
1033,26648,1,0,0,"zilinsky kraj, cadca",52
1032,26634,1,1,19,"banskobystricky kraj, banska bystrica",69
1030,26573,1,0,0,"zilinsky kraj, cadca",76
1035,26673,0,0,0,"zilinsky kraj, zilina",16
1036,26705,1,0,18,"zilinsky kraj, zilina",14
1031,26607,1,0,21,"zilinsky kraj, zilina",71
1037,26751,1,0,20,"banskobystricky kraj, nova bana",66
1034,26670,1,0,0,"zilinsky kraj, zilina",91
1040,26823,1,0,0,"zilinsky kraj, zilina",45
1041,26840,1,1,18,"banskobystricky kraj, filakovo",19
1042,26883,1,0,19,"zilinsky kraj, zilina",71
1038,26756,1,1,18,"zilinsky kraj, zilina",91
1039,26802,1,0,0,"zilinsky kraj, zilina",81
1043,27010,1,0,0,"zilinsky kraj, kysucke nove mesto",74
1046,27121,1,0,21,"presovsky kraj, vranov nad toplou",40
1044,27026,1,0,15,"zilinsky kraj, zilina",40
1045,27093,1,0,0,"zilinsky kraj, martin",78
1048,27161,1,0,0,"zilinsky kraj, zilina",93
1054,27257,1,1,21,"zilinsky kraj, cadca",64
1055,27272,1,0,0,"presovsky kraj, presov",71
1050,27205,1,0,18,"zilinsky kraj, cadca",76
1049,27168,1,0,0,"bratislavsky kraj, bratislava - stare mesto",86
1056,27273,1,0,17,"trnavsky kraj, trnava",12
1057,27274,1,0,0,"bratislavsky kraj, bratislava - okolie",81
1058,27346,1,1,0,"zilinsky kraj, cadca",76
1047,27135,1,0,20,"presovsky kraj, poprad",22
1051,27232,1,0,24,"zahranicie, zahranicie - ostatne",59
1052,27236,1,1,25,"zilinsky kraj, zilina",16
1059,27364,1,0,0,"trenciansky kraj, prievidza",19
1053,27237,1,0,19,"zilinsky kraj, zilina",76
1060,27428,1,0,14,"banskobystricky kraj, brezno",53
1061,27429,1,0,16,"trnavsky kraj, trnava",31
1062,27452,1,0,19,"zilinsky kraj, liptovsky hradok",74
1065,27511,0,0,21,"trenciansky kraj, myjava",24
1063,27486,1,0,0,"zilinsky kraj, bytca",71
1066,27522,1,1,13,"presovsky kraj, poprad",81
1067,27561,1,1,0,"trnavsky kraj, holic",52
1068,27578,1,1,21,"banskobystricky kraj, zvolen",72
1064,27509,1,0,0,"nitriansky kraj, nitra",100
1069,27629,1,0,0,"kosicky kraj, spisska nova ves",74
1070,27658,1,0,18,"zilinsky kraj, cadca",52
1073,27997,1,1,23,"zilinsky kraj, zilina",74
1071,27900,0,1,0,"zahranicie, zahranicie - ostatne",16
1075,28051,1,1,21,"zilinsky kraj, cadca",12
1076,28069,1,0,15,"bratislavsky kraj, bratislava - petrzalka",53
1077,28070,1,0,14,"banskobystricky kraj, revuca",86
1072,27930,1,0,0,"zahranicie, zahranicie - gb",98
1074,28032,1,1,20,"banskobystricky kraj, banska bystrica",78
1081,28171,1,0,15,"trnavsky kraj, senica",53
1078,28117,1,0,15,"nitriansky kraj, levice",29
1082,28247,1,0,0,"nitriansky kraj, vrable",91
1080,28137,1,1,19,"zahranicie, zahranicie - usa",24
1079,28122,1,0,0,"banskobystricky kraj, rimavska sobota",67
1087,28309,1,1,23,"nitriansky kraj, nitra",36
1084,28299,1,0,0,"nitriansky kraj, zlate moravce",38
1083,28275,0,1,16,"banskobystricky kraj, revuca",83
1085,28303,1,1,20,"nitriansky kraj, sahy",72
1086,28304,1,0,18,"presovsky kraj, vranov nad toplou",17
1088,28377,0,0,0,"nitriansky kraj, vrable",93
1093,28546,0,1,0,"kosicky kraj, michalovce",84
1091,28475,1,0,17,"ceska republika, cz - praha",26
1094,28569,1,0,20,"trenciansky kraj, povazska bystrica",57
1089,28465,1,0,20,"zilinsky kraj, cadca",71
1092,28506,1,0,20,"zilinsky kraj, martin",81
1090,28466,1,1,0,"banskobystricky kraj, ziar nad hronom",79
1096,28818,1,1,0,"bratislavsky kraj, bratislava - dubravka",14
1095,28767,1,1,0,"banskobystricky kraj, lucenec",69
1099,29077,1,0,17,"banskobystricky kraj, lucenec",55
1100,29093,1,0,0,"trnavsky kraj, hlohovec",84
1097,29050,1,0,22,"zilinsky kraj, zilina",28
1101,29097,1,0,17,"banskobystricky kraj, detva",86
1098,29054,1,0,21,"zilinsky kraj, dolny kubin",84
1104,29283,1,1,19,"bratislavsky kraj, malacky",36
1102,29170,1,0,20,"zilinsky kraj, zilina",71
1106,29327,1,0,18,"presovsky kraj, stara lubovna",40
1107,29328,1,0,18,"trenciansky kraj, banovce nad bebravou",59
1103,29247,1,0,17,"zilinsky kraj, cadca",57
1110,29421,1,0,18,"trenciansky kraj, povazska bystrica",69
1105,29323,1,0,0,"banskobystricky kraj, banska bystrica",59
1108,29365,1,0,16,"presovsky kraj, bardejov",28
1111,29493,1,1,21,"banskobystricky kraj, banska bystrica",14
1112,29526,1,0,22,"nitriansky kraj, sahy",79
1113,29527,1,0,0,"kosicky kraj, kralovsky chlmec",69
1109,29369,1,0,19,"banskobystricky kraj, zvolen",52
1114,29529,1,1,23,"nitriansky kraj, sahy",76
1115,29531,1,1,25,"nitriansky kraj, sahy",31
1117,29570,1,0,18,"nitriansky kraj, sahy",59
1119,29599,1,0,19,"trnavsky kraj, skalica",91
1123,29671,1,0,22,"nitriansky kraj, sahy",64
1122,29660,1,1,0,"banskobystricky kraj, dudince",50
1118,29577,1,0,0,"zilinsky kraj, cadca",69
1120,29608,1,1,19,"nitriansky kraj, vrable",86
1116,29565,1,0,0,"nitriansky kraj, sahy",55
1131,29733,1,0,17,"zilinsky kraj, bytca",76
1124,29672,1,1,20,"nitriansky kraj, levice",40
1129,29721,1,0,18,"nitriansky kraj, sahy",83
1121,29623,1,0,19,"zahranicie, zahranicie - ostatne",79
1125,29673,1,0,20,"nitriansky kraj, sahy",91
1136,29809,1,1,0,"zilinsky kraj, zilina",71
1132,29738,1,0,0,"presovsky kraj, presov",81
1128,29697,1,0,17,"zilinsky kraj, trstena",76
1126,29679,1,0,0,"nitriansky kraj, sahy",78
1133,29742,1,0,18,"banskobystricky kraj, detva",43
1127,29681,1,0,0,"nitriansky kraj, sahy",74
1141,29896,1,1,12,"trnavsky kraj, holic",26
1130,29730,1,0,0,"nitriansky kraj, komarno",50
1134,29801,1,0,19,"nitriansky kraj, sahy",59
1135,29802,1,0,19,"nitriansky kraj, sahy",74
1142,29930,1,1,22,"nitriansky kraj, sahy",41
1140,29853,1,1,0,"nitriansky kraj, komarno",67
1143,29932,0,0,0,"nitriansky kraj, sahy",71
1137,29832,1,1,22,"nitriansky kraj, sahy",64
1138,29843,1,0,19,"nitriansky kraj, sahy",12
1144,29937,1,0,0,"nitriansky kraj, zlate moravce",69
1146,30031,1,0,17,"zilinsky kraj, zilina",26
1139,29849,1,1,21,"nitriansky kraj, sahy",33
1148,30093,1,0,19,"zilinsky kraj, zilina",12
1145,29984,1,0,19,"trenciansky kraj, bojnice",17
1153,30153,1,1,0,"nitriansky kraj, sahy",64
1154,30156,1,0,22,"banskobystricky kraj, zvolen",16
1147,30074,1,1,27,"banskobystricky kraj, zvolen",16
1149,30140,1,0,0,"banskobystricky kraj, velky krtis",71
1157,30226,1,0,0,"nitriansky kraj, sahy",79
1156,30170,1,1,18,"zilinsky kraj, zilina",55
1155,30162,1,0,0,"zilinsky kraj, bytca",12
1150,30141,1,0,19,"nitriansky kraj, levice",36
1151,30144,1,1,0,"nitriansky kraj, sahy",84
1159,30318,1,0,21,"nitriansky kraj, sahy",74
1160,30320,1,1,25,"nitriansky kraj, sahy",69
1161,30321,1,0,22,"nitriansky kraj, sahy",78
1152,30148,1,1,21,"nitriansky kraj, sahy",67
1162,30369,1,1,19,"trnavsky kraj, senica",81
1163,30513,1,1,24,"trenciansky kraj, prievidza",69
1158,30313,1,0,19,"zilinsky kraj, martin",66
1165,30574,0,1,0,"zahranicie, zahranicie - rakusko",90
1164,30570,1,0,0,"banskobystricky kraj, banska bystrica",76
1166,30722,1,1,19,"kosicky kraj, kosice - sidlisko tahanovce",21
1170,30891,1,1,20,"zilinsky kraj, cadca",79
1171,30932,1,0,19,"zilinsky kraj, zilina",81
1168,30865,1,1,23,"zilinsky kraj, martin",78
1167,30823,1,0,0,"presovsky kraj, vranov nad toplou",67
1173,31041,1,0,19,"trenciansky kraj, nove mesto nad vahom",78
1174,31044,1,1,19,"nitriansky kraj, sahy",72
1175,31099,1,0,20,"banskobystricky kraj, ziar nad hronom",86
1169,30884,1,0,15,"zilinsky kraj, turzovka",74
1176,31128,1,1,16,"kosicky kraj, trebisov",84
1177,31145,1,0,0,"kosicky kraj, roznava",100
1172,31004,1,0,15,"nitriansky kraj, topolcany",69
1184,31338,1,0,0,"kosicky kraj, kosice - okolie",78
1179,31271,1,1,20,"trenciansky kraj, trencin",64
1183,31330,1,0,16,"zilinsky kraj, zilina",57
1180,31284,0,1,15,"presovsky kraj, presov",91
1186,31381,1,1,21,"trenciansky kraj, prievidza",78
1181,31285,0,1,0,"trenciansky kraj, handlova",72
1178,31251,1,0,0,"zilinsky kraj, zilina",29
1185,31355,1,0,19,"trenciansky kraj, novaky",60
1182,31289,1,1,17,"kosicky kraj, velke kapusany",33
1187,31428,1,1,42,"ceska republika, cz - plzensky kraj",22
1191,31531,1,1,26,"presovsky kraj, presov",57
1188,31430,1,0,0,"zahranicie, zahranicie - usa",76
1190,31510,1,1,0,"trenciansky kraj, povazska bystrica",69
1189,31438,1,1,19,"trenciansky kraj, prievidza",69
1194,31607,1,1,0,"presovsky kraj, snina",66
1192,31570,1,1,19,"zahranicie, zahranicie - usa",38
1196,31666,1,0,0,"zilinsky kraj, ruzomberok",88
1193,31572,1,0,24,"presovsky kraj, snina",79
1197,31670,1,1,0,"zahranicie, zahranicie - ostatne",59
1198,31682,0,1,0,"zahranicie, zahranicie - gb",33
1204,31766,1,0,20,"presovsky kraj, presov",76
1202,31736,1,0,0,"zahranicie, zahranicie - francuzsko",84
1205,31773,1,0,0,"zilinsky kraj, turcianske teplice",88
1201,31719,0,0,0,"nitriansky kraj, nove zamky",57
1195,31658,1,0,0,"nitriansky kraj, nitra",53
1207,31807,1,1,21,"ceska republika, cz - jihomoravsky kraj",79
1203,31754,0,1,0,"bratislavsky kraj, bratislava - ostatne",21
1199,31695,1,0,0,"zilinsky kraj, cadca",97
1208,31881,0,1,0,"trenciansky kraj, povazska bystrica",91
1206,31797,1,0,0,"nitriansky kraj, nove zamky",76
1200,31709,1,1,17,"trenciansky kraj, povazska bystrica",78
1209,31899,0,1,19,"zahranicie, zahranicie - ostatne",90
1211,31987,1,0,21,"zilinsky kraj, vrutky",12
1214,32029,1,1,0,"zilinsky kraj, martin",50
1212,31988,0,0,0,"zahranicie, zahranicie - ostatne",100
1210,31974,1,1,18,"trenciansky kraj, povazska bystrica",12
1215,32150,1,1,0,"zilinsky kraj, zilina",14
1213,32004,1,1,22,"zilinsky kraj, zilina",69
1216,32193,1,0,16,"zilinsky kraj, zilina",53
1217,32241,0,0,0,"zilinsky kraj, tvrdosin",78
1218,32255,1,0,0,"banskobystricky kraj, ziar nad hronom",74
1219,32256,1,1,0,"zahranicie, zahranicie - australia",34
1220,32271,1,0,19,"zilinsky kraj, cadca",71
1221,32302,1,0,0,"zahranicie, zahranicie - usa",72
1223,32332,1,0,16,"zilinsky kraj, cadca",29
1228,32446,1,0,17,"zilinsky kraj, liptovsky hradok",81
1222,32315,0,0,21,"kosicky kraj, gelnica",81
1225,32406,1,1,0,"banskobystricky kraj, zvolen",24
1229,32477,1,1,24,"banskobystricky kraj, lucenec",14
1224,32397,1,0,20,"trenciansky kraj, nove mesto nad vahom",81
1230,32478,1,1,22,"trenciansky kraj, puchov",64
1227,32434,1,0,0,"presovsky kraj, poprad",14
1231,32503,1,0,18,"trnavsky kraj, trnava",67
1233,32576,1,1,22,"bratislavsky kraj, bratislava - ruzinov",79
1234,32620,1,0,21,"trenciansky kraj, trencianske teplice",71
1232,32559,1,1,21,"trnavsky kraj, sered",57
1226,32426,1,1,0,"trenciansky kraj, puchov",67
1237,32676,1,1,23,"trenciansky kraj, nove mesto nad vahom",69
1235,32648,1,1,23,"bratislavsky kraj, bratislava - karlova ves",52
1239,32704,1,1,0,"nitriansky kraj, komarno",43
1238,32679,1,1,21,"kosicky kraj, michalovce",55
1241,32778,1,0,19,"zilinsky kraj, turzovka",83
1236,32654,1,1,0,"banskobystricky kraj, nova bana",84
1244,32807,1,0,21,"trnavsky kraj, senica",66
1242,32790,1,0,18,"trenciansky kraj, trencin",45
1247,32886,1,0,27,"trnavsky kraj, trnava",62
1245,32835,0,1,27,"presovsky kraj, bardejov",66
1243,32804,1,0,0,"zilinsky kraj, liptovsky mikulas",67
1240,32729,1,1,21,"zilinsky kraj, zilina",71
1248,32931,1,0,21,"trenciansky kraj, partizanske",71
1249,32979,0,0,0,"zilinsky kraj, trstena",84
1246,32849,1,0,16,"zahranicie, zahranicie - ostatne",47
1250,32983,1,0,20,"trnavsky kraj, galanta",67
1252,33052,1,1,21,"zilinsky kraj, namestovo",60
1253,33080,1,1,15,"banskobystricky kraj, banska bystrica",14
1251,33043,1,0,18,"banskobystricky kraj, hnusta",97
1256,33304,1,1,21,"trenciansky kraj, prievidza",14
1255,33293,1,0,22,"trenciansky kraj, handlova",64
1258,33391,1,0,0,"zilinsky kraj, zilina",91
1259,33438,1,1,18,"kosicky kraj, kosice - stare mesto",38
1257,33357,1,0,30,"nitriansky kraj, levice",66
1261,33514,1,1,17,"zilinsky kraj, cadca",88
1254,33284,1,1,0,"trnavsky kraj, piestany",12
1262,33516,1,1,21,"kosicky kraj, secovce",55
1260,33461,1,0,21,"kosicky kraj, michalovce",62
1263,33518,0,1,21,"zilinsky kraj, zilina",41
1264,33662,1,0,19,"zilinsky kraj, namestovo",29
1265,33694,1,1,17,"zilinsky kraj, namestovo",83
1267,33740,1,1,0,"trenciansky kraj, nove mesto nad vahom",48
1271,33842,1,1,19,"presovsky kraj, sabinov",72
1272,33859,1,0,20,"trenciansky kraj, nove mesto nad vahom",67
1268,33750,1,0,16,"presovsky kraj, kezmarok",78
1269,33792,1,1,0,"bratislavsky kraj, bratislava - okolie",53
1273,33874,1,1,20,"nitriansky kraj, nitra",69
1266,33708,1,0,0,"banskobystricky kraj, filakovo",36
1274,33876,1,1,19,"zahranicie, zahranicie - francuzsko",83
1277,33892,1,0,0,"zahranicie, zahranicie - usa",83
1280,33931,0,1,19,"kosicky kraj, roznava",88
1279,33920,1,1,0,"trnavsky kraj, skalica",64
1275,33877,1,1,17,"nitriansky kraj, topolcany",57
1278,33913,1,1,0,"nitriansky kraj, nitra",24
1276,33883,1,0,18,"banskobystricky kraj, zvolen",74
1287,34052,1,1,17,"banskobystricky kraj, lucenec",84
1285,34039,1,0,17,"presovsky kraj, bardejov",79
1286,34040,1,1,21,"zilinsky kraj, martin",74
1288,34059,1,1,15,"trenciansky kraj, trencin",72
1284,34032,1,1,15,"presovsky kraj, poprad",78
1289,34088,1,1,19,"zilinsky kraj, namestovo",26
1281,33993,1,1,17,"bratislavsky kraj, malacky",74
1290,34103,0,1,0,"zahranicie, zahranicie - usa",60
1282,33995,1,1,0,"presovsky kraj, humenne",81
1291,34106,1,1,16,"zilinsky kraj, zilina",79
1292,34112,1,0,0,"presovsky kraj, bardejov",22
1283,34015,1,1,21,"kosicky kraj, kosice - sever",88
1270,33823,0,1,22,"zilinsky kraj, ruzomberok",71
1293,34203,1,1,22,"banskobystricky kraj, rimavska sobota",22
1294,34206,0,1,0,"zahranicie, zahranicie - australia",78
1297,34352,1,1,20,"trenciansky kraj, trencin",72
1298,34426,1,1,21,"presovsky kraj, bardejov",79
1296,34339,1,1,0,"presovsky kraj, humenne",60
1299,34431,1,0,18,"presovsky kraj, bardejov",22
1300,34432,1,1,22,"presovsky kraj, bardejov",60
1295,34288,1,1,19,"presovsky kraj, bardejov",81
1304,34531,1,1,21,"banskobystricky kraj, ziar nad hronom",67
1301,34436,1,1,20,"presovsky kraj, bardejov",76
1303,34484,1,1,20,"trnavsky kraj, galanta",69
1302,34463,1,0,17,"zilinsky kraj, krasno nad kysucou",16
1306,34595,1,1,19,"bratislavsky kraj, bratislava - petrzalka",28
1308,34627,1,1,25,"zahranicie, zahranicie - ostatne",36
1307,34615,0,0,0,"bratislavsky kraj, bratislava - ostatne",12
1309,34652,1,0,19,"presovsky kraj, bardejov",24
1313,34742,1,1,19,"zahranicie, zahranicie - francuzsko",69
1310,34653,1,1,21,"zahranicie, zahranicie - usa",66
1314,34760,1,0,16,"zilinsky kraj, cadca",34
1311,34679,1,0,19,"presovsky kraj, bardejov",48
1315,34763,1,0,18,"trnavsky kraj, galanta",47
1316,34776,1,1,0,"zahranicie, zahranicie - ostatne",29
1317,34819,1,1,0,"zilinsky kraj, zilina",59
1305,34572,1,1,25,"zilinsky kraj, cadca",72
1318,34835,1,1,31,"bratislavsky kraj, bratislava - okolie",12
1312,34738,1,0,20,"zilinsky kraj, turzovka",29
1321,34885,0,0,0,"zahranicie, zahranicie - francuzsko",33
1320,34869,1,0,0,"zilinsky kraj, zilina",36
1319,34857,1,1,21,"bratislavsky kraj, malacky",69
1324,34950,1,0,0,"trnavsky kraj, galanta",71
1323,34914,1,1,14,"bratislavsky kraj, bratislava - dubravka",95
1322,34903,1,1,17,"zilinsky kraj, zilina",66
1326,35078,1,0,17,"zilinsky kraj, cadca",71
1327,35148,1,1,0,"zahranicie, zahranicie - ostatne",26
1325,35069,1,0,19,"zilinsky kraj, namestovo",78
1329,35237,1,0,18,"banskobystricky kraj, banska bystrica",76
1328,35157,1,1,16,"trnavsky kraj, galanta",88
1334,35329,1,1,23,"trnavsky kraj, vrbove",81
1336,35347,1,1,18,"bratislavsky kraj, bratislava - okolie",59
1335,35332,1,1,0,"banskobystricky kraj, banska bystrica",12
1330,35259,1,1,17,"nitriansky kraj, nitra",81
1331,35262,1,1,21,"bratislavsky kraj, bratislava - okolie",53
1337,35411,1,1,0,"zilinsky kraj, ruzomberok",66
1353,35551,1,1,22,"zilinsky kraj, dolny kubin",24
1345,35484,0,1,20,"trnavsky kraj, piestany",12
1355,35582,0,1,16,"bratislavsky kraj, pezinok",72
1332,35322,1,1,24,"kosicky kraj, trebisov",50
1346,35500,1,1,19,"zilinsky kraj, trstena",86
1351,35529,1,0,17,"kosicky kraj, spisska nova ves",24
1338,35436,1,1,22,"nitriansky kraj, nove zamky",81
1333,35324,0,1,18,"bratislavsky kraj, malacky",71
1339,35438,1,1,0,"bratislavsky kraj, bratislava - petrzalka",78
1342,35452,1,1,18,"banskobystricky kraj, banska bystrica",81
1344,35468,1,1,17,"zilinsky kraj, zilina",38
1347,35503,1,1,29,"zilinsky kraj, dolny kubin",67
1354,35574,1,1,0,"bratislavsky kraj, bratislava - ruzinov",12
1357,35631,1,0,11,"zilinsky kraj, ruzomberok",74
1340,35440,1,1,15,"zahranicie, zahranicie - gb",67
1343,35456,1,1,20,"banskobystricky kraj, banska bystrica",71
1341,35441,0,1,0,"nitriansky kraj, nove zamky",12
1348,35512,1,1,24,"trnavsky kraj, galanta",78
1361,35687,1,1,20,"banskobystricky kraj, banska bystrica",64
1352,35549,1,1,0,"banskobystricky kraj, krupina",31
1349,35515,1,0,0,"banskobystricky kraj, banska stiavnica",57
1350,35518,1,0,19,"presovsky kraj, kezmarok",28
1363,35734,1,0,17,"trenciansky kraj, nove mesto nad vahom",84
1358,35646,1,0,0,"bratislavsky kraj, modra",88
1362,35709,1,1,0,"zilinsky kraj, cadca",21
1360,35685,1,0,18,"bratislavsky kraj, senec",43
1359,35654,1,1,21,"presovsky kraj, stara lubovna",64
1367,35896,1,0,0,"zilinsky kraj, cadca",69
1356,35622,1,1,0,"zilinsky kraj, namestovo",72
1369,35913,1,0,18,"zilinsky kraj, dolny kubin",90
1365,35860,1,1,20,"zilinsky kraj, namestovo",29
1368,35907,1,0,19,"zilinsky kraj, dolny kubin",76
1366,35884,1,0,18,"trenciansky kraj, povazska bystrica",48
1370,35916,1,1,0,"zilinsky kraj, dolny kubin",66
1371,35918,1,0,20,"zilinsky kraj, trstena",66
1364,35833,0,1,39,"zilinsky kraj, martin",29
1372,36094,1,0,18,"presovsky kraj, humenne",19
1374,36163,1,1,23,"trnavsky kraj, galanta",72
1373,36147,1,0,19,"zilinsky kraj, trstena",83
1375,36412,0,0,0,"banskobystricky kraj, tornala",64
1376,36414,1,1,25,"kosicky kraj, kosice - juh",64
1378,36542,1,0,0,"kosicky kraj, kosice - sever",40
1379,36556,1,1,0,"zilinsky kraj, zilina",16
1380,36577,1,1,21,"banskobystricky kraj, lucenec",71
1384,36693,0,0,20,"presovsky kraj, levoca",81
1382,36626,1,1,19,"nitriansky kraj, zlate moravce",40
1383,36643,1,0,17,"trnavsky kraj, trnava",31
1381,36580,0,0,18,"zilinsky kraj, martin",16
1385,36754,1,0,15,"nitriansky kraj, topolcany",88
1386,36841,1,1,0,"nitriansky kraj, nitra",74
1377,36521,1,1,0,"kosicky kraj, kosice - krasna nad hornadom",71
1388,36903,1,1,23,"nitriansky kraj, nove zamky",79
1390,36961,1,1,0,"trnavsky kraj, dunajska streda",12
1387,36896,1,0,17,"trnavsky kraj, hlohovec",81
1389,36952,1,1,25,"trnavsky kraj, dunajska streda",71
1393,37008,0,0,16,"trnavsky kraj, galanta",67
1391,36972,0,1,0,"trnavsky kraj, senica",59
1395,37053,1,1,19,"trnavsky kraj, galanta",38
1397,37126,1,1,19,"nitriansky kraj, nitra",16
1394,37019,1,0,19,"bratislavsky kraj, bratislava - vrakuna",86
1396,37060,1,1,20,"kosicky kraj, kosice - okolie",71
1392,37005,1,1,0,"nitriansky kraj, komarno",12
1398,37132,1,0,0,"nitriansky kraj, nove zamky",78
1399,37133,1,1,19,"nitriansky kraj, sturovo",26
1404,37202,1,0,21,"zilinsky kraj, cadca",69
1402,37190,1,1,24,"trenciansky kraj, trencin",55
1400,37161,1,1,18,"kosicky kraj, spisska nova ves",79
1403,37193,1,1,19,"presovsky kraj, presov",84
1401,37185,1,0,0,"trenciansky kraj, prievidza",45
1406,37409,1,0,23,"ceska republika, cz - jihomoravsky kraj",16
1407,37519,1,0,0,"banskobystricky kraj, lucenec",24
1405,37349,1,1,17,"zahranicie, zahranicie - usa",33
1408,37643,1,1,19,"zilinsky kraj, liptovsky mikulas",81
1409,37731,1,1,23,"zilinsky kraj, zilina",64
1410,37804,1,0,15,"zahranicie, zahranicie - francuzsko",47
1411,37815,1,0,0,"presovsky kraj, humenne",43
1415,37967,1,1,15,"zilinsky kraj, martin",64
1416,38003,1,0,0,"trnavsky kraj, leopoldov",74
1413,37926,1,0,16,"trnavsky kraj, sered",33
1418,38027,1,0,0,"zahranicie, zahranicie - ostatne",16
1417,38010,1,0,20,"nitriansky kraj, nitra",19
1412,37919,1,1,16,"zilinsky kraj, zilina",72
1414,37932,1,1,21,"nitriansky kraj, nove zamky",26
1419,38030,1,0,19,"zilinsky kraj, martin",74
1421,38087,0,1,21,"zilinsky kraj, martin",29
1420,38083,1,0,19,"zilinsky kraj, martin",71
1431,38236,1,1,0,"zilinsky kraj, zilina",67
1422,38090,1,0,17,"zilinsky kraj, martin",29
1430,38225,1,1,20,"zilinsky kraj, martin",67
1428,38203,1,0,0,"nitriansky kraj, nove zamky",81
1423,38096,1,0,19,"zilinsky kraj, martin",45
1424,38110,1,0,17,"zilinsky kraj, cadca",48
1429,38212,1,0,2,"zilinsky kraj, zilina",16
1427,38157,1,0,20,"trnavsky kraj, trnava",53
1426,38128,1,0,21,"bratislavsky kraj, bratislava - vrakuna",83
1433,38282,1,1,22,"nitriansky kraj, nove zamky",69
1425,38115,0,0,21,"zahranicie, zahranicie - ostatne",79
1432,38265,1,0,19,"nitriansky kraj, zeliezovce",79
1434,38301,1,1,22,"zilinsky kraj, martin",57
1435,38407,1,0,0,"nitriansky kraj, nove zamky",57
1436,38464,1,0,0,"nitriansky kraj, zeliezovce",62
1437,38473,1,1,23,"nitriansky kraj, nove zamky",57
1438,38532,1,1,22,"nitriansky kraj, nove zamky",69
1440,38590,1,1,19,"nitriansky kraj, nove zamky",66
1439,38548,1,0,21,"nitriansky kraj, nitra",72
1442,38784,1,0,16,"trnavsky kraj, trnava",34
1443,38799,1,0,22,"trnavsky kraj, trnava",66
1444,38901,1,1,32,"nitriansky kraj, nove zamky",12
1441,38745,1,0,21,"zilinsky kraj, namestovo",72
1447,39137,1,0,19,"trenciansky kraj, puchov",79
1451,39256,0,0,19,"trnavsky kraj, piestany",78
1445,39073,1,0,0,"zilinsky kraj, namestovo",69
1446,39074,1,0,18,"zilinsky kraj, rajec",14
1450,39244,0,0,0,"banskobystricky kraj, brezno",21
1448,39148,1,0,24,"zilinsky kraj, martin",67
1449,39189,1,0,19,"zilinsky kraj, martin",19
1453,39323,0,1,0,"bratislavsky kraj, bratislava - stare mesto",76
1460,39452,1,0,0,"presovsky kraj, poprad",28
1458,39429,1,1,21,"presovsky kraj, humenne",12
1452,39270,1,1,0,"presovsky kraj, poprad",22
1455,39343,1,1,19,"presovsky kraj, vranov nad toplou",33
1461,39459,1,0,24,"trenciansky kraj, banovce nad bebravou",62
1462,39460,0,0,15,"trenciansky kraj, trencin",76
1463,39511,1,0,19,"presovsky kraj, poprad",72
1454,39329,1,1,0,"zilinsky kraj, martin",59
1465,39543,1,0,22,"zilinsky kraj, dolny kubin",78
1457,39383,1,1,0,"zilinsky kraj, martin",52
1466,39558,1,0,0,"presovsky kraj, sabinov",50
1459,39450,1,0,0,"presovsky kraj, bardejov",67
1456,39372,1,0,0,"banskobystricky kraj, brezno",78
1469,39591,1,0,19,"ceska republika, cz - olomoucky kraj",26
1475,39661,1,0,20,"kosicky kraj, kosice - sidlisko tahanovce",74
1473,39605,1,0,0,"kosicky kraj, kosice - ostatne",84
1468,39582,1,1,16,"trnavsky kraj, trnava",69
1464,39536,0,0,0,"zilinsky kraj, namestovo",71
1477,39694,1,0,17,"kosicky kraj, michalovce",74
1478,39695,1,0,19,"ceska republika, cz - ostravsky kraj",64
1481,39722,1,1,22,"zilinsky kraj, zilina",52
1467,39568,1,1,0,"zahranicie, zahranicie - rakusko",88
1476,39686,1,1,18,"nitriansky kraj, topolcany",78
1480,39716,1,1,22,"kosicky kraj, trebisov",52
1470,39596,1,0,0,"zahranicie, zahranicie - gb",93
1482,39769,1,0,16,"banskobystricky kraj, rimavska sobota",76
1471,39598,1,0,0,"nitriansky kraj, levice",76
1472,39600,1,0,16,"presovsky kraj, bardejov",34
1483,39798,1,0,0,"presovsky kraj, bardejov",14
1479,39700,1,0,12,"trenciansky kraj, povazska bystrica",88
1484,39801,1,0,16,"kosicky kraj, sobrance",72
1485,39803,1,0,19,"zahranicie, zahranicie - gb",12
1486,39804,1,0,20,"trenciansky kraj, prievidza",59
1487,39901,1,0,0,"banskobystricky kraj, tornala",74
1474,39629,1,1,19,"zilinsky kraj, zilina",84
1491,39961,1,0,18,"banskobystricky kraj, zvolen",50
1488,39906,1,0,17,"nitriansky kraj, nitra",69
1489,39909,0,0,20,"trenciansky kraj, povazska bystrica",81
1492,39966,1,0,0,"zahranicie, zahranicie - ostatne",67
1493,39968,1,0,22,"zahranicie, zahranicie - usa",53
1490,39926,0,0,15,"zahranicie, zahranicie - gb",67
1494,39972,1,0,14,"presovsky kraj, poprad",59
1495,39974,1,0,17,"presovsky kraj, kezmarok",55
1496,40015,1,0,19,"nitriansky kraj, surany",26
1497,40083,1,0,21,"zahranicie, zahranicie - usa",67
1498,40085,1,0,0,"presovsky kraj, poprad",90
1499,40087,1,1,18,"presovsky kraj, vranov nad toplou",76
1501,40117,1,0,18,"zahranicie, zahranicie - usa",84
1502,40119,1,0,20,"presovsky kraj, presov",67
1500,40106,1,1,0,"trenciansky kraj, stara tura",60
1505,40246,1,1,24,"trenciansky kraj, stara tura",81
1509,40306,1,1,23,"presovsky kraj, bardejov",76
1510,40309,1,1,23,"presovsky kraj, bardejov",59
1507,40295,1,1,19,"kosicky kraj, roznava",29
1512,40337,0,0,0,"banskobystricky kraj, rimavska sobota",47
1508,40297,1,0,0,"zilinsky kraj, martin",47
1503,40222,1,0,0,"presovsky kraj, presov",71
1514,40351,1,0,22,"banskobystricky kraj, detva",52
1513,40340,1,0,18,"trenciansky kraj, partizanske",79
1506,40289,1,0,21,"kosicky kraj, kosice - sidlisko tahanovce",81
1504,40226,1,0,26,"nitriansky kraj, nitra",79
1511,40335,0,0,0,"nitriansky kraj, nove zamky",91
1516,40521,1,0,15,"trnavsky kraj, senica",84
1518,40696,1,1,20,"banskobystricky kraj, zvolen",72
1519,40697,1,0,0,"zilinsky kraj, martin",76
1517,40587,1,0,21,"presovsky kraj, presov",48
1520,40745,1,0,0,"zahranicie, zahranicie - gb",78
1515,40470,1,0,0,"zilinsky kraj, zilina",17
1521,40765,1,0,18,"trenciansky kraj, povazska bystrica",22
1523,40882,1,1,20,"trenciansky kraj, puchov",67
1522,40807,1,0,0,"ceska republika, cz - ostravsky kraj",76
1525,40926,1,0,17,"kosicky kraj, michalovce",57
1526,40929,1,0,26,"kosicky kraj, kosice - stare mesto",67
1531,41012,0,1,0,"zilinsky kraj, martin",28
1530,40999,1,1,0,"zilinsky kraj, bytca",12
1524,40915,1,0,0,"kosicky kraj, michalovce",88
1528,40987,0,0,0,"presovsky kraj, humenne",81
1527,40977,1,1,31,"nitriansky kraj, nitra",12
1533,41117,1,1,18,"zilinsky kraj, zilina",78
1534,41176,1,0,0,"ceska republika, cz - praha",59
1529,40995,1,1,20,"banskobystricky kraj, banska bystrica",90
1535,41177,1,0,15,"trenciansky kraj, trencin",76
1532,41067,1,0,0,"presovsky kraj, poprad",86
1536,41182,1,0,0,"presovsky kraj, kezmarok",43
1540,41237,1,0,0,"zilinsky kraj, martin",90
1538,41225,1,1,0,"trenciansky kraj, trencin",60
1537,41183,0,0,18,"kosicky kraj, kosice - zapad",90
1541,41285,0,0,19,"trenciansky kraj, nove mesto nad vahom",86
1539,41226,1,1,18,"bratislavsky kraj, bratislava - ruzinov",67
1545,41297,1,0,28,"presovsky kraj, stara lubovna",47
1546,41298,1,0,19,"banskobystricky kraj, rimavska sobota",50
1542,41290,1,0,0,"zahranicie, zahranicie - nemecko",57
1547,41303,1,0,22,"kosicky kraj, kosice - zapad",78
1543,41291,1,0,15,"zahranicie, zahranicie - ostatne",26
1544,41295,1,0,21,"ceska republika, cz - budejovicky kraj",78
1551,41426,1,1,0,"zahranicie, zahranicie - rakusko",64
1550,41385,0,0,19,"banskobystricky kraj, tornala",38
1548,41368,1,0,15,"banskobystricky kraj, zvolen",53
1549,41370,1,1,23,"trenciansky kraj, partizanske",69
1555,41528,1,1,22,"kosicky kraj, kosice - sever",12
1552,41444,1,1,0,"trnavsky kraj, trnava",12
1556,41533,1,1,31,"banskobystricky kraj, banska bystrica",12
1553,41490,1,0,0,"trnavsky kraj, senica",78
1557,41646,1,0,23,"nitriansky kraj, zlate moravce",59
1554,41519,1,0,20,"nitriansky kraj, nove zamky",14
1560,41686,1,1,24,"presovsky kraj, humenne",59
1558,41648,1,0,19,"presovsky kraj, bardejov",21
1561,41689,1,1,15,"zilinsky kraj, martin",74
1563,41780,1,1,0,"zilinsky kraj, martin",41
1559,41684,1,1,21,"zilinsky kraj, martin",14
1567,41869,1,0,18,"trenciansky kraj, prievidza",62
1562,41694,1,0,0,"zilinsky kraj, turcianske teplice",78
1564,41785,1,1,23,"nitriansky kraj, nitra",60
1566,41857,1,1,17,"zilinsky kraj, liptovsky mikulas",76
1568,41911,1,1,0,"kosicky kraj, kosice - okolie",72
1569,41912,1,1,21,"bratislavsky kraj, malacky",14
1565,41788,1,0,19,"zilinsky kraj, liptovsky hradok",78
1570,41920,0,1,23,"zilinsky kraj, martin",72
1573,42003,1,1,0,"zilinsky kraj, martin",76
1575,42064,0,1,0,"banskobystricky kraj, zvolen",95
1574,42008,1,1,17,"nitriansky kraj, sala",59
1576,42081,1,0,0,"trenciansky kraj, prievidza",55
1571,41982,1,0,21,"zahranicie, zahranicie - ostatne",67
1580,42148,1,1,18,"trenciansky kraj, prievidza",64
1572,42000,1,1,17,"zilinsky kraj, vrutky",95
1581,42190,1,1,25,"trenciansky kraj, prievidza",71
1583,42258,1,0,17,"trenciansky kraj, puchov",48
1582,42205,1,0,18,"zilinsky kraj, martin",93
1584,42259,1,0,24,"trenciansky kraj, puchov",78
1577,42086,1,1,0,"zilinsky kraj, martin",64
1578,42087,1,1,17,"zilinsky kraj, martin",78
1586,42291,1,0,17,"zilinsky kraj, martin",21
1579,42120,1,1,16,"zilinsky kraj, liptovsky mikulas",74
1589,42347,1,1,17,"kosicky kraj, trebisov",83
1585,42265,1,0,17,"nitriansky kraj, komarno",67
1590,42348,1,0,21,"presovsky kraj, poprad",59
1596,42384,1,0,26,"kosicky kraj, michalovce",57
1588,42345,1,0,0,"presovsky kraj, lipany",33
1587,42300,1,0,16,"trnavsky kraj, senica",79
1595,42364,1,0,18,"kosicky kraj, michalovce",19
1591,42350,1,1,18,"kosicky kraj, trebisov",86
1592,42352,1,0,0,"kosicky kraj, trebisov",53
1593,42353,1,0,0,"kosicky kraj, trebisov",81
1598,42571,1,0,22,"presovsky kraj, sabinov",69
1594,42360,1,0,20,"nitriansky kraj, komarno",74
1599,42581,1,0,19,"banskobystricky kraj, rimavska sobota",76
1600,42582,0,0,19,"presovsky kraj, snina",66
1601,42622,1,1,0,"zahranicie, zahranicie - gb",74
1603,42706,0,0,0,"presovsky kraj, vranov nad toplou",40
1602,42625,1,1,19,"zilinsky kraj, martin",45
1597,42507,1,0,0,"banskobystricky kraj, rimavska sobota",64
1605,42785,1,0,0,"trenciansky kraj, povazska bystrica",41
1606,42807,1,1,22,"nitriansky kraj, levice",69
1607,42864,1,0,20,"nitriansky kraj, levice",59
1604,42745,0,0,22,"presovsky kraj, presov",69
1610,43036,1,1,25,"zilinsky kraj, martin",55
1609,43028,1,0,21,"zilinsky kraj, namestovo",67
1611,43058,1,1,22,"zahranicie, zahranicie - kanada",12
1608,42987,0,1,0,"zahranicie, zahranicie - ostatne",12
1614,43171,1,0,19,"trenciansky kraj, nove mesto nad vahom",88
1618,43232,1,0,18,"trenciansky kraj, puchov",16
1615,43205,1,1,22,"zilinsky kraj, martin",17
1616,43221,1,0,21,"presovsky kraj, kezmarok",72
1612,43078,1,0,18,"zilinsky kraj, namestovo",69
1617,43222,1,0,24,"kosicky kraj, michalovce",91
1619,43237,1,0,21,"trenciansky kraj, puchov",71
1623,43338,0,0,19,"trnavsky kraj, galanta",24
1613,43162,0,0,17,"zilinsky kraj, martin",83
1621,43295,1,1,19,"trenciansky kraj, nove mesto nad vahom",71
1620,43260,1,0,19,"presovsky kraj, snina",64
1624,43363,1,0,19,"zilinsky kraj, namestovo",38
1625,43365,1,0,0,"trenciansky kraj, puchov",74
1622,43332,1,1,0,"bratislavsky kraj, bratislava - raca",98
1628,43390,1,0,24,"nitriansky kraj, nitra",76
1626,43373,1,0,19,"zilinsky kraj, martin",81
1631,43425,1,1,19,"trenciansky kraj, povazska bystrica",88
1629,43399,1,0,18,"banskobystricky kraj, rimavska sobota",66
1634,43516,1,0,18,"presovsky kraj, bardejov",29
1637,43546,1,1,20,"banskobystricky kraj, rimavska sobota",78
1627,43378,1,0,23,"zilinsky kraj, zilina",71
1635,43517,1,0,22,"nitriansky kraj, surany",17
1638,43552,1,0,21,"banskobystricky kraj, rimavska sobota",78
1633,43482,1,0,22,"presovsky kraj, poprad",69
1641,43623,0,1,0,"banskobystricky kraj, rimavska sobota",26
1639,43557,1,1,20,"banskobystricky kraj, rimavska sobota",62
1636,43522,1,0,20,"banskobystricky kraj, zvolen",66
1630,43404,1,0,20,"nitriansky kraj, zlate moravce",69
1640,43572,1,0,0,"trenciansky kraj, prievidza",59
1642,43651,1,0,0,"nitriansky kraj, topolcany",12
1632,43468,1,0,0,"zilinsky kraj, namestovo",53
1644,43733,1,0,0,"zahranicie, zahranicie - gb",74
1643,43720,1,1,22,"nitriansky kraj, topolcany",78
1647,43751,1,0,21,"zilinsky kraj, namestovo",47
1648,43762,1,0,19,"nitriansky kraj, topolcany",24
1651,43821,1,0,16,"zahranicie, zahranicie - usa",16
1645,43736,1,0,18,"kosicky kraj, michalovce",31
1646,43739,1,0,19,"zilinsky kraj, namestovo",81
1649,43806,1,1,0,"kosicky kraj, roznava",78
1652,43867,1,0,21,"zilinsky kraj, martin",69
1650,43809,1,0,17,"trenciansky kraj, prievidza",38
1653,43885,1,0,19,"trenciansky kraj, prievidza",67
1654,43887,1,0,0,"trenciansky kraj, trencin",78
1657,43942,1,1,18,"zilinsky kraj, turzovka",84
1658,43958,0,1,34,"banskobystricky kraj, banska bystrica",64
1655,43917,1,1,29,"trenciansky kraj, trencin",57
1659,43964,1,0,21,"kosicky kraj, kosice - ostatne",12
1660,44021,1,0,20,"kosicky kraj, kosice - ostatne",52
1662,44090,1,0,17,"zilinsky kraj, namestovo",88
1656,43931,0,1,0,"zahranicie, zahranicie - ostatne",74
1663,44105,1,0,18,"zilinsky kraj, martin",78
1664,44106,1,0,22,"banskobystricky kraj, zvolen",72
1668,44177,1,0,21,"bratislavsky kraj, bratislava - okolie",64
1661,44035,1,0,22,"zilinsky kraj, tvrdosin",69
1669,44181,1,0,0,"kosicky kraj, kosice - dargovskych hrdinov",69
1670,44252,1,0,21,"zilinsky kraj, namestovo",14
1665,44115,1,0,0,"presovsky kraj, bardejov",60
1666,44168,1,0,0,"presovsky kraj, presov",66
1667,44171,1,0,17,"trnavsky kraj, sered",19
1671,44261,1,0,21,"banskobystricky kraj, lucenec",69
1673,44276,1,0,0,"kosicky kraj, michalovce",28
1672,44262,1,0,21,"zilinsky kraj, martin",72
1675,44347,1,0,17,"trenciansky kraj, nove mesto nad vahom",71
1674,44336,1,0,21,"presovsky kraj, bardejov",72
1676,44382,1,1,0,"banskobystricky kraj, banska bystrica",69
1680,44538,0,1,0,"presovsky kraj, kezmarok",14
1681,44539,1,1,21,"trenciansky kraj, trencin",60
1683,44568,1,0,20,"kosicky kraj, kosice - krasna nad hornadom",88
1684,44570,1,0,20,"zilinsky kraj, liptovsky mikulas",74
1677,44414,1,0,0,"zilinsky kraj, dolny kubin",28
1686,44612,1,0,18,"trnavsky kraj, galanta",38
1678,44498,1,0,19,"zilinsky kraj, namestovo",34
1689,44628,1,1,35,"trenciansky kraj, prievidza",62
1685,44607,1,0,20,"trenciansky kraj, nove mesto nad vahom",69
1679,44503,1,1,29,"zilinsky kraj, zilina",72
1690,44671,1,0,0,"nitriansky kraj, vrable",83
1691,44672,0,0,0,"banskobystricky kraj, rimavska sobota",81
1682,44564,1,0,22,"kosicky kraj, kosice - okolie",79
1693,44688,1,0,21,"zilinsky kraj, namestovo",16
1694,44718,0,0,0,"banskobystricky kraj, filakovo",40
1687,44619,1,0,0,"banskobystricky kraj, zvolen",34
1695,44722,1,1,22,"presovsky kraj, stara lubovna",55
1696,44723,1,0,20,"kosicky kraj, michalovce",76
1692,44684,1,0,21,"kosicky kraj, velke kapusany",76
1697,44726,1,0,20,"zilinsky kraj, namestovo",29
1688,44625,1,0,19,"nitriansky kraj, topolcany",57
1698,44803,1,0,19,"nitriansky kraj, sturovo",59
1700,44996,1,1,24,"bratislavsky kraj, bratislava - karlova ves",66
1699,44922,1,0,0,"kosicky kraj, trebisov",86
1701,45011,1,0,17,"trenciansky kraj, prievidza",74
1705,45127,1,0,21,"banskobystricky kraj, banska bystrica",84
1703,45101,1,0,13,"kosicky kraj, kosice - juh",83
1702,45059,1,1,20,"banskobystricky kraj, banska bystrica",83
1706,45174,1,0,0,"banskobystricky kraj, krupina",62
1707,45183,1,0,20,"zilinsky kraj, namestovo",67
1715,45286,1,0,18,"zilinsky kraj, dolny kubin",72
1708,45187,1,0,0,"zilinsky kraj, dolny kubin",74
1709,45188,1,0,18,"banskobystricky kraj, banska bystrica",55
1714,45279,1,0,0,"banskobystricky kraj, poltar",69
1713,45223,1,0,20,"zilinsky kraj, dolny kubin",69
1710,45200,1,1,18,"trenciansky kraj, nove mesto nad vahom",28
1711,45205,1,1,17,"bratislavsky kraj, senec",71
1716,45304,0,1,0,"kosicky kraj, kosice - ostatne",28
1712,45207,1,1,0,"nitriansky kraj, nitra",14
1717,45323,1,0,0,"zahranicie, zahranicie - usa",33
1718,45326,1,0,0,"zahranicie, zahranicie - usa",41
1719,45382,1,0,19,"presovsky kraj, presov",50
1704,45115,1,0,17,"nitriansky kraj, komarno",71
1720,45499,1,0,18,"zahranicie, zahranicie - gb",95
1721,45538,1,1,19,"presovsky kraj, levoca",21
1722,45539,1,1,21,"bratislavsky kraj, bratislava - stare mesto",47
1723,45585,0,1,0,"trenciansky kraj, prievidza",55
1724,45612,1,1,20,"banskobystricky kraj, lucenec",62
1726,45696,1,0,18,"trenciansky kraj, trencin",50
1730,45783,1,1,23,"banskobystricky kraj, banska bystrica",66
1731,45798,1,0,0,"nitriansky kraj, nove zamky",66
1725,45681,1,0,0,"presovsky kraj, poprad",90
1727,45719,1,1,24,"banskobystricky kraj, velky krtis",66
1734,45843,1,0,19,"zilinsky kraj, ruzomberok",12
1732,45818,1,0,17,"zilinsky kraj, ruzomberok",36
1733,45835,1,1,0,"kosicky kraj, moldava nad bodvou",69
1739,45901,1,1,17,"zilinsky kraj, bytca",74
1728,45772,1,1,26,"banskobystricky kraj, lucenec",57
1729,45775,1,1,34,"banskobystricky kraj, lucenec",64
1736,45864,1,1,0,"banskobystricky kraj, filakovo",72
1742,45977,1,1,0,"zilinsky kraj, ruzomberok",14
1737,45865,1,0,0,"zilinsky kraj, cadca",12
1738,45884,1,0,12,"presovsky kraj, snina",98
1740,45969,1,0,16,"zilinsky kraj, namestovo",90
1743,45980,1,0,0,"banskobystricky kraj, banska bystrica",29
1735,45853,1,1,19,"zilinsky kraj, ruzomberok",71
1741,45972,1,0,17,"zilinsky kraj, dolny kubin",84
1744,45987,1,0,0,"zilinsky kraj, ruzomberok",12
1746,46088,1,0,21,"zahranicie, zahranicie - ostatne",74
1747,46094,1,0,17,"zilinsky kraj, ruzomberok",24
1749,46146,1,0,19,"presovsky kraj, stropkov",71
1748,46102,1,0,17,"zilinsky kraj, ruzomberok",76
1751,46194,1,0,17,"trnavsky kraj, dunajska streda",95
1752,46210,1,0,24,"bratislavsky kraj, bratislava - stare mesto",17
1745,46047,1,0,19,"bratislavsky kraj, bratislava - petrzalka",64
1750,46163,1,1,18,"banskobystricky kraj, zvolen",60
1754,46309,1,0,21,"nitriansky kraj, nitra",36
1755,46353,1,1,21,"nitriansky kraj, nove zamky",36
1753,46299,1,1,19,"banskobystricky kraj, detva",79
1758,46427,1,1,22,"kosicky kraj, kosice - zapad",47
1757,46403,1,1,29,"bratislavsky kraj, bratislava - dubravka",64
1756,46374,1,0,17,"zilinsky kraj, ruzomberok",19
1760,46578,1,1,19,"trenciansky kraj, trencianske teplice",14
1759,46454,1,0,18,"banskobystricky kraj, lucenec",67
1762,46743,1,1,19,"banskobystricky kraj, detva",71
1764,46794,1,1,20,"kosicky kraj, michalovce",41
1765,46850,1,0,18,"zilinsky kraj, martin",71
1761,46736,1,0,0,"zilinsky kraj, zilina",34
1767,46957,1,1,27,"trenciansky kraj, prievidza",71
1763,46770,1,1,37,"banskobystricky kraj, nova bana",19
1766,46933,1,0,17,"zilinsky kraj, namestovo",17
1768,46980,1,0,20,"bratislavsky kraj, bratislava - dubravka",67
1769,47131,1,0,17,"zilinsky kraj, martin",66
1771,47222,1,0,0,"presovsky kraj, bardejov",36
1772,47236,1,1,21,"kosicky kraj, kosice - ostatne",40
1770,47212,1,0,17,"nitriansky kraj, komarno",29
1773,47244,1,1,20,"zilinsky kraj, cadca",64
1775,47317,1,1,17,"nitriansky kraj, zlate moravce",72
1778,47448,1,0,19,"trenciansky kraj, banovce nad bebravou",98
1776,47352,1,1,18,"trenciansky kraj, povazska bystrica",72
1774,47301,1,0,23,"presovsky kraj, bardejov",69
1777,47355,1,1,0,"trenciansky kraj, povazska bystrica",67
1779,47616,1,0,0,"zahranicie, zahranicie - ostatne",29
1780,47652,1,1,35,"zilinsky kraj, namestovo",29
1781,47721,1,0,21,"banskobystricky kraj, brezno",69
1782,47722,1,1,22,"nitriansky kraj, topolcany",16
1786,47867,0,0,16,"banskobystricky kraj, tornala",98
1783,47813,1,0,0,"zilinsky kraj, liptovsky mikulas",79
1785,47849,1,0,17,"presovsky kraj, vranov nad toplou",84
1784,47817,1,0,20,"banskobystricky kraj, lucenec",52
1788,47993,1,0,0,"trnavsky kraj, piestany",26
1787,47985,1,0,15,"zahranicie, zahranicie - usa",36
1789,48014,1,1,20,"trenciansky kraj, povazska bystrica",62
1790,48125,1,1,18,"zilinsky kraj, cadca",81
1791,48173,1,0,17,"kosicky kraj, kosice - okolie",88
1792,48201,1,0,19,"zilinsky kraj, cadca",12
1793,48274,1,0,0,"nitriansky kraj, levice",86
1794,48313,0,1,23,"bratislavsky kraj, bratislava - devinska nova ves",45
1795,48358,1,0,18,"nitriansky kraj, zlate moravce",12
1796,48415,0,1,0,"nitriansky kraj, nitra",19
1799,48530,1,1,21,"bratislavsky kraj, malacky",66
1798,48479,1,1,0,"zahranicie, zahranicie - usa",48
1800,48562,1,0,14,"kosicky kraj, roznava",97
1802,48632,1,1,34,"banskobystricky kraj, banska bystrica",24
1801,48580,1,1,24,"nitriansky kraj, nitra",78
1804,48652,1,0,0,"presovsky kraj, lipany",64
1797,48464,1,1,22,"bratislavsky kraj, malacky",33
1807,48751,0,0,0,"presovsky kraj, spisske podhradie",62
1803,48643,1,0,18,"trenciansky kraj, nove mesto nad vahom",66
1809,48826,1,0,25,"kosicky kraj, kosice - zapad",67
1808,48801,1,1,0,"zilinsky kraj, cadca",81
1810,48872,0,0,19,"kosicky kraj, kralovsky chlmec",59
1811,48873,1,0,0,"nitriansky kraj, nitra",31
1805,48730,1,0,18,"nitriansky kraj, topolcany",50
1812,48874,1,0,16,"kosicky kraj, roznava",69
1806,48734,0,0,17,"nitriansky kraj, topolcany",62
1813,48880,0,0,0,"kosicky kraj, roznava",28
1815,48979,1,0,26,"zahranicie, zahranicie - rakusko",38
1818,49021,1,1,0,"trenciansky kraj, nove mesto nad vahom",76
1821,49069,1,0,26,"kosicky kraj, kosice - zapad",72
1814,48970,1,0,17,"kosicky kraj, kosice - dargovskych hrdinov",16
1819,49029,1,1,18,"zahranicie, zahranicie - gb",69
1820,49030,1,1,25,"bratislavsky kraj, bratislava - karlova ves",72
1822,49075,1,0,0,"presovsky kraj, snina",62
1816,48985,1,0,16,"nitriansky kraj, zlate moravce",64
1817,49016,0,0,0,"bratislavsky kraj, bratislava - ruzinov",60
1828,49187,1,1,21,"presovsky kraj, stara lubovna",17
1825,49122,1,1,21,"zilinsky kraj, turcianske teplice",86
1824,49107,1,0,0,"trenciansky kraj, puchov",16
1826,49148,1,0,18,"zilinsky kraj, ruzomberok",67
1829,49207,0,0,19,"kosicky kraj, kralovsky chlmec",71
1830,49223,1,0,22,"nitriansky kraj, nitra",57
1823,49078,1,1,0,"zilinsky kraj, cadca",12
1831,49240,0,0,27,"kosicky kraj, spisska nova ves",93
1832,49325,1,0,19,"banskobystricky kraj, velky krtis",43
1833,49328,1,0,18,"zahranicie, zahranicie - ostatne",64
1827,49155,1,0,0,"banskobystricky kraj, zvolen",33
1834,49419,0,0,0,"banskobystricky kraj, banska bystrica",29
1836,49493,1,0,14,"trnavsky kraj, trnava",86
1837,49564,1,0,16,"zilinsky kraj, cadca",69
1839,49611,1,1,0,"trnavsky kraj, piestany",79
1835,49479,0,0,19,"zahranicie, zahranicie - usa",84
1838,49601,1,1,21,"zilinsky kraj, martin",74
1842,49708,1,0,21,"nitriansky kraj, zeliezovce",66
1843,49733,1,1,13,"zahranicie, zahranicie - gb",76
1844,49767,1,1,31,"presovsky kraj, poprad",40
1846,49834,1,0,0,"zilinsky kraj, ruzomberok",34
1840,49679,1,0,14,"bratislavsky kraj, bratislava - raca",84
1845,49785,1,1,19,"banskobystricky kraj, tornala",84
1841,49693,1,1,20,"nitriansky kraj, topolcany",76
1848,49982,1,0,22,"banskobystricky kraj, filakovo",71
1849,50001,1,0,15,"zilinsky kraj, bytca",64
1847,49970,1,1,21,"zahranicie, zahranicie - kanada",71
1850,50032,0,0,16,"kosicky kraj, secovce",41
1852,50064,1,1,0,"kosicky kraj, roznava",31
1851,50051,0,0,0,"zahranicie, zahranicie - gb",93
1854,50135,1,1,19,"kosicky kraj, roznava",79
1853,50083,1,0,32,"zahranicie, zahranicie - gb",34
1856,50211,1,0,0,"zilinsky kraj, zilina",67
1857,50252,0,1,23,"trnavsky kraj, trnava",53
1858,50260,1,0,0,"zilinsky kraj, cadca",81
1862,50387,1,0,0,"kosicky kraj, kosice - krasna nad hornadom",45
1855,50174,0,1,0,"nitriansky kraj, komarno",71
1860,50340,1,0,17,"nitriansky kraj, sahy",72
1863,50388,0,1,0,"bratislavsky kraj, bratislava - ostatne",34
1859,50287,1,0,0,"nitriansky kraj, nove zamky",62
1865,50477,1,0,18,"trenciansky kraj, puchov",84
1861,50383,1,0,0,"kosicky kraj, kosice - okolie",43
1864,50469,1,0,0,"kosicky kraj, dobsina",78
1868,50522,0,0,0,"nitriansky kraj, nove zamky",12
1866,50484,1,0,0,"zahranicie, zahranicie - ostatne",71
1867,50503,1,1,24,"bratislavsky kraj, modra",71
1871,50626,0,0,0,"presovsky kraj, humenne",76
1869,50547,1,0,19,"trnavsky kraj, galanta",16
1870,50548,1,1,27,"kosicky kraj, cierna nad tisou",57
1872,50628,1,0,17,"nitriansky kraj, levice",34
1873,50645,1,1,19,"kosicky kraj, roznava",83
1876,50671,1,1,0,"zahranicie, zahranicie - ostatne",72
1874,50660,1,0,0,"presovsky kraj, poprad",64
1875,50666,1,0,16,"zilinsky kraj, cadca",69
1877,50678,1,0,13,"trenciansky kraj, partizanske",97
1878,50681,1,0,13,"trenciansky kraj, prievidza",88
1881,50885,0,1,20,"banskobystricky kraj, brezno",79
1879,50741,0,1,31,"bratislavsky kraj, bratislava - podunaj. biskupice",28
1882,50889,1,1,0,"zahranicie, zahranicie - gb",67
1885,51032,1,0,18,"kosicky kraj, trebisov",74
1884,51019,1,0,0,"zilinsky kraj, cadca",81
1883,50954,1,0,20,"ceska republika, cz - praha",67
1880,50862,1,0,18,"zahranicie, zahranicie - francuzsko",12
1888,51286,1,0,18,"kosicky kraj, gelnica",84
1887,51236,1,0,0,"zilinsky kraj, bytca",67
1889,51408,1,0,0,"trenciansky kraj, trencin",57
1886,51145,1,1,21,"bratislavsky kraj, bratislava - okolie",53
1891,51452,1,0,25,"kosicky kraj, michalovce",43
1892,51474,1,1,23,"banskobystricky kraj, krupina",71
1890,51442,1,0,25,"kosicky kraj, michalovce",12
1893,51532,1,0,0,"zahranicie, zahranicie - nemecko",38
1897,51663,1,0,0,"nitriansky kraj, surany",83
1898,51721,1,1,21,"kosicky kraj, roznava",66
1895,51625,1,0,0,"trnavsky kraj, galanta",12
1894,51538,1,1,21,"bratislavsky kraj, bratislava - stare mesto",12
1899,51725,1,1,23,"trnavsky kraj, galanta",71
1896,51655,1,0,18,"banskobystricky kraj, dudince",76
1901,51827,1,1,0,"bratislavsky kraj, bratislava - petrzalka",71
1902,51888,0,1,0,"banskobystricky kraj, banska bystrica",53
1904,51905,1,0,20,"trnavsky kraj, galanta",66
1900,51775,1,0,13,"zilinsky kraj, kysucke nove mesto",91
1903,51895,1,0,0,"trnavsky kraj, dunajska streda",50
1907,51991,1,0,19,"trnavsky kraj, galanta",72
1908,52023,1,0,0,"presovsky kraj, presov",76
1906,51952,1,0,20,"zilinsky kraj, namestovo",40
1905,51943,1,0,0,"zilinsky kraj, liptovsky mikulas",17
1909,52050,1,0,21,"zilinsky kraj, dolny kubin",76
1910,52190,1,0,0,"kosicky kraj, gelnica",53
1913,52262,1,0,0,"banskobystricky kraj, velky krtis",76
1911,52196,1,0,18,"trnavsky kraj, senica",48
1914,52287,0,1,18,"bratislavsky kraj, bratislava - petrzalka",76
1915,52370,1,0,24,"kosicky kraj, trebisov",76
1916,52371,1,0,19,"presovsky kraj, presov",69
1912,52213,0,0,0,"kosicky kraj, michalovce",98
1918,52399,1,0,21,"bratislavsky kraj, malacky",78
1917,52386,0,1,32,"presovsky kraj, presov",64
1919,52406,1,1,21,"zilinsky kraj, namestovo",64
1920,52504,1,0,20,"zilinsky kraj, liptovsky hradok",78
1921,52540,1,0,0,"zahranicie, zahranicie - ostatne",50
1922,52589,1,1,0,"zahranicie, zahranicie - ostatne",31
1923,52668,1,1,71,"zahranicie, zahranicie - ostatne",83
1924,52756,1,0,18,"zilinsky kraj, tvrdosin",24
1925,52759,1,0,20,"zilinsky kraj, namestovo",67
1926,52762,1,1,0,"banskobystricky kraj, banska bystrica",38
1928,52893,1,1,0,"kosicky kraj, trebisov",19
1927,52814,1,0,21,"zilinsky kraj, namestovo",66
1930,52967,1,0,16,"trnavsky kraj, senica",36
1931,52969,1,0,0,"trnavsky kraj, senica",78
1932,52973,1,1,22,"presovsky kraj, poprad",72
1933,52976,1,1,24,"bratislavsky kraj, bratislava - devinska nova ves",64
1929,52914,1,0,16,"zilinsky kraj, zilina",97
1934,53003,1,0,0,"zahranicie, zahranicie - ostatne",19
1936,53058,1,0,0,"presovsky kraj, snina",90
1935,53007,1,0,0,"trnavsky kraj, senica",86
1940,53163,1,0,0,"bratislavsky kraj, bratislava - petrzalka",69
1937,53085,0,0,0,"kosicky kraj, kosice - saca",74
1939,53139,1,0,17,"zilinsky kraj, ruzomberok",50
1942,53192,1,1,0,"trenciansky kraj, prievidza",22
1945,53241,1,0,21,"nitriansky kraj, levice",90
1938,53129,1,0,0,"zilinsky kraj, namestovo",14
1941,53185,0,1,23,"nitriansky kraj, topolcany",14
1943,53204,1,1,0,"kosicky kraj, kosice - okolie",67
1944,53233,0,0,28,"trenciansky kraj, dubnica nad vahom",67
1947,53339,1,1,0,"kosicky kraj, michalovce",14
1946,53325,1,1,35,"ceska republika, cz - ostravsky kraj",12
1952,53526,0,1,0,"presovsky kraj, humenne",69
1953,53528,1,1,0,"kosicky kraj, trebisov",40
1948,53379,1,0,17,"presovsky kraj, presov",78
1950,53495,1,0,18,"trnavsky kraj, senica",74
1951,53520,1,0,0,"kosicky kraj, kosice - zapad",21
1949,53384,1,0,16,"banskobystricky kraj, filakovo",48
1956,53601,1,1,19,"trenciansky kraj, puchov",66
1957,53604,1,1,0,"trenciansky kraj, trencin",64
1954,53558,1,0,0,"trenciansky kraj, prievidza",62
1962,53669,1,0,19,"presovsky kraj, vranov nad toplou",93
1958,53606,1,1,19,"trenciansky kraj, ilava",22
1960,53628,1,0,0,"banskobystricky kraj, banska bystrica",69
1955,53592,1,0,0,"zahranicie, zahranicie - gb",55
1964,53736,1,0,16,"zilinsky kraj, zilina",90
1959,53608,1,1,18,"zahranicie, zahranicie - nemecko",72
1966,53749,0,0,20,"kosicky kraj, gelnica",83
1965,53738,1,0,18,"kosicky kraj, michalovce",36
1969,53823,1,0,0,"kosicky kraj, trebisov",83
1970,53824,1,0,0,"zahranicie, zahranicie - gb",17
1961,53640,1,1,23,"banskobystricky kraj, velky krtis",60
1968,53800,1,1,0,"zilinsky kraj, bytca",74
1971,53831,1,0,18,"kosicky kraj, michalovce",69
1974,53885,1,0,19,"trnavsky kraj, skalica",76
1972,53875,0,0,18,"bratislavsky kraj, bratislava - ruzinov",55
1977,53911,1,0,22,"presovsky kraj, poprad",74
1975,53890,1,0,20,"presovsky kraj, kezmarok",47
1963,53726,1,1,19,"kosicky kraj, michalovce",12
1973,53878,1,0,18,"trnavsky kraj, senica",72
1979,53938,1,1,21,"kosicky kraj, sobrance",12
1967,53759,1,1,0,"zilinsky kraj, ruzomberok",57
1978,53924,1,0,21,"zilinsky kraj, martin",38
1976,53909,1,0,0,"zahranicie, zahranicie - gb",72
1981,54077,1,0,19,"presovsky kraj, presov",40
1983,54123,1,0,22,"trnavsky kraj, senica",62
1982,54079,1,0,0,"presovsky kraj, vranov nad toplou",40
1980,53982,1,1,20,"zilinsky kraj, zilina",14
1987,54241,1,1,30,"presovsky kraj, poprad",71
1988,54246,1,1,19,"kosicky kraj, michalovce",60
1985,54217,1,1,22,"zilinsky kraj, martin",31
1989,54249,1,1,0,"kosicky kraj, michalovce",67
1990,54252,1,1,27,"kosicky kraj, michalovce",66
1992,54273,1,1,22,"kosicky kraj, michalovce",67
1984,54178,1,1,20,"trenciansky kraj, ilava",57
1991,54262,1,1,0,"kosicky kraj, michalovce",53
1986,54231,1,1,20,"trnavsky kraj, senica",78
1993,54318,1,0,0,"bratislavsky kraj, bratislava - podunaj. biskupice",74
1996,54406,0,1,18,"nitriansky kraj, nove zamky",97
1994,54355,1,1,21,"trenciansky kraj, ilava",69
1995,54357,1,1,21,"trnavsky kraj, trnava",83
1997,54542,0,0,19,"nitriansky kraj, levice",83
1998,54577,1,1,27,"trnavsky kraj, trnava",66
2002,54666,1,0,14,"nitriansky kraj, nove zamky",81
2003,54671,1,1,0,"nitriansky kraj, nove zamky",59
2000,54628,1,1,0,"zahranicie, zahranicie - ostatne",69
2001,54655,1,0,17,"nitriansky kraj, nove zamky",86
2008,54841,1,1,18,"ceska republika, cz - plzensky kraj",57
2005,54774,1,0,18,"nitriansky kraj, nove zamky",57
1999,54613,1,1,21,"presovsky kraj, stropkov",71
2004,54735,1,0,0,"presovsky kraj, stropkov",71
2006,54808,1,0,15,"ceska republika, cz - jihomoravsky kraj",22
2009,54846,1,0,0,"presovsky kraj, svidnik",76
2013,54948,1,0,18,"presovsky kraj, svidnik",62
2012,54935,1,1,19,"nitriansky kraj, zlate moravce",81
2010,54863,1,1,21,"trnavsky kraj, senica",69
2011,54869,1,1,22,"nitriansky kraj, nitra",71
2007,54838,1,1,20,"presovsky kraj, lipany",69
2016,55055,1,0,0,"trenciansky kraj, nove mesto nad vahom",26
2017,55072,1,1,0,"nitriansky kraj, nove zamky",69
2015,55043,1,0,19,"presovsky kraj, bardejov",45
2014,54975,1,1,19,"nitriansky kraj, nove zamky",71
2019,55120,1,0,17,"nitriansky kraj, sahy",76
2018,55083,1,0,17,"presovsky kraj, stropkov",36
2020,55121,0,1,0,"bratislavsky kraj, bratislava - ostatne",14
2021,55138,1,1,28,"nitriansky kraj, nitra",36
2026,55189,1,1,20,"zahranicie, zahranicie - usa",69
2022,55151,1,0,20,"presovsky kraj, bardejov",79
2029,55246,1,0,16,"zilinsky kraj, dolny kubin",28
2027,55212,1,1,27,"kosicky kraj, kosice - ostatne",67
2031,55280,1,0,18,"presovsky kraj, bardejov",45
2025,55183,1,1,19,"presovsky kraj, stropkov",67
2032,55287,1,1,20,"presovsky kraj, snina",81
2034,55413,1,0,19,"presovsky kraj, sabinov",17
2028,55243,1,0,16,"banskobystricky kraj, banska bystrica",29
2030,55272,1,1,24,"kosicky kraj, spisska nova ves",31
2023,55164,1,1,21,"kosicky kraj, michalovce",71
2024,55167,0,1,0,"bratislavsky kraj, bratislava - nove mesto",12
2033,55302,1,1,21,"presovsky kraj, stropkov",72
2035,55597,1,1,16,"banskobystricky kraj, brezno",83
2039,55676,1,0,16,"presovsky kraj, bardejov",12
2036,55601,1,0,16,"kosicky kraj, krompachy",81
2037,55626,1,0,0,"banskobystricky kraj, krupina",12
2040,55690,1,1,0,"zilinsky kraj, trstena",88
2038,55630,1,1,0,"presovsky kraj, presov",14
2042,55852,1,1,26,"trenciansky kraj, puchov",71
2041,55826,1,1,0,"nitriansky kraj, nitra",79
2043,55907,1,1,0,"nitriansky kraj, sahy",41
2045,55953,0,0,0,"kosicky kraj, spisska nova ves",21
2044,55939,1,0,18,"presovsky kraj, kezmarok",81
2048,56061,1,0,20,"zahranicie, zahranicie - gb",71
2049,56067,1,0,0,"presovsky kraj, stropkov",78
2046,56019,1,0,0,"nitriansky kraj, levice",76
2047,56021,1,0,0,"kosicky kraj, gelnica",66
2051,56166,1,0,18,"kosicky kraj, trebisov",83
2056,56236,1,0,14,"kosicky kraj, sobrance",91
2053,56208,1,1,28,"zilinsky kraj, martin",53
2054,56211,1,1,0,"trenciansky kraj, partizanske",60
2050,56150,1,0,18,"trnavsky kraj, skalica",88
2055,56217,1,1,20,"zahranicie, zahranicie - ostatne",38
2059,56266,1,0,13,"nitriansky kraj, nove zamky",100
2061,56281,1,1,22,"kosicky kraj, gelnica",66
2062,56297,1,0,22,"zilinsky kraj, trstena",24
2060,56273,1,0,0,"kosicky kraj, kosice - okolie",67
2063,56372,0,0,15,"trnavsky kraj, senica",93
2052,56188,1,0,0,"bratislavsky kraj, bratislava - petrzalka",62
2057,56246,1,0,0,"banskobystricky kraj, revuca",97
2058,56247,1,0,12,"presovsky kraj, levoca",71
2064,56375,1,0,34,"trenciansky kraj, prievidza",84
2065,56378,0,0,19,"trenciansky kraj, prievidza",76
2067,56407,1,0,19,"zilinsky kraj, ruzomberok",40
2070,56477,1,1,21,"presovsky kraj, snina",67
2066,56379,1,0,16,"nitriansky kraj, sahy",84
2071,56485,0,1,37,"nitriansky kraj, levice",64
2072,56499,1,0,13,"banskobystricky kraj, zarnovica",90
2069,56475,1,0,15,"presovsky kraj, lipany",24
2068,56426,1,1,0,"trnavsky kraj, piestany",67
2075,56571,0,1,24,"bratislavsky kraj, bratislava - podunaj. biskupice",59
2073,56513,1,0,16,"kosicky kraj, kosice - zapad",57
2078,56688,1,0,21,"zahranicie, zahranicie - ostatne",64
2077,56676,1,1,20,"trenciansky kraj, partizanske",41
2079,56764,1,0,20,"trenciansky kraj, prievidza",78
2074,56547,1,1,24,"zilinsky kraj, rajec",60
2080,56770,1,1,20,"trenciansky kraj, partizanske",67
2076,56655,1,0,0,"zilinsky kraj, cadca",29
2081,56802,1,0,0,"kosicky kraj, moldava nad bodvou",66
2082,56857,1,1,20,"trnavsky kraj, hlohovec",66
2084,57001,1,0,0,"ceska republika, cz - praha",28
2083,56909,0,0,0,"presovsky kraj, vranov nad toplou",74
2086,57081,1,1,0,"zahranicie, zahranicie - gb",28
2087,57139,1,1,18,"banskobystricky kraj, velky krtis",69
2085,57059,1,0,0,"zahranicie, zahranicie - ostatne",12
2088,57183,1,0,19,"trnavsky kraj, senica",47
2089,57185,1,0,18,"trnavsky kraj, trnava",78
2090,57189,1,0,18,"trnavsky kraj, senica",72
2093,57227,1,1,0,"kosicky kraj, michalovce",71
2094,57229,1,1,0,"kosicky kraj, michalovce",74
2097,57258,1,1,18,"zahranicie, zahranicie - usa",86
2098,57259,1,0,17,"kosicky kraj, michalovce",59
2091,57190,1,0,0,"trnavsky kraj, senica",17
2099,57261,1,1,20,"kosicky kraj, kosice - sever",60
2092,57192,1,0,0,"trnavsky kraj, senica",84
2101,57301,1,1,26,"nitriansky kraj, sala",31
2095,57248,1,1,18,"kosicky kraj, michalovce",69
2102,57309,1,0,20,"banskobystricky kraj, velky krtis",81
2096,57252,1,1,18,"kosicky kraj, michalovce",71
2103,57360,1,1,20,"kosicky kraj, michalovce",71
2100,57282,1,1,22,"bratislavsky kraj, malacky",72
2105,57423,1,0,23,"banskobystricky kraj, rimavska sobota",81
2104,57369,1,1,0,"kosicky kraj, trebisov",95
2106,57435,1,0,0,"kosicky kraj, michalovce",55
2109,57571,1,0,20,"trenciansky kraj, povazska bystrica",29
2112,57632,1,0,18,"kosicky kraj, trebisov",71
2107,57569,1,1,22,"trenciansky kraj, puchov",64
2108,57570,1,1,20,"trenciansky kraj, povazska bystrica",66
2113,57648,1,0,0,"kosicky kraj, kosice - saca",22
2110,57607,1,0,20,"kosicky kraj, michalovce",69
2115,57695,1,1,19,"kosicky kraj, michalovce",67
2116,57736,0,0,18,"banskobystricky kraj, zvolen",78
2111,57623,1,0,0,"trnavsky kraj, galanta",14
2117,57755,1,0,18,"trnavsky kraj, trnava",16
2121,57813,1,0,22,"nitriansky kraj, topolcany",26
2122,57845,0,1,0,"zilinsky kraj, zilina",67
2123,57875,1,0,38,"nitriansky kraj, levice",81
2127,57901,1,0,20,"banskobystricky kraj, banska bystrica",76
2128,57902,1,1,24,"nitriansky kraj, sahy",72
2130,57918,1,1,27,"zilinsky kraj, zilina",66
2118,57806,1,1,0,"zahranicie, zahranicie - usa",72
2119,57807,1,0,22,"trenciansky kraj, partizanske",22
2114,57690,1,0,0,"zilinsky kraj, liptovsky mikulas",78
2120,57809,1,0,21,"banskobystricky kraj, dudince",81
2124,57896,1,1,20,"banskobystricky kraj, velky krtis",34
2125,57897,0,0,0,"zahranicie, zahranicie - ostatne",26
2131,57949,1,1,19,"banskobystricky kraj, velky krtis",12
2129,57915,1,1,21,"bratislavsky kraj, malacky",64
2132,57951,1,0,0,"banskobystricky kraj, velky krtis",64
2126,57898,1,1,21,"banskobystricky kraj, velky krtis",72
2133,57956,1,1,0,"bratislavsky kraj, bratislava - nove mesto",33
2136,58141,1,1,20,"banskobystricky kraj, velky krtis",55
2134,58047,1,0,0,"presovsky kraj, spisske podhradie",52
2137,58194,1,0,0,"trnavsky kraj, trnava",62
2139,58238,1,0,21,"banskobystricky kraj, poltar",29
2140,58240,1,0,19,"banskobystricky kraj, banska bystrica",12
2143,58308,1,0,18,"banskobystricky kraj, velky krtis",48
2141,58279,1,0,20,"presovsky kraj, bardejov",71
2144,58313,1,0,19,"banskobystricky kraj, velky krtis",24
2151,58381,1,0,18,"presovsky kraj, poprad",12
2145,58316,0,0,0,"banskobystricky kraj, velky krtis",28
2150,58369,1,0,17,"zahranicie, zahranicie - kanada",72
2148,58342,0,0,20,"kosicky kraj, michalovce",79
2142,58282,0,0,18,"zilinsky kraj, namestovo",29
2146,58330,1,1,16,"kosicky kraj, michalovce",50
2138,58215,1,1,16,"kosicky kraj, michalovce",69
2135,58095,1,1,0,"kosicky kraj, michalovce",64
2149,58346,1,1,0,"zilinsky kraj, zilina",48
2147,58334,1,1,17,"kosicky kraj, michalovce",90
2156,58531,1,0,21,"trnavsky kraj, piestany",55
2152,58389,1,1,20,"banskobystricky kraj, velky krtis",21
2153,58455,1,0,22,"trenciansky kraj, trencin",16
2158,58580,1,0,22,"presovsky kraj, vranov nad toplou",74
2157,58575,1,0,22,"presovsky kraj, vranov nad toplou",69
2159,58646,0,0,0,"kosicky kraj, spisska nova ves",28
2155,58514,1,0,19,"bratislavsky kraj, bratislava - petrzalka",21
2154,58500,1,0,0,"kosicky kraj, kosice - sever",29
2161,58772,1,0,19,"nitriansky kraj, vrable",52
2160,58720,0,0,18,"presovsky kraj, presov",24
2164,58816,0,0,0,"bratislavsky kraj, bratislava - ostatne",12
2168,58876,1,0,20,"presovsky kraj, stara lubovna",60
2163,58815,0,0,16,"trnavsky kraj, trnava",64
2169,58880,1,0,23,"banskobystricky kraj, krupina",69
2170,58886,1,1,21,"trenciansky kraj, puchov",60
2162,58792,1,0,18,"trnavsky kraj, senica",14
2173,58937,1,0,0,"zahranicie, zahranicie - gb",66
2165,58838,1,0,15,"presovsky kraj, bardejov",71
2174,58943,1,1,22,"zahranicie, zahranicie - ostatne",62
2166,58855,1,1,24,"trenciansky kraj, puchov",72
2167,58871,1,0,20,"trnavsky kraj, sered",74
2171,58916,1,1,20,"bratislavsky kraj, senec",76
2178,59086,1,0,23,"nitriansky kraj, nitra",21
2172,58930,1,0,18,"zilinsky kraj, trstena",45
2175,59032,1,0,14,"trnavsky kraj, senica",28
2180,59146,1,0,20,"bratislavsky kraj, bratislava - okolie",60
2176,59035,1,0,0,"trnavsky kraj, senica",71
2179,59137,1,0,19,"zilinsky kraj, liptovsky mikulas",47
2177,59081,0,0,0,"nitriansky kraj, nove zamky",36
2181,59241,0,0,22,"kosicky kraj, spisska nova ves",69
2183,59284,1,0,0,"trnavsky kraj, senica",71
2182,59274,1,0,0,"trnavsky kraj, senica",60
2184,59373,1,1,20,"nitriansky kraj, komarno",78
2185,59375,1,1,24,"nitriansky kraj, sala",69
2187,59538,1,1,17,"zilinsky kraj, zilina",76
2188,59539,1,1,17,"banskobystricky kraj, banska bystrica",26
2191,59598,1,0,0,"banskobystricky kraj, velky krtis",79
2190,59579,1,0,0,"presovsky kraj, vranov nad toplou",81
2189,59544,1,1,18,"zilinsky kraj, liptovsky mikulas",74
2193,59657,1,0,0,"trenciansky kraj, povazska bystrica",40
2192,59621,1,1,33,"bratislavsky kraj, bratislava - okolie",60
2194,59693,1,0,21,"zahranicie, zahranicie - ostatne",71
2196,59785,1,0,25,"zahranicie, zahranicie - gb",71
2199,59852,1,0,13,"kosicky kraj, kosice - okolie",38
2186,59533,1,0,0,"presovsky kraj, vranov nad toplou",93
2200,59856,1,0,17,"banskobystricky kraj, poltar",71
2197,59844,1,0,0,"zilinsky kraj, ruzomberok",97
2201,59898,1,1,0,"trnavsky kraj, trnava",62
2195,59744,1,0,19,"trenciansky kraj, povazska bystrica",34
2203,59972,1,1,20,"trnavsky kraj, galanta",43
2204,59973,1,1,37,"bratislavsky kraj, bratislava - petrzalka",60
2198,59850,1,0,0,"zahranicie, zahranicie - usa",36
2205,59976,1,0,0,"zahranicie, zahranicie - ostatne",19
2202,59933,1,0,29,"trenciansky kraj, povazska bystrica",74
2208,60128,0,1,35,"zahranicie, zahranicie - ostatne",12
2209,60227,1,0,20,"zahranicie, zahranicie - gb",71
2206,60085,0,1,32,"nitriansky kraj, hurbanovo",57
2210,60331,1,1,19,"trnavsky kraj, hlohovec",26
2207,60104,1,1,0,"zahranicie, zahranicie - ostatne",12
2211,60383,1,0,0,"trenciansky kraj, povazska bystrica",78
2212,60490,1,1,21,"trnavsky kraj, holic",71
2213,60562,0,1,23,"kosicky kraj, michalovce",66
2216,60681,1,0,21,"banskobystricky kraj, rimavska sobota",71
2214,60654,1,1,24,"zilinsky kraj, cadca",93
2219,60796,1,0,19,"presovsky kraj, humenne",31
2217,60688,1,1,10,"kosicky kraj, kosice - okolie",79
2224,60887,1,1,0,"kosicky kraj, kosice - okolie",29
2220,60805,1,1,0,"kosicky kraj, kosice - zapad",40
2221,60850,1,1,0,"bratislavsky kraj, stupava",66
2226,60947,1,0,0,"trnavsky kraj, trnava",69
2222,60854,1,1,0,"bratislavsky kraj, bratislava - devinska nova ves",71
2223,60866,1,1,29,"zahranicie, zahranicie - gb",81
2218,60792,1,1,28,"kosicky kraj, spisska nova ves",69
2227,61006,1,1,0,"presovsky kraj, stara lubovna",47
2225,60914,1,0,31,"kosicky kraj, kosice - juh",64
2215,60675,1,0,18,"trenciansky kraj, puchov",14
2231,61100,1,1,20,"kosicky kraj, spisska nova ves",76
2232,61104,1,1,40,"bratislavsky kraj, senec",50
2230,61093,1,0,20,"presovsky kraj, presov",38
2229,61034,1,0,23,"zilinsky kraj, martin",14
2234,61139,1,1,0,"trnavsky kraj, senica",26
2228,61020,1,0,0,"trnavsky kraj, senica",34
2235,61189,1,0,0,"trenciansky kraj, trencin",43
2236,61240,1,1,0,"kosicky kraj, spisska nova ves",66
2243,61321,1,1,0,"nitriansky kraj, sturovo",14
2237,61241,1,1,18,"kosicky kraj, spisska nova ves",74
2240,61297,1,0,20,"nitriansky kraj, nove zamky",91
2244,61336,1,0,20,"zilinsky kraj, martin",71
2241,61298,0,0,15,"bratislavsky kraj, pezinok",69
2238,61242,1,1,24,"kosicky kraj, spisska nova ves",66
2233,61124,0,1,25,"banskobystricky kraj, filakovo",72
2245,61343,1,0,0,"presovsky kraj, humenne",88
2242,61303,0,0,16,"zahranicie, zahranicie - usa",93
2239,61285,1,1,21,"kosicky kraj, spisska nova ves",74
2246,61356,1,0,19,"kosicky kraj, michalovce",41
2248,61448,1,0,18,"zilinsky kraj, ruzomberok",83
2249,61465,1,0,20,"kosicky kraj, michalovce",76
2247,61364,1,0,20,"kosicky kraj, michalovce",71
2250,61470,1,0,23,"zahranicie, zahranicie - ostatne",72
2251,61524,1,0,0,"bratislavsky kraj, bratislava - ruzinov",71
2252,61610,1,1,22,"kosicky kraj, spisska nova ves",43
2253,61611,1,1,21,"kosicky kraj, spisska nova ves",57
2254,61618,1,0,21,"kosicky kraj, kosice - ostatne",67
2255,61633,1,0,29,"trnavsky kraj, piestany",64
2256,61678,1,0,17,"trenciansky kraj, povazska bystrica",72
2257,61695,1,1,22,"trenciansky kraj, nove mesto nad vahom",64
2258,61807,0,0,0,"banskobystricky kraj, filakovo",36
2259,61923,1,1,20,"banskobystricky kraj, velky krtis",71
2260,61969,1,0,14,"trnavsky kraj, trnava",88
2262,62152,1,0,19,"trnavsky kraj, sered",59
2261,62039,1,0,18,"kosicky kraj, spisska nova ves",88
2264,62184,1,0,19,"nitriansky kraj, zlate moravce",74
2267,62267,1,1,21,"zilinsky kraj, namestovo",48
2263,62170,1,1,20,"trenciansky kraj, trencin",50
2266,62259,1,0,19,"zahranicie, zahranicie - rakusko",84
2269,62359,1,1,24,"bratislavsky kraj, malacky",50
2265,62250,1,0,0,"banskobystricky kraj, filakovo",60
2268,62337,1,1,0,"trnavsky kraj, skalica",66
2271,62483,0,0,0,"kosicky kraj, michalovce",74
2270,62369,0,0,0,"kosicky kraj, roznava",67
2273,62586,1,0,22,"nitriansky kraj, levice",12
2274,62588,1,0,0,"zilinsky kraj, martin",84
2278,62628,1,0,19,"zilinsky kraj, ruzomberok",76
2279,62630,1,1,0,"banskobystricky kraj, banska stiavnica",64
2282,62702,1,0,17,"banskobystricky kraj, lucenec",88
2272,62578,1,0,20,"nitriansky kraj, nitra",66
2283,62717,1,0,16,"banskobystricky kraj, banska bystrica",83
2275,62614,1,0,0,"banskobystricky kraj, ziar nad hronom",67
2284,62735,1,0,0,"zahranicie, zahranicie - ostatne",41
2280,62678,1,0,13,"nitriansky kraj, vrable",45
2276,62622,1,0,0,"banskobystricky kraj, zvolen",91
2277,62623,1,0,20,"trenciansky kraj, prievidza",78
2285,62768,1,0,18,"kosicky kraj, gelnica",31
2286,62792,1,1,22,"presovsky kraj, lipany",69
2288,62828,1,1,18,"banskobystricky kraj, rimavska sobota",45
2281,62693,1,0,0,"banskobystricky kraj, tornala",74
2289,62833,1,0,0,"banskobystricky kraj, banska bystrica",71
2287,62816,1,0,16,"banskobystricky kraj, detva",83
2291,62902,1,1,18,"zilinsky kraj, liptovsky mikulas",81
2292,62987,1,1,0,"nitriansky kraj, nitra",60
2293,63003,1,0,20,"presovsky kraj, vranov nad toplou",79
2294,63019,1,1,0,"trnavsky kraj, piestany",74
2296,63077,1,1,0,"trenciansky kraj, trencin",78
2290,62895,1,0,15,"banskobystricky kraj, nova bana",40
2295,63068,1,1,0,"trenciansky kraj, povazska bystrica",12
2297,63132,1,0,23,"zilinsky kraj, namestovo",71
2298,63191,0,1,0,"trenciansky kraj, partizanske",76
2299,63364,1,1,20,"presovsky kraj, presov",47
2300,63383,1,0,17,"nitriansky kraj, nove zamky",74
2301,63395,1,0,18,"banskobystricky kraj, banska bystrica",88
2303,63452,1,0,15,"zahranicie, zahranicie - gb",88
2304,63457,1,1,17,"banskobystricky kraj, zvolen",81
2306,63514,1,1,19,"kosicky kraj, kosice - okolie",66
2307,63624,1,1,21,"presovsky kraj, presov",34
2309,63649,1,1,0,"presovsky kraj, humenne",29
2305,63508,1,1,18,"kosicky kraj, michalovce",71
2310,63692,0,0,0,"presovsky kraj, poprad",71
2308,63637,0,0,0,"zahranicie, zahranicie - francuzsko",38
2311,63709,1,1,20,"kosicky kraj, michalovce",78
2302,63449,1,1,0,"kosicky kraj, michalovce",71
2315,63781,1,1,20,"kosicky kraj, michalovce",17
2317,63796,1,0,19,"trnavsky kraj, hlohovec",55
2316,63793,0,0,18,"banskobystricky kraj, lucenec",81
2312,63768,1,0,23,"nitriansky kraj, levice",53
2323,63902,0,1,0,"kosicky kraj, velke kapusany",78
2318,63837,1,0,19,"kosicky kraj, michalovce",14
2313,63770,1,0,0,"banskobystricky kraj, banska stiavnica",12
2320,63866,1,1,0,"kosicky kraj, michalovce",72
2322,63882,1,0,22,"zahranicie, zahranicie - kanada",60
2324,63935,1,1,21,"kosicky kraj, michalovce",72
2314,63777,1,1,18,"zilinsky kraj, namestovo",90
2321,63869,1,0,19,"banskobystricky kraj, lucenec",24
2327,63994,1,1,17,"zilinsky kraj, ruzomberok",78
2330,64071,0,1,20,"banskobystricky kraj, lucenec",91
2331,64072,1,1,0,"banskobystricky kraj, filakovo",52
2326,63967,1,0,18,"banskobystricky kraj, banska stiavnica",93
2332,64073,1,1,0,"banskobystricky kraj, filakovo",12
2319,63855,1,1,18,"kosicky kraj, kosice - okolie",29
2325,63959,1,0,21,"zilinsky kraj, cadca",86
2335,64132,1,1,23,"banskobystricky kraj, filakovo",71
2336,64133,0,1,20,"banskobystricky kraj, filakovo",93
2328,64046,1,1,26,"zilinsky kraj, martin",67
2338,64189,1,0,19,"banskobystricky kraj, zvolen",76
2334,64121,1,0,23,"kosicky kraj, kralovsky chlmec",43
2333,64080,1,0,19,"banskobystricky kraj, lucenec",71
2339,64233,1,0,19,"kosicky kraj, michalovce",59
2337,64182,1,0,0,"nitriansky kraj, vrable",16
2329,64065,1,1,20,"banskobystricky kraj, filakovo",78
2340,64305,1,0,18,"zahranicie, zahranicie - ostatne",60
2341,64388,1,1,25,"kosicky kraj, kosice - ostatne",67
2342,64525,1,1,22,"presovsky kraj, bardejov",67
2343,64579,1,1,21,"kosicky kraj, kosice - stare mesto",76
2346,64684,1,0,17,"kosicky kraj, michalovce",60
2344,64596,1,1,20,"kosicky kraj, michalovce",76
2345,64647,1,1,0,"zahranicie, zahranicie - francuzsko",59
2348,64746,1,1,0,"nitriansky kraj, sala",69
2347,64693,1,0,21,"kosicky kraj, michalovce",12
2352,64953,1,0,16,"banskobystricky kraj, filakovo",28
2349,64904,1,1,11,"presovsky kraj, giraltovce",12
2357,65087,1,0,19,"bratislavsky kraj, malacky",62
2350,64930,1,0,0,"nitriansky kraj, nove zamky",36
2351,64933,1,1,0,"zilinsky kraj, turcianske teplice",33
2353,64993,1,0,18,"banskobystricky kraj, lucenec",76
2354,65004,1,0,20,"banskobystricky kraj, rimavska sobota",53
2356,65084,1,0,18,"kosicky kraj, roznava",72
2358,65153,1,1,24,"trenciansky kraj, handlova",74
2355,65054,1,1,23,"trnavsky kraj, hlohovec",66
2359,65309,1,0,19,"zilinsky kraj, ruzomberok",69
2361,65404,1,0,17,"kosicky kraj, michalovce",43
2360,65383,1,0,0,"trnavsky kraj, galanta",69
2364,65514,1,1,20,"kosicky kraj, michalovce",67
2362,65485,1,1,21,"trnavsky kraj, galanta",66
2363,65488,0,0,0,"trnavsky kraj, galanta",69
2365,65559,0,1,0,"zilinsky kraj, ruzomberok",67
2367,65613,1,0,20,"trnavsky kraj, galanta",60
2368,65632,1,1,16,"presovsky kraj, presov",66
2369,65635,1,0,0,"trnavsky kraj, trnava",47
2370,65696,1,0,0,"trnavsky kraj, sered",48
2366,65595,1,1,20,"zilinsky kraj, ruzomberok",69
2371,65732,1,1,0,"zahranicie, zahranicie - gb",78
2372,65737,1,0,0,"trnavsky kraj, galanta",43
2375,65773,1,1,0,"trnavsky kraj, dunajska streda",64
2376,65863,1,1,0,"nitriansky kraj, nove zamky",60
2373,65756,0,0,0,"zilinsky kraj, liptovsky mikulas",59
2377,65904,1,1,0,"zilinsky kraj, zilina",62
2374,65759,1,0,19,"zilinsky kraj, ruzomberok",67
2378,65985,1,0,22,"trnavsky kraj, galanta",50
2379,66026,1,1,0,"presovsky kraj, humenne",67
2382,66131,1,1,38,"bratislavsky kraj, bratislava - ostatne",12
2380,66045,1,0,0,"zilinsky kraj, dolny kubin",16
2381,66067,1,1,28,"trenciansky kraj, prievidza",69
2387,66302,1,0,0,"nitriansky kraj, levice",83
2384,66252,1,0,0,"presovsky kraj, vranov nad toplou",78
2386,66295,1,1,31,"presovsky kraj, presov",62
2383,66140,1,1,21,"trenciansky kraj, povazska bystrica",22
2390,66393,1,0,0,"presovsky kraj, sabinov",67
2385,66255,1,0,20,"banskobystricky kraj, lucenec",16
2388,66328,1,1,22,"trnavsky kraj, piestany",74
2389,66358,1,1,19,"presovsky kraj, stara lubovna",50
2393,66526,1,1,15,"zilinsky kraj, namestovo",84
2392,66512,1,0,18,"kosicky kraj, trebisov",69
2391,66505,0,0,18,"nitriansky kraj, nove zamky",67
2395,66607,0,0,22,"banskobystricky kraj, banska bystrica",81
2394,66568,1,1,17,"zahranicie, zahranicie - usa",59
2401,66753,1,1,0,"kosicky kraj, michalovce",45
2397,66673,1,0,0,"zahranicie, zahranicie - usa",14
2398,66674,1,1,17,"kosicky kraj, michalovce",72
2405,66827,1,0,0,"kosicky kraj, velke kapusany",66
2404,66814,1,1,19,"presovsky kraj, presov",71
2399,66703,1,1,0,"banskobystricky kraj, lucenec",67
2403,66799,1,0,20,"kosicky kraj, kosice - dargovskych hrdinov",16
2400,66704,1,1,14,"nitriansky kraj, nove zamky",72
2402,66790,1,0,0,"nitriansky kraj, surany",40
2396,66645,1,1,19,"kosicky kraj, michalovce",69
2407,66847,1,0,0,"nitriansky kraj, zlate moravce",33
2412,66938,1,1,24,"zilinsky kraj, liptovsky mikulas",76
2411,66906,1,0,23,"nitriansky kraj, nitra",67
2408,66878,1,0,0,"kosicky kraj, michalovce",14
2413,67038,1,0,18,"kosicky kraj, michalovce",28
2406,66834,1,1,19,"banskobystricky kraj, filakovo",72
2409,66880,1,0,17,"kosicky kraj, michalovce",52
2410,66882,1,0,18,"kosicky kraj, michalovce",55
2416,67098,1,0,19,"kosicky kraj, michalovce",41
2415,67072,1,0,17,"nitriansky kraj, surany",40
2417,67102,1,0,18,"kosicky kraj, gelnica",14
2414,67058,1,1,21,"nitriansky kraj, topolcany",81
2419,67249,1,0,21,"zilinsky kraj, ruzomberok",78
2418,67180,0,1,0,"banskobystricky kraj, lucenec",12
2420,67267,1,1,0,"banskobystricky kraj, lucenec",83
2422,67426,1,1,18,"kosicky kraj, michalovce",31
2425,67457,0,0,0,"zahranicie, zahranicie - usa",69
2423,67432,1,0,18,"kosicky kraj, michalovce",83
2428,67501,1,1,17,"zilinsky kraj, zilina",69
2421,67425,1,1,21,"kosicky kraj, michalovce",71
2427,67492,1,1,0,"presovsky kraj, vranov nad toplou",76
2424,67449,1,0,17,"kosicky kraj, michalovce",60
2426,67470,1,1,23,"banskobystricky kraj, velky krtis",71
2429,67587,1,1,29,"bratislavsky kraj, bratislava - petrzalka",66
2430,67613,1,1,0,"trenciansky kraj, trencin",86
2433,67673,1,0,0,"banskobystricky kraj, lucenec",34
2435,67712,0,1,22,"presovsky kraj, poprad",90
2431,67615,1,1,18,"kosicky kraj, trebisov",26
2434,67705,1,0,19,"kosicky kraj, michalovce",45
2432,67633,1,1,0,"bratislavsky kraj, bratislava - okolie",72
2436,67801,1,0,18,"kosicky kraj, michalovce",81
2439,67915,1,1,0,"bratislavsky kraj, bratislava - petrzalka",28
2438,67842,1,1,23,"kosicky kraj, strazske",74
2441,67957,1,1,18,"nitriansky kraj, topolcany",66
2440,67920,1,1,23,"kosicky kraj, trebisov",64
2437,67827,1,1,19,"kosicky kraj, michalovce",67
2443,68073,1,0,0,"banskobystricky kraj, banska stiavnica",66
2444,68075,0,0,18,"kosicky kraj, michalovce",76
2445,68079,1,0,19,"kosicky kraj, trebisov",79
2442,68039,1,0,18,"zilinsky kraj, tvrdosin",55
2448,68201,0,0,0,"trenciansky kraj, nove mesto nad vahom",22
2446,68150,1,1,22,"zilinsky kraj, dolny kubin",48
2450,68260,1,1,20,"zahranicie, zahranicie - gb",81
2447,68175,1,0,0,"presovsky kraj, humenne",64
2449,68205,1,0,15,"trnavsky kraj, holic",74
2451,68332,0,0,0,"banskobystricky kraj, zvolen",41
2454,68408,1,0,0,"kosicky kraj, gelnica",81
2453,68360,1,1,0,"trenciansky kraj, trencin",64
2452,68351,1,0,0,"zilinsky kraj, zilina",81
2458,68551,1,1,0,"trenciansky kraj, nove mesto nad vahom",86
2460,68596,1,0,21,"zahranicie, zahranicie - ostatne",67
2459,68574,1,1,21,"zahranicie, zahranicie - gb",74
2461,68600,1,0,0,"kosicky kraj, gelnica",84
2462,68601,1,0,19,"banskobystricky kraj, tisovec",81
2465,68633,1,1,0,"zahranicie, zahranicie - usa",52
2464,68619,0,0,0,"presovsky kraj, vranov nad toplou",95
2466,68637,1,1,19,"banskobystricky kraj, zarnovica",12
2456,68471,1,1,21,"trnavsky kraj, galanta",67
2457,68473,1,1,24,"bratislavsky kraj, bratislava - petrzalka",76
2463,68607,1,0,17,"kosicky kraj, trebisov",69
2455,68427,1,0,0,"presovsky kraj, poprad",64
2470,68889,1,0,22,"trenciansky kraj, prievidza",69
2467,68744,0,0,0,"kosicky kraj, michalovce",12
2469,68833,1,0,0,"presovsky kraj, levoca",60
2468,68758,1,0,0,"zahranicie, zahranicie - ostatne",55
2471,69018,1,0,17,"zilinsky kraj, namestovo",28
2477,69173,1,0,0,"trnavsky kraj, sered",14
2480,69226,1,1,0,"nitriansky kraj, nitra",16
2476,69149,1,1,20,"trnavsky kraj, trnava",36
2472,69102,1,1,18,"trnavsky kraj, sered",14
2473,69125,1,0,0,"trnavsky kraj, skalica",76
2474,69127,1,1,15,"banskobystricky kraj, brezno",81
2482,69246,1,0,16,"nitriansky kraj, nitra",31
2475,69135,1,1,19,"nitriansky kraj, nitra",69
2481,69240,1,1,22,"kosicky kraj, roznava",64
2483,69306,1,1,22,"zahranicie, zahranicie - nemecko",72
2479,69206,1,0,0,"kosicky kraj, velke kapusany",79
2484,69340,1,0,14,"presovsky kraj, stara lubovna",62
2486,69410,1,0,19,"kosicky kraj, spisska nova ves",71
2478,69176,1,0,0,"trnavsky kraj, sered",40
2487,69416,1,0,17,"kosicky kraj, krompachy",93
2488,69455,1,0,16,"presovsky kraj, snina",17
2490,69497,1,1,0,"presovsky kraj, presov",59
2489,69484,0,1,22,"trnavsky kraj, sered",16
2491,69545,1,0,17,"kosicky kraj, michalovce",52
2485,69375,1,1,21,"presovsky kraj, poprad",72
2493,69596,1,1,18,"kosicky kraj, kosice - sidlisko tahanovce",71
2494,69651,1,0,18,"zahranicie, zahranicie - gb",84
2495,69706,1,1,0,"trnavsky kraj, galanta",88
2492,69555,1,1,20,"kosicky kraj, kosice - ostatne",64
2496,69739,1,0,19,"kosicky kraj, kosice - dargovskych hrdinov",72
2499,69798,1,1,0,"bratislavsky kraj, bratislava - devinska nova ves",12
2497,69748,1,0,21,"presovsky kraj, stara lubovna",74
2500,69876,1,1,0,"bratislavsky kraj, malacky",52
2502,69917,0,1,20,"ceska republika, cz - jihomoravsky kraj",67
2498,69795,1,1,0,"nitriansky kraj, sahy",72
2501,69914,1,0,0,"kosicky kraj, spisska nova ves",79
2503,69937,1,0,0,"bratislavsky kraj, senec",28
2505,70084,1,1,25,"trnavsky kraj, galanta",55
2504,70033,1,1,17,"banskobystricky kraj, lucenec",72
2508,70132,1,1,0,"trnavsky kraj, galanta",17
2506,70088,1,1,19,"trnavsky kraj, galanta",67
2509,70180,1,0,0,"trnavsky kraj, samorin",66
2512,70276,1,0,0,"kosicky kraj, kosice - ostatne",34
2507,70110,1,0,0,"bratislavsky kraj, malacky",84
2511,70265,1,1,0,"presovsky kraj, presov",19
2515,70396,1,0,18,"trenciansky kraj, nove mesto nad vahom",79
2514,70385,1,1,25,"presovsky kraj, poprad",12
2510,70260,1,0,17,"zilinsky kraj, zilina",83
2513,70318,1,1,37,"banskobystricky kraj, ziar nad hronom",66
2517,70435,0,0,23,"bratislavsky kraj, bratislava - petrzalka",59
2519,70532,1,0,21,"presovsky kraj, snina",71
2520,70561,1,0,22,"kosicky kraj, kosice - sidlisko tahanovce",76
2516,70422,1,1,28,"zahranicie, zahranicie - gb",45
2521,70597,1,0,19,"zilinsky kraj, tvrdosin",21
2524,70669,1,0,27,"nitriansky kraj, nove zamky",52
2522,70631,1,1,0,"kosicky kraj, kosice - sidlisko tahanovce",16
2523,70643,1,1,22,"kosicky kraj, kosice - stare mesto",12
2525,70712,1,1,15,"zilinsky kraj, zilina",62
2526,70727,1,0,19,"kosicky kraj, kosice - zapad",41
2527,70757,1,1,21,"bratislavsky kraj, bratislava - ostatne",34
2518,70530,1,0,23,"kosicky kraj, kosice - zapad",71
2528,70782,1,0,20,"trenciansky kraj, dubnica nad vahom",64
2529,70881,1,1,0,"kosicky kraj, cierna nad tisou",29
2531,70981,0,1,0,"nitriansky kraj, komarno",64
2532,71014,1,0,0,"kosicky kraj, kosice - juh",12
2530,70914,1,0,20,"trnavsky kraj, senica",17
2535,71074,1,0,17,"trnavsky kraj, trnava",79
2536,71076,1,0,18,"banskobystricky kraj, lucenec",90
2534,71051,1,0,19,"presovsky kraj, presov",74
2533,71017,1,1,0,"kosicky kraj, michalovce",69
2537,71117,1,1,18,"nitriansky kraj, topolcany",41
2538,71187,1,1,0,"zilinsky kraj, martin",33
2541,71269,1,0,0,"presovsky kraj, poprad",22
2540,71226,1,1,0,"kosicky kraj, kosice - okolie",16
2542,71357,1,1,21,"bratislavsky kraj, malacky",64
2539,71203,1,0,0,"kosicky kraj, moldava nad bodvou",95
2543,71361,1,1,23,"ceska republika, cz - praha",84
2544,71367,1,1,20,"kosicky kraj, kosice - okolie",66
2547,71426,1,0,0,"trenciansky kraj, ilava",86
2548,71487,1,0,18,"trnavsky kraj, trnava",50
2545,71384,1,1,20,"zilinsky kraj, zilina",83
2546,71414,1,1,19,"kosicky kraj, kosice - okolie",26
2549,71605,1,1,20,"nitriansky kraj, nitra",12
2550,71657,1,0,20,"trnavsky kraj, senica",76
2551,71704,1,1,22,"nitriansky kraj, nitra",64
2552,71873,1,1,19,"banskobystricky kraj, tornala",66
2553,71914,0,1,18,"bratislavsky kraj, bratislava - stare mesto",90
2554,71950,1,1,19,"presovsky kraj, presov",69
2558,72067,1,1,0,"zilinsky kraj, ruzomberok",66
2555,72024,1,0,16,"nitriansky kraj, nove zamky",69
2557,72040,1,0,17,"zilinsky kraj, cadca",36
2559,72104,1,1,0,"nitriansky kraj, vrable",69
2564,72287,1,1,26,"kosicky kraj, kosice - okolie",72
2560,72171,1,1,0,"ceska republika, cz - jihomoravsky kraj",98
2565,72294,1,1,17,"zahranicie, zahranicie - gb",84
2556,72029,1,1,19,"kosicky kraj, michalovce",14
2563,72283,1,1,0,"kosicky kraj, trebisov",84
2566,72296,1,0,16,"zahranicie, zahranicie - gb",93
2561,72209,1,0,20,"kosicky kraj, roznava",57
2567,72347,1,1,0,"kosicky kraj, kosice - okolie",78
2562,72268,1,1,27,"ceska republika, cz - liberecky kraj",71
2568,72348,0,1,16,"zahranicie, zahranicie - gb",72
2569,72366,1,1,0,"zilinsky kraj, zilina",60
2573,72452,0,1,0,"presovsky kraj, poprad",84
2570,72390,1,1,17,"kosicky kraj, kosice - okolie",98
2572,72448,0,1,0,"presovsky kraj, snina",88
2574,72478,1,1,20,"trenciansky kraj, povazska bystrica",60
2577,72603,0,1,22,"zahranicie, zahranicie - gb",88
2576,72574,0,1,20,"zahranicie, zahranicie - kanada",79
2575,72562,1,1,19,"presovsky kraj, bardejov",90
2578,72605,1,1,18,"nitriansky kraj, sahy",84
2571,72399,1,1,0,"banskobystricky kraj, tisovec",88
2579,72643,1,0,0,"zilinsky kraj, zilina",34
2584,72751,0,1,19,"zahranicie, zahranicie - gb",57
2581,72737,1,1,18,"zahranicie, zahranicie - gb",78
2582,72744,1,1,0,"presovsky kraj, levoca",95
2583,72747,0,1,0,"kosicky kraj, kosice - dargovskych hrdinov",36
2580,72733,1,1,20,"kosicky kraj, sobrance",76
2585,72884,1,1,18,"zilinsky kraj, namestovo",93
2586,72892,1,0,17,"presovsky kraj, bardejov",83
2589,72964,1,0,0,"trenciansky kraj, puchov",84
2587,72927,1,1,0,"zilinsky kraj, liptovsky mikulas",53
2591,72992,1,1,30,"bratislavsky kraj, bratislava - vrakuna",81
2590,72980,1,1,20,"nitriansky kraj, nitra",31
2588,72928,1,1,20,"banskobystricky kraj, rimavska sobota",14
2593,73051,1,0,17,"ceska republika, cz - ostravsky kraj",88
2594,73107,1,1,20,"banskobystricky kraj, banska bystrica",62
2592,73049,1,0,23,"bratislavsky kraj, bratislava - stare mesto",12
2595,73145,1,1,16,"kosicky kraj, dobsina",78
2596,73170,1,1,0,"zilinsky kraj, namestovo",21
2598,73444,1,1,0,"trnavsky kraj, trnava",59
2597,73239,1,0,19,"nitriansky kraj, nitra",12
2599,73490,1,1,18,"presovsky kraj, presov",34
2600,73491,1,1,19,"ceska republika, cz - zlinsky kraj",12
2601,73592,1,0,0,"banskobystricky kraj, banska bystrica",100
2603,73627,0,1,0,"presovsky kraj, presov",36
2604,73637,1,1,21,"kosicky kraj, kosice - krasna nad hornadom",59
2602,73611,1,1,20,"trnavsky kraj, hlohovec",38
2605,73646,1,0,21,"zahranicie, zahranicie - gb",48
2608,73675,1,1,0,"kosicky kraj, roznava",72
2609,73699,1,1,16,"kosicky kraj, trebisov",28
2611,73712,1,0,22,"zahranicie, zahranicie - australia",79
2614,73757,1,1,19,"banskobystricky kraj, rimavska sobota",60
2612,73715,1,1,16,"kosicky kraj, roznava",53
2610,73704,1,1,23,"kosicky kraj, roznava",43
2613,73718,1,1,0,"kosicky kraj, kosice - krasna nad hornadom",66
2606,73661,1,1,0,"zahranicie, zahranicie - gb",90
2607,73665,1,1,16,"banskobystricky kraj, banska bystrica",50
2618,73881,1,0,19,"trnavsky kraj, hlohovec",78
2620,73906,1,0,0,"nitriansky kraj, nove zamky",83
2615,73765,1,0,0,"nitriansky kraj, nove zamky",21
2617,73853,1,1,20,"banskobystricky kraj, rimavska sobota",78
2616,73819,1,1,0,"zahranicie, zahranicie - gb",76
2626,73998,1,1,22,"banskobystricky kraj, detva",67
2628,74030,1,1,0,"kosicky kraj, roznava",53
2619,73890,0,0,24,"nitriansky kraj, nove zamky",31
2629,74048,1,1,0,"kosicky kraj, roznava",81
2631,74061,1,1,17,"kosicky kraj, roznava",78
2630,74054,1,1,0,"kosicky kraj, roznava",76
2627,74006,1,0,0,"trenciansky kraj, banovce nad bebravou",71
2621,73945,1,1,0,"kosicky kraj, moldava nad bodvou",71
2625,73979,1,1,20,"kosicky kraj, roznava",76
2633,74182,1,0,19,"trenciansky kraj, myjava",72
2622,73959,1,1,18,"banskobystricky kraj, tornala",79
2623,73961,0,1,27,"kosicky kraj, roznava",81
2632,74084,1,0,0,"kosicky kraj, michalovce",84
2624,73965,1,1,20,"kosicky kraj, roznava",74
2634,74253,1,1,16,"banskobystricky kraj, zvolen",78
2637,74315,1,1,17,"kosicky kraj, roznava",48
2635,74257,1,0,0,"banskobystricky kraj, zvolen",14
2636,74310,1,1,0,"kosicky kraj, kosice - ostatne",47
2640,74449,1,1,22,"ceska republika, cz - ostravsky kraj",64
2639,74395,1,1,19,"kosicky kraj, roznava",71
2638,74352,1,1,0,"zilinsky kraj, ruzomberok",72
2642,74494,1,1,0,"presovsky kraj, kezmarok",79
2644,74523,1,1,25,"trenciansky kraj, stara tura",12
2641,74472,1,1,25,"kosicky kraj, roznava",69
2645,74582,0,1,0,"banskobystricky kraj, banska bystrica",84
2649,74643,1,0,19,"zilinsky kraj, vrutky",78
2643,74515,1,1,0,"banskobystricky kraj, banska bystrica",48
2646,74590,1,1,0,"banskobystricky kraj, banska bystrica",81
2647,74632,1,1,0,"banskobystricky kraj, banska bystrica",79
2651,74749,1,1,16,"presovsky kraj, bardejov",21
2652,74762,1,0,20,"banskobystricky kraj, brezno",74
2648,74639,1,0,0,"banskobystricky kraj, nova bana",66
2650,74740,1,0,0,"trenciansky kraj, trencin",17
2654,74784,0,0,16,"zilinsky kraj, martin",76
2653,74770,1,1,0,"zilinsky kraj, zilina",53
2660,74926,0,1,23,"presovsky kraj, presov",64
2655,74818,1,0,18,"trenciansky kraj, nove mesto nad vahom",71
2657,74848,1,0,0,"trenciansky kraj, povazska bystrica",60
2656,74831,0,0,19,"banskobystricky kraj, lucenec",12
2659,74923,1,0,37,"zilinsky kraj, dolny kubin",76
2658,74875,1,0,15,"trenciansky kraj, banovce nad bebravou",64
2661,74962,1,0,19,"presovsky kraj, bardejov",60
2662,74969,1,0,19,"trnavsky kraj, trnava",76
2665,75136,1,1,18,"presovsky kraj, presov",34
2664,75124,1,1,15,"zilinsky kraj, zilina",88
2663,75013,1,1,17,"banskobystricky kraj, lucenec",71
2667,75202,1,1,20,"banskobystricky kraj, banska bystrica",53
2666,75144,1,1,0,"kosicky kraj, kosice - sidlisko tahanovce",33
2668,75254,1,1,23,"bratislavsky kraj, bratislava - devinska nova ves",16
2669,75281,1,0,0,"bratislavsky kraj, bratislava - dubravka",53
2670,75326,1,1,20,"trnavsky kraj, galanta",62
2671,75381,1,1,21,"banskobystricky kraj, banska bystrica",71
2675,75496,1,0,17,"banskobystricky kraj, banska bystrica",14
2676,75498,1,1,0,"banskobystricky kraj, banska bystrica",12
2677,75529,1,1,20,"kosicky kraj, kosice - okolie",78
2672,75383,1,1,20,"presovsky kraj, lipany",71
2678,75532,1,1,21,"kosicky kraj, kosice - sidlisko tahanovce",71
2673,75475,1,1,0,"kosicky kraj, cierna nad tisou",72
2674,75495,1,1,19,"ceska republika, cz - zlinsky kraj",88
2686,75691,1,1,20,"kosicky kraj, gelnica",67
2681,75608,1,1,21,"trenciansky kraj, trencin",57
2679,75535,1,1,20,"kosicky kraj, roznava",14
2682,75609,1,0,0,"kosicky kraj, roznava",71
2683,75613,1,1,22,"bratislavsky kraj, bratislava - nove mesto",71
2685,75675,1,0,0,"zahranicie, zahranicie - usa",98
2680,75592,1,1,20,"zahranicie, zahranicie - ostatne",69
2684,75652,1,1,18,"zahranicie, zahranicie - australia",22
2687,75748,0,1,19,"trenciansky kraj, banovce nad bebravou",72
2688,75750,1,1,17,"zilinsky kraj, zilina",90
2689,75777,1,1,0,"presovsky kraj, presov",31
2690,75778,1,0,17,"kosicky kraj, roznava",28
2691,75957,0,1,0,"kosicky kraj, kosice - zapad",59
2693,76070,1,1,19,"trnavsky kraj, trnava",69
2694,76084,1,1,0,"zahranicie, zahranicie - australia",69
2692,76018,1,1,0,"zilinsky kraj, dolny kubin",62
2695,76109,1,0,0,"nitriansky kraj, nove zamky",88
2696,76209,1,1,0,"banskobystricky kraj, lucenec",79
2697,76212,1,1,25,"kosicky kraj, spisska nova ves",12
2700,76266,1,0,19,"kosicky kraj, kosice - okolie",84
2704,76369,1,0,17,"trnavsky kraj, trnava",93
2706,76385,1,1,0,"trnavsky kraj, senica",66
2698,76255,1,0,0,"presovsky kraj, presov",14
2701,76281,1,0,0,"presovsky kraj, presov",60
2705,76378,1,0,17,"trenciansky kraj, nove mesto nad vahom",29
2699,76259,1,0,17,"presovsky kraj, presov",78
2703,76354,1,0,0,"trenciansky kraj, puchov",86
2702,76286,1,1,19,"zahranicie, zahranicie - australia",81
2707,76467,1,1,24,"nitriansky kraj, sturovo",74
2711,76651,1,1,20,"trnavsky kraj, galanta",71
2708,76629,1,0,17,"nitriansky kraj, nove zamky",83
2713,76726,1,0,20,"trnavsky kraj, galanta",60
2709,76631,1,0,24,"trnavsky kraj, galanta",12
2710,76633,1,0,24,"trnavsky kraj, galanta",71
2712,76715,0,0,0,"trenciansky kraj, puchov",72
2718,76793,1,0,20,"banskobystricky kraj, brezno",66
2714,76731,1,1,0,"trnavsky kraj, galanta",53
2715,76732,1,0,20,"trnavsky kraj, galanta",12
2717,76760,1,0,19,"banskobystricky kraj, brezno",57
2720,76868,1,0,17,"zilinsky kraj, cadca",81
2716,76737,1,0,20,"trnavsky kraj, galanta",14
2721,76888,1,1,22,"banskobystricky kraj, banska bystrica",59
2725,76966,1,1,0,"banskobystricky kraj, banska stiavnica",21
2719,76854,1,0,17,"zilinsky kraj, rajec",55
2722,76916,1,0,18,"zilinsky kraj, cadca",86
2723,76928,1,0,0,"bratislavsky kraj, bratislava - petrzalka",19
2726,76968,1,0,0,"bratislavsky kraj, bratislava - raca",17
2724,76959,1,0,0,"zahranicie, zahranicie - ostatne",31
2728,77020,1,1,19,"kosicky kraj, trebisov",64
2729,77023,0,1,20,"banskobystricky kraj, zvolen",45
2731,77124,1,0,0,"zilinsky kraj, namestovo",90
2732,77161,1,1,22,"banskobystricky kraj, banska bystrica",59
2727,77003,1,0,17,"ceska republika, cz - jihomoravsky kraj",16
2734,77177,1,1,45,"bratislavsky kraj, bratislava - okolie",57
2735,77224,1,1,20,"banskobystricky kraj, banska bystrica",16
2733,77174,1,0,16,"zahranicie, zahranicie - ostatne",21
2730,77069,1,1,21,"presovsky kraj, medzilaborce",53
2737,77258,1,1,0,"banskobystricky kraj, hnusta",79
2738,77259,1,1,17,"banskobystricky kraj, hnusta",97
2743,77312,1,1,16,"kosicky kraj, michalovce",79
2739,77261,0,1,0,"bratislavsky kraj, bratislava - dubravka",12
2736,77231,0,1,23,"kosicky kraj, kosice - ostatne",57
2740,77262,1,1,17,"bratislavsky kraj, bratislava - petrzalka",83
2742,77289,1,0,22,"zilinsky kraj, namestovo",45
2746,77432,1,1,22,"zilinsky kraj, martin",72
2744,77330,1,1,20,"banskobystricky kraj, banska bystrica",71
2745,77375,1,1,21,"nitriansky kraj, komarno",67
2741,77277,1,1,19,"presovsky kraj, levoca",79
2747,77500,1,0,0,"kosicky kraj, kosice - juh",17
2748,77547,0,1,0,"bratislavsky kraj, bratislava - stare mesto",33
2749,77548,1,1,23,"presovsky kraj, poprad",64
2751,77633,1,0,0,"banskobystricky kraj, poltar",83
2752,77647,1,1,17,"banskobystricky kraj, banska bystrica",59
2755,77732,1,1,44,"zahranicie, zahranicie - rakusko",59
2753,77677,0,1,0,"presovsky kraj, poprad",17
2750,77616,0,1,0,"kosicky kraj, kosice - okolie",67
2756,77761,1,1,22,"kosicky kraj, spisska nova ves",60
2754,77721,1,1,17,"zahranicie, zahranicie - gb",16
2757,77769,1,1,19,"presovsky kraj, presov",83
2759,77860,1,1,20,"kosicky kraj, spisska nova ves",66
2760,77862,1,1,0,"zilinsky kraj, martin",17
2761,77932,1,1,21,"banskobystricky kraj, velky krtis",71
2762,77933,1,1,0,"nitriansky kraj, komarno",60
2763,77935,1,1,21,"bratislavsky kraj, bratislava - petrzalka",21
2758,77819,1,0,0,"presovsky kraj, svidnik",67
2764,77948,1,0,17,"banskobystricky kraj, lucenec",22
2769,78051,1,0,20,"presovsky kraj, svidnik",21
2766,77989,1,0,0,"banskobystricky kraj, lucenec",74
2767,78028,1,0,20,"trnavsky kraj, leopoldov",53
2772,78067,1,1,21,"banskobystricky kraj, krupina",78
2773,78068,1,0,0,"trnavsky kraj, holic",16
2770,78055,1,0,20,"presovsky kraj, svidnik",67
2771,78056,1,1,0,"presovsky kraj, svidnik",74
2765,77982,1,1,21,"nitriansky kraj, zlate moravce",79
2775,78139,1,1,20,"banskobystricky kraj, banska bystrica",66
2774,78112,1,1,0,"presovsky kraj, svidnik",71
2768,78038,1,1,19,"banskobystricky kraj, banska bystrica",74
2777,78156,1,1,19,"kosicky kraj, kosice - sever",90
2778,78232,0,1,0,"nitriansky kraj, sala",14
2776,78146,1,1,21,"presovsky kraj, presov",72
2779,78290,1,1,0,"presovsky kraj, medzilaborce",33
2780,78291,1,1,0,"nitriansky kraj, nove zamky",71
2781,78297,1,1,16,"kosicky kraj, kosice - okolie",57
2782,78298,1,1,0,"kosicky kraj, kralovsky chlmec",24
2785,78321,1,1,0,"banskobystricky kraj, krupina",71
2783,78300,1,1,0,"kosicky kraj, gelnica",69
2784,78309,1,1,19,"kosicky kraj, trebisov",88
2792,78471,1,1,0,"kosicky kraj, kosice - okolie",19
2795,78483,1,1,0,"kosicky kraj, kosice - okolie",62
2793,78476,1,1,20,"kosicky kraj, trebisov",71
2788,78432,1,0,19,"trenciansky kraj, puchov",69
2797,78571,0,1,0,"banskobystricky kraj, ziar nad hronom",52
2794,78478,1,1,14,"kosicky kraj, trebisov",22
2789,78454,1,1,19,"banskobystricky kraj, banska bystrica",59
2798,78574,1,0,20,"banskobystricky kraj, hnusta",64
2799,78575,1,1,20,"banskobystricky kraj, krupina",71
2790,78455,1,0,0,"banskobystricky kraj, banska bystrica",14
2800,78617,1,1,0,"presovsky kraj, lipany",60
2801,78626,1,1,21,"banskobystricky kraj, banska bystrica",71
2791,78463,1,1,18,"banskobystricky kraj, banska bystrica",29
2803,78681,1,1,0,"banskobystricky kraj, rimavska sobota",69
2786,78416,1,1,0,"banskobystricky kraj, banska bystrica",38
2796,78554,1,0,15,"presovsky kraj, sabinov",88
2804,78709,1,0,17,"zilinsky kraj, dolny kubin",14
2787,78420,0,1,0,"zahranicie, zahranicie - nemecko",60
2805,78726,1,0,0,"nitriansky kraj, surany",78
2802,78674,1,1,17,"zahranicie, zahranicie - usa",76
2806,78760,1,1,0,"zahranicie, zahranicie - francuzsko",29
2810,78846,1,0,0,"trenciansky kraj, novaky",69
2812,78873,1,1,18,"kosicky kraj, roznava",26
2807,78778,1,0,17,"presovsky kraj, poprad",76
2809,78837,0,1,19,"zahranicie, zahranicie - gb",79
2808,78818,1,0,23,"banskobystricky kraj, rimavska sobota",52
2815,78992,1,1,16,"kosicky kraj, gelnica",86
2816,78994,1,1,0,"trenciansky kraj, novaky",52
2813,78956,1,1,0,"kosicky kraj, kosice - okolie",74
2814,78965,0,1,18,"kosicky kraj, kosice - okolie",81
2811,78867,1,1,19,"kosicky kraj, roznava",69
2818,79023,1,1,0,"bratislavsky kraj, bratislava - okolie",74
2820,79070,1,0,19,"kosicky kraj, trebisov",67
2819,79025,1,1,17,"zahranicie, zahranicie - gb",12
2817,79019,1,1,15,"banskobystricky kraj, brezno",67
2822,79131,1,0,18,"kosicky kraj, trebisov",78
2825,79190,1,0,0,"kosicky kraj, trebisov",41
2826,79191,1,0,0,"kosicky kraj, trebisov",12
2827,79204,1,0,17,"kosicky kraj, trebisov",67
2823,79136,1,0,17,"kosicky kraj, trebisov",64
2832,79248,1,1,22,"trnavsky kraj, galanta",74
2828,79224,1,0,0,"zahranicie, zahranicie - ostatne",19
2829,79226,1,0,11,"presovsky kraj, giraltovce",24
2821,79092,1,1,26,"bratislavsky kraj, bratislava - devinska nova ves",76
2834,79291,0,0,17,"kosicky kraj, kosice - zapad",26
2824,79152,1,1,0,"zahranicie, zahranicie - usa",67
2831,79243,1,1,0,"zahranicie, zahranicie - nemecko",45
2830,79229,0,0,0,"zahranicie, zahranicie - ostatne",26
2833,79286,1,0,18,"kosicky kraj, roznava",67
2840,79397,1,1,21,"kosicky kraj, roznava",69
2838,79383,1,1,0,"kosicky kraj, michalovce",21
2835,79299,1,0,0,"kosicky kraj, roznava",21
2839,79387,0,1,0,"zahranicie, zahranicie - gb",74
2841,79398,1,1,19,"kosicky kraj, roznava",72
2843,79448,1,1,0,"banskobystricky kraj, brezno",72
2837,79373,1,1,16,"banskobystricky kraj, rimavska sobota",98
2836,79319,0,1,15,"nitriansky kraj, nove zamky",76
2845,79578,1,1,21,"nitriansky kraj, nitra",14
2844,79525,1,1,0,"banskobystricky kraj, jelsava",67
2847,79681,0,0,0,"trenciansky kraj, nove mesto nad vahom",78
2848,79682,1,0,0,"nitriansky kraj, nove zamky",69
2842,79424,1,1,20,"kosicky kraj, kosice - sever",16
2849,79702,1,0,0,"trnavsky kraj, hlohovec",83
2846,79628,1,0,22,"zahranicie, zahranicie - ostatne",60
2850,79732,1,1,17,"presovsky kraj, vranov nad toplou",83
2852,79803,0,1,19,"presovsky kraj, presov",29
2851,79780,0,1,0,"banskobystricky kraj, banska bystrica",28
2854,79888,1,0,0,"banskobystricky kraj, zarnovica",71
2855,79915,1,1,19,"trenciansky kraj, prievidza",16
2856,79951,1,0,18,"zilinsky kraj, ruzomberok",66
2853,79873,1,1,22,"trenciansky kraj, trencin",50
2857,80075,1,1,22,"nitriansky kraj, topolcany",81
2859,80356,0,1,18,"nitriansky kraj, komarno",86
2860,80375,1,1,0,"zilinsky kraj, liptovsky mikulas",66
2861,80403,1,1,0,"trenciansky kraj, prievidza",24
2864,80462,1,0,0,"zilinsky kraj, trstena",59
2862,80449,1,0,18,"zahranicie, zahranicie - ostatne",34
2865,80481,1,0,17,"nitriansky kraj, nove zamky",81
2858,80355,1,0,17,"zilinsky kraj, ruzomberok",40
2866,80506,1,0,20,"trenciansky kraj, prievidza",26
2863,80459,1,0,19,"zilinsky kraj, trstena",69
2868,80659,1,0,0,"banskobystricky kraj, zvolen",21
2867,80591,1,0,19,"trenciansky kraj, prievidza",66
2870,80780,1,1,0,"bratislavsky kraj, bratislava - karlova ves",17
2871,80783,1,1,20,"zahranicie, zahranicie - gb",79
2872,80784,1,1,0,"zahranicie, zahranicie - gb",29
2869,80727,1,1,0,"zahranicie, zahranicie - gb",60
2873,80789,1,1,15,"zahranicie, zahranicie - gb",17
2874,80855,1,1,18,"zahranicie, zahranicie - ostatne",78
2875,80856,1,1,18,"trnavsky kraj, skalica",79
2878,80990,1,1,17,"trnavsky kraj, senica",36
2876,80976,1,1,0,"zilinsky kraj, ruzomberok",57
2880,81036,1,0,0,"trenciansky kraj, prievidza",66
2879,80996,1,1,21,"presovsky kraj, presov",71
2883,81093,1,0,20,"kosicky kraj, trebisov",16
2881,81071,1,1,18,"trnavsky kraj, skalica",69
2877,80985,1,1,0,"kosicky kraj, sobrance",62
2889,81241,1,0,17,"trenciansky kraj, prievidza",19
2882,81084,1,1,0,"kosicky kraj, kosice - saca",79
2884,81154,1,1,0,"banskobystricky kraj, banska bystrica",19
2886,81202,0,0,20,"presovsky kraj, presov",45
2888,81230,1,1,0,"trenciansky kraj, prievidza",64
2887,81205,1,1,0,"bratislavsky kraj, bratislava - ostatne",76
2885,81178,1,1,20,"trnavsky kraj, velky meder",66
2891,81423,1,1,0,"kosicky kraj, michalovce",74
2892,81438,1,1,18,"trnavsky kraj, senica",74
2894,81490,1,1,0,"bratislavsky kraj, bratislava - petrzalka",71
2893,81447,1,0,16,"trnavsky kraj, senica",19
2895,81495,1,1,0,"zilinsky kraj, ruzomberok",62
2897,81531,1,1,19,"banskobystricky kraj, brezno",81
2890,81414,1,1,21,"nitriansky kraj, komarno",64
2896,81520,1,0,16,"banskobystricky kraj, brezno",34
2898,81553,1,1,0,"banskobystricky kraj, lucenec",71
2902,81669,1,1,23,"zilinsky kraj, ruzomberok",76
2903,81721,1,1,23,"presovsky kraj, snina",60
2900,81652,1,0,15,"banskobystricky kraj, filakovo",76
2904,81739,1,0,17,"zilinsky kraj, namestovo",12
2908,81796,1,1,17,"banskobystricky kraj, brezno",67
2901,81659,1,0,19,"presovsky kraj, stara lubovna",38
2899,81615,1,1,0,"nitriansky kraj, nitra",69
2905,81763,1,1,36,"bratislavsky kraj, bratislava - nove mesto",62
2909,81816,1,0,20,"trenciansky kraj, handlova",67
2906,81787,1,0,19,"banskobystricky kraj, banska bystrica",14
2910,81882,1,1,22,"trenciansky kraj, bojnice",60
2907,81793,1,0,0,"banskobystricky kraj, brezno",57
2912,81958,1,0,0,"presovsky kraj, presov",72
2911,81911,1,0,19,"zilinsky kraj, namestovo",66
2913,82081,1,1,24,"trnavsky kraj, galanta",74
2914,82084,1,1,26,"nitriansky kraj, nove zamky",48
2915,82114,1,0,20,"zilinsky kraj, ruzomberok",36
2917,82220,1,1,12,"trenciansky kraj, nove mesto nad vahom",90
2918,82239,1,1,21,"banskobystricky kraj, revuca",19
2919,82382,1,0,17,"nitriansky kraj, komarno",79
2916,82134,1,1,23,"trenciansky kraj, prievidza",76
2920,82414,1,0,19,"trenciansky kraj, prievidza",34
2921,82444,1,0,19,"kosicky kraj, trebisov",28
2923,82623,1,0,22,"zilinsky kraj, martin",74
2922,82618,1,1,18,"presovsky kraj, vranov nad toplou",55
2924,82628,1,0,20,"zilinsky kraj, martin",72
2926,82658,1,0,16,"zilinsky kraj, namestovo",66
2925,82649,0,0,0,"zahranicie, zahranicie - rakusko",88
2929,82816,1,0,18,"zilinsky kraj, turcianske teplice",16
2927,82729,1,0,18,"zilinsky kraj, trstena",26
2928,82782,1,0,23,"presovsky kraj, stara lubovna",74
2930,82859,1,0,20,"trenciansky kraj, trencin",12
2933,82925,1,0,0,"banskobystricky kraj, brezno",66
2932,82899,1,1,0,"zahranicie, zahranicie - usa",66
2939,83026,1,1,21,"trenciansky kraj, prievidza",69
2931,82886,1,1,0,"banskobystricky kraj, filakovo",67
2940,83075,1,1,21,"zilinsky kraj, namestovo",67
2938,83014,1,0,0,"zilinsky kraj, dolny kubin",76
2942,83147,1,0,18,"zahranicie, zahranicie - usa",22
2934,82930,1,1,19,"zilinsky kraj, ruzomberok",57
2935,82932,1,1,36,"zilinsky kraj, ruzomberok",62
2936,82934,0,1,17,"zilinsky kraj, ruzomberok",86
2937,82935,1,1,21,"zilinsky kraj, ruzomberok",24
2941,83141,1,1,23,"zilinsky kraj, martin",48
2943,83168,1,0,17,"kosicky kraj, kosice - dargovskych hrdinov",64
2945,83228,1,1,20,"presovsky kraj, poprad",74
2944,83174,1,0,12,"trenciansky kraj, puchov",93
2947,83371,1,1,23,"zilinsky kraj, namestovo",34
2948,83390,1,0,0,"trnavsky kraj, hlohovec",21
2950,83404,1,0,21,"bratislavsky kraj, bratislava - ruzinov",69
2949,83392,1,0,21,"trenciansky kraj, trencin",64
2946,83290,0,0,0,"zahranicie, zahranicie - usa",84
2952,83499,1,0,0,"zahranicie, zahranicie - usa",66
2953,83528,1,0,21,"zahranicie, zahranicie - francuzsko",72
2951,83427,1,1,17,"banskobystricky kraj, poltar",72
2955,83598,1,1,21,"zahranicie, zahranicie - ostatne",69
2958,83632,1,1,21,"zilinsky kraj, ruzomberok",59
2960,83695,1,0,0,"trnavsky kraj, piestany",12
2961,83707,0,0,0,"zahranicie, zahranicie - ostatne",40
2954,83550,1,0,15,"kosicky kraj, michalovce",93
2957,83618,1,0,17,"bratislavsky kraj, bratislava - petrzalka",24
2956,83609,1,1,18,"kosicky kraj, kosice - zapad",84
2962,83744,1,0,0,"zilinsky kraj, namestovo",47
2959,83639,1,1,20,"zilinsky kraj, ruzomberok",60
2963,83754,1,1,18,"kosicky kraj, roznava",71
2964,83756,1,1,23,"kosicky kraj, trebisov",45
2967,83822,1,1,0,"kosicky kraj, kosice - sidlisko tahanovce",14
2968,83840,1,0,16,"zilinsky kraj, liptovsky mikulas",71
2969,83883,1,1,21,"kosicky kraj, kosice - krasna nad hornadom",60
2965,83770,1,1,19,"kosicky kraj, trebisov",79
2966,83816,1,1,0,"kosicky kraj, secovce",83
2971,83963,0,1,22,"presovsky kraj, presov",24
2970,83885,1,1,0,"ceska republika, cz - karlovarsky kraj",60
2975,84066,1,0,19,"nitriansky kraj, nitra",71
2972,83978,1,0,20,"kosicky kraj, kosice - okolie",79
2976,84084,1,0,18,"trenciansky kraj, prievidza",83
2973,83983,1,0,21,"kosicky kraj, secovce",69
2977,84090,1,1,17,"banskobystricky kraj, brezno",67
2979,84110,1,1,20,"kosicky kraj, kosice - sidlisko tahanovce",66
2983,84214,1,1,0,"kosicky kraj, kosice - okolie",41
2985,84228,1,1,0,"trenciansky kraj, nove mesto nad vahom",64
2980,84111,1,1,18,"kosicky kraj, kosice - zapad",69
2982,84160,1,1,23,"kosicky kraj, kosice - sidlisko tahanovce",74
2981,84135,0,1,20,"trenciansky kraj, prievidza",62
2974,84043,1,1,22,"kosicky kraj, kosice - zapad",81
2984,84224,1,1,0,"trenciansky kraj, nove mesto nad vahom",88
2986,84249,1,1,21,"kosicky kraj, kosice - sidlisko tahanovce",66
2987,84250,1,1,0,"kosicky kraj, kralovsky chlmec",17
2989,84266,1,0,0,"trenciansky kraj, nove mesto nad vahom",83
2988,84253,1,1,18,"kosicky kraj, kosice - zapad",67
2978,84103,1,1,20,"kosicky kraj, kosice - krasna nad hornadom",74
2991,84440,1,1,0,"banskobystricky kraj, zvolen",14
2994,84496,1,1,16,"trenciansky kraj, nove mesto nad vahom",57
2996,84543,1,0,24,"zilinsky kraj, turcianske teplice",90
2997,84544,1,0,15,"trenciansky kraj, nove mesto nad vahom",67
2990,84433,1,0,17,"banskobystricky kraj, brezno",93
2992,84493,1,1,20,"trenciansky kraj, nove mesto nad vahom",24
2999,84564,1,1,22,"banskobystricky kraj, banska bystrica",76
2998,84550,0,1,0,"trenciansky kraj, stara tura",52
2993,84495,0,1,0,"trenciansky kraj, nove mesto nad vahom",83
3000,84605,1,1,17,"banskobystricky kraj, modry kamen",52
2995,84508,1,0,0,"trnavsky kraj, trnava",81
3001,84624,1,1,20,"presovsky kraj, presov",72
3008,84721,1,1,0,"trenciansky kraj, nove mesto nad vahom",55
3003,84665,1,1,19,"trnavsky kraj, trnava",21
3005,84679,1,0,16,"trenciansky kraj, nove mesto nad vahom",81
3004,84666,0,0,0,"bratislavsky kraj, bratislava - petrzalka",52
3006,84697,1,1,0,"banskobystricky kraj, krupina",69
3002,84655,1,1,23,"kosicky kraj, kosice - krasna nad hornadom",59
3007,84716,1,1,17,"trenciansky kraj, nove mesto nad vahom",81
3012,84874,1,1,19,"trenciansky kraj, handlova",29
3014,84918,1,0,0,"trnavsky kraj, galanta",71
3013,84906,1,0,18,"zilinsky kraj, ruzomberok",81
3009,84823,0,0,0,"trenciansky kraj, nove mesto nad vahom",86
3015,84931,1,0,0,"zahranicie, zahranicie - ostatne",84
3010,84829,1,1,21,"zilinsky kraj, ruzomberok",81
3018,85043,1,1,18,"kosicky kraj, roznava",86
3019,85044,1,0,0,"kosicky kraj, kosice - okolie",84
3011,84847,0,1,20,"kosicky kraj, cierna nad tisou",78
3016,84942,1,1,18,"banskobystricky kraj, banska bystrica",93
3017,85020,1,1,0,"kosicky kraj, kosice - okolie",81
3023,85157,1,0,20,"zilinsky kraj, ruzomberok",14
3021,85145,0,1,0,"presovsky kraj, giraltovce",71
3028,85265,1,1,18,"banskobystricky kraj, banska bystrica",71
3026,85221,1,0,17,"presovsky kraj, presov",62
3027,85253,1,1,20,"presovsky kraj, vranov nad toplou",16
3020,85140,0,0,0,"zahranicie, zahranicie - gb",72
3022,85149,0,1,17,"kosicky kraj, gelnica",76
3024,85183,1,1,20,"banskobystricky kraj, zvolen",71
3029,85298,1,0,20,"presovsky kraj, lipany",72
3025,85185,1,1,18,"kosicky kraj, spisska nova ves",29
3030,85327,1,0,0,"trenciansky kraj, nove mesto nad vahom",62
3032,85390,1,0,0,"presovsky kraj, levoca",66
3034,85444,1,1,0,"bratislavsky kraj, bratislava - okolie",60
3035,85458,1,1,0,"trnavsky kraj, trnava",19
3033,85432,1,1,31,"bratislavsky kraj, bratislava - petrzalka",60
3031,85342,1,1,0,"zahranicie, zahranicie - gb",60
3037,85504,1,1,22,"zahranicie, zahranicie - gb",69
3038,85521,1,1,25,"zahranicie, zahranicie - gb",83
3036,85468,1,0,20,"bratislavsky kraj, bratislava - devinska nova ves",66
3039,85607,1,1,38,"trenciansky kraj, nove mesto nad vahom",40
3043,85673,0,0,0,"presovsky kraj, presov",74
3042,85659,1,0,0,"nitriansky kraj, vrable",79
3045,85772,1,1,25,"presovsky kraj, svit",12
3040,85609,1,1,21,"presovsky kraj, kezmarok",69
3044,85750,1,0,0,"zahranicie, zahranicie - ostatne",86
3041,85648,1,1,20,"kosicky kraj, kosice - juh",60
3047,85877,0,0,0,"kosicky kraj, strazske",26
3046,85809,1,1,13,"kosicky kraj, kosice - stare mesto",12
3048,85891,1,1,20,"zahranicie, zahranicie - usa",64
3052,85908,1,1,29,"trenciansky kraj, myjava",88
3049,85893,0,1,0,"zahranicie, zahranicie - kanada",66
3053,85936,1,1,0,"bratislavsky kraj, bratislava - petrzalka",93
3050,85896,1,0,13,"nitriansky kraj, nitra",66
3051,85897,0,1,28,"kosicky kraj, kosice - sidlisko tahanovce",40
3054,85968,1,1,22,"nitriansky kraj, topolcany",52
3060,86102,1,1,19,"kosicky kraj, kosice - sidlisko tahanovce",71
3059,86092,1,1,0,"kosicky kraj, kosice - juh",62
3057,86006,1,0,0,"zahranicie, zahranicie - gb",41
3056,85994,1,0,16,"trnavsky kraj, sered",55
3055,85976,0,1,16,"zahranicie, zahranicie - gb",81
3058,86055,1,1,23,"kosicky kraj, trebisov",36
3061,86114,1,1,20,"nitriansky kraj, sala",55
3063,86236,1,1,23,"kosicky kraj, spisska nova ves",21
3062,86202,1,0,0,"kosicky kraj, kosice - sidlisko tahanovce",12
3064,86306,1,1,25,"kosicky kraj, kosice - zapad",69
3071,86401,1,0,18,"trenciansky kraj, nove mesto nad vahom",78
3068,86377,1,1,24,"kosicky kraj, kosice - zapad",48
3066,86336,1,0,0,"nitriansky kraj, sala",72
3069,86381,1,1,22,"presovsky kraj, stara lubovna",33
3070,86385,1,1,15,"presovsky kraj, vranov nad toplou",95
3067,86365,1,1,0,"kosicky kraj, kosice - zapad",50
3065,86319,1,1,21,"kosicky kraj, kosice - juh",21
3072,86436,1,1,20,"presovsky kraj, humenne",76
3077,86479,1,0,18,"trnavsky kraj, samorin",26
3073,86455,1,0,0,"bratislavsky kraj, bratislava - okolie",90
3079,86555,1,0,20,"banskobystricky kraj, zvolen",69
3080,86597,1,0,0,"presovsky kraj, vranov nad toplou",19
3074,86470,1,0,20,"trnavsky kraj, dunajska streda",59
3078,86484,1,0,17,"bratislavsky kraj, senec",64
3075,86474,1,0,0,"trnavsky kraj, samorin",76
3076,86475,0,1,0,"zahranicie, zahranicie - usa",88
3082,86657,1,0,0,"banskobystricky kraj, tornala",59
3083,86672,1,1,19,"banskobystricky kraj, poltar",79
3085,86688,1,0,19,"kosicky kraj, medzev",86
3081,86635,1,0,0,"presovsky kraj, presov",64
3086,86724,1,1,21,"nitriansky kraj, topolcany",53
3088,86810,1,1,0,"nitriansky kraj, sahy",67
3089,86811,0,1,21,"trnavsky kraj, galanta",66
3094,86866,1,1,18,"nitriansky kraj, nove zamky",48
3090,86812,1,1,0,"banskobystricky kraj, velky krtis",45
3095,86867,0,1,18,"kosicky kraj, velke kapusany",55
3084,86685,0,0,0,"zahranicie, zahranicie - nemecko",79
3091,86841,1,1,20,"banskobystricky kraj, zvolen",12
3092,86844,1,1,21,"banskobystricky kraj, dudince",66
3093,86863,1,0,0,"presovsky kraj, sabinov",84
3098,86888,1,0,15,"trnavsky kraj, trnava",50
3087,86803,1,1,0,"trnavsky kraj, galanta",60
3099,86890,1,1,0,"presovsky kraj, poprad",74
3100,86894,1,1,17,"trnavsky kraj, trnava",81
3096,86870,1,1,19,"trnavsky kraj, samorin",41
3102,86961,1,0,0,"trnavsky kraj, trnava",29
3097,86872,1,1,20,"nitriansky kraj, sala",69
3103,86964,1,0,0,"trnavsky kraj, trnava",57
3104,87050,1,1,19,"trnavsky kraj, holic",45
3101,86938,1,1,18,"kosicky kraj, moldava nad bodvou",66
3105,87056,1,0,20,"presovsky kraj, poprad",12
3109,87167,1,0,18,"presovsky kraj, humenne",67
3106,87073,1,1,21,"nitriansky kraj, komarno",50
3107,87082,1,1,0,"presovsky kraj, humenne",22
3114,87227,1,0,10,"trnavsky kraj, trnava",52
3111,87216,1,0,0,"trnavsky kraj, trnava",16
3108,87159,1,0,0,"presovsky kraj, humenne",67
3110,87191,1,1,30,"trenciansky kraj, prievidza",67
3112,87219,1,1,18,"presovsky kraj, humenne",36
3113,87224,1,0,0,"trnavsky kraj, trnava",34
3115,87264,1,0,25,"banskobystricky kraj, ziar nad hronom",33
3116,87266,1,0,21,"banskobystricky kraj, banska stiavnica",34
3118,87391,1,1,19,"banskobystricky kraj, velky krtis",62
3117,87384,1,1,0,"nitriansky kraj, komarno",16
3120,87410,1,1,19,"presovsky kraj, humenne",29
3123,87521,1,0,19,"trnavsky kraj, trnava",26
3124,87544,1,1,23,"trenciansky kraj, prievidza",48
3125,87572,1,1,0,"trenciansky kraj, prievidza",66
3119,87396,1,1,20,"trnavsky kraj, galanta",59
3126,87573,1,0,19,"zahranicie, zahranicie - usa",29
3127,87574,1,1,27,"trenciansky kraj, nove mesto nad vahom",57
3122,87486,1,0,18,"trenciansky kraj, puchov",62
3121,87417,1,0,0,"presovsky kraj, humenne",71
3129,87631,1,0,0,"presovsky kraj, humenne",71
3128,87584,1,0,0,"trenciansky kraj, stara tura",76
3130,87735,1,1,18,"kosicky kraj, kosice - okolie",62
3135,87857,1,1,0,"presovsky kraj, humenne",78
3136,87859,1,1,18,"presovsky kraj, stropkov",81
3137,87876,1,0,0,"zahranicie, zahranicie - usa",33
3131,87819,1,0,18,"trenciansky kraj, trencin",14
3133,87839,1,0,18,"kosicky kraj, moldava nad bodvou",69
3142,87983,1,1,26,"banskobystricky kraj, banska bystrica",67
3143,87989,1,0,19,"trnavsky kraj, samorin",45
3132,87824,1,1,0,"presovsky kraj, bardejov",53
3134,87855,1,1,0,"kosicky kraj, michalovce",90
3144,88001,1,0,0,"banskobystricky kraj, banska bystrica",31
3138,87897,1,0,21,"presovsky kraj, kezmarok",66
3146,88043,1,0,0,"banskobystricky kraj, revuca",21
3147,88044,1,0,0,"kosicky kraj, michalovce",79
3153,88097,1,0,20,"trenciansky kraj, nove mesto nad vahom",67
3151,88072,1,1,0,"presovsky kraj, bardejov",64
3140,87937,1,0,16,"presovsky kraj, presov",84
3148,88047,1,1,0,"zahranicie, zahranicie - ostatne",91
3139,87914,1,1,0,"trenciansky kraj, dubnica nad vahom",55
3149,88049,1,1,16,"presovsky kraj, giraltovce",22
3150,88060,1,0,17,"presovsky kraj, bardejov",76
3141,87973,1,0,15,"presovsky kraj, bardejov",64
3152,88094,1,1,20,"trenciansky kraj, nove mesto nad vahom",66
3154,88149,1,0,17,"presovsky kraj, bardejov",14
3145,88019,1,1,17,"banskobystricky kraj, lucenec",79
3155,88153,1,0,0,"presovsky kraj, bardejov",34
3158,88295,1,1,18,"banskobystricky kraj, ziar nad hronom",69
3157,88280,1,0,19,"bratislavsky kraj, bratislava - nove mesto",14
3156,88256,1,0,28,"banskobystricky kraj, banska bystrica",81
3159,88298,1,1,21,"trnavsky kraj, piestany",69
3161,88346,1,0,42,"presovsky kraj, bardejov",60
3160,88302,1,0,18,"zilinsky kraj, namestovo",28
3163,88398,1,0,0,"zahranicie, zahranicie - gb",57
3168,88520,1,1,0,"trnavsky kraj, skalica",12
3165,88478,1,0,0,"zahranicie, zahranicie - rakusko",95
3166,88481,1,1,20,"trenciansky kraj, nove mesto nad vahom",83
3164,88409,1,1,18,"zilinsky kraj, martin",66
3162,88349,1,0,17,"presovsky kraj, bardejov",31
3167,88513,1,0,0,"kosicky kraj, kosice - ostatne",55
3170,88612,1,0,17,"presovsky kraj, humenne",12
3171,88625,1,1,0,"zahranicie, zahranicie - gb",91
3169,88570,1,0,22,"nitriansky kraj, zlate moravce",67
3172,88627,1,1,0,"trenciansky kraj, trencin",36
3181,88786,1,1,19,"presovsky kraj, bardejov",88
3182,88790,1,1,21,"presovsky kraj, humenne",78
3173,88678,1,0,21,"zahranicie, zahranicie - gb",59
3174,88704,0,1,0,"kosicky kraj, kosice - dargovskych hrdinov",62
3176,88722,1,1,26,"trnavsky kraj, skalica",71
3183,88793,1,1,20,"presovsky kraj, lipany",22
3180,88775,1,1,17,"zahranicie, zahranicie - gb",66
3177,88735,1,1,21,"presovsky kraj, humenne",67
3178,88767,1,1,25,"zahranicie, zahranicie - gb",14
3185,88861,0,0,16,"kosicky kraj, kosice - saca",97
3186,88863,1,1,0,"kosicky kraj, michalovce",84
3179,88770,1,1,19,"zahranicie, zahranicie - ostatne",69
3184,88853,1,1,0,"zahranicie, zahranicie - gb",88
3175,88708,1,1,21,"trnavsky kraj, piestany",71
3191,88982,1,1,38,"trenciansky kraj, handlova",53
3192,88983,1,0,41,"bratislavsky kraj, bratislava - devinska nova ves",83
3188,88928,1,0,17,"kosicky kraj, kosice - sidlisko tahanovce",22
3194,89031,0,0,17,"nitriansky kraj, sala",22
3196,89058,0,1,20,"kosicky kraj, michalovce",95
3190,88953,1,1,16,"presovsky kraj, humenne",98
3187,88918,1,0,0,"trnavsky kraj, hlohovec",66
3193,88997,1,0,17,"bratislavsky kraj, bratislava - petrzalka",64
3195,89050,1,1,0,"trenciansky kraj, trencin",78
3200,89166,1,1,16,"bratislavsky kraj, bratislava - stare mesto",83
3201,89182,1,1,15,"presovsky kraj, bardejov",67
3197,89094,1,0,16,"presovsky kraj, presov",88
3202,89184,1,0,16,"presovsky kraj, snina",90
3198,89125,1,0,0,"presovsky kraj, poprad",57
3189,88949,0,1,18,"zahranicie, zahranicie - gb",91
3199,89128,1,0,0,"trnavsky kraj, trnava",22
3203,89276,1,0,22,"trenciansky kraj, prievidza",33
3204,89355,1,1,18,"presovsky kraj, presov",86
3209,89567,1,0,22,"zilinsky kraj, liptovsky mikulas",69
3206,89471,1,0,0,"trnavsky kraj, galanta",14
3208,89540,1,0,0,"trenciansky kraj, nove mesto nad vahom",79
3210,89596,1,0,0,"trnavsky kraj, galanta",36
3205,89460,1,0,19,"trnavsky kraj, hlohovec",66
3211,89602,1,0,0,"nitriansky kraj, levice",45
3207,89505,1,0,21,"trnavsky kraj, leopoldov",14
3214,89734,1,1,20,"zilinsky kraj, namestovo",53
3212,89606,1,0,18,"trnavsky kraj, trnava",31
3216,89766,1,0,0,"kosicky kraj, kosice - okolie",38
3213,89653,1,0,19,"trnavsky kraj, piestany",67
3217,89767,1,1,22,"trnavsky kraj, piestany",14
3218,89794,1,0,24,"bratislavsky kraj, senec",74
3221,89912,0,1,38,"trenciansky kraj, bojnice",60
3223,89945,1,0,0,"zilinsky kraj, namestovo",29
3224,89948,1,1,21,"banskobystricky kraj, dudince",72
3215,89754,1,0,0,"presovsky kraj, snina",41
3225,89963,1,1,16,"nitriansky kraj, hurbanovo",64
3220,89891,1,0,18,"nitriansky kraj, nitra",79
3226,89989,1,1,0,"banskobystricky kraj, banska bystrica",14
3219,89877,1,0,17,"zilinsky kraj, namestovo",31
3229,90033,1,1,22,"nitriansky kraj, komarno",62
3231,90047,1,1,15,"banskobystricky kraj, zvolen",97
3222,89936,1,0,18,"trnavsky kraj, sastin-straze",31
3230,90035,1,1,20,"nitriansky kraj, komarno",69
3232,90085,1,1,0,"presovsky kraj, giraltovce",74
3228,90010,1,0,20,"nitriansky kraj, nitra",17
3233,90112,1,0,20,"zilinsky kraj, namestovo",91
3235,90184,1,1,19,"trnavsky kraj, trnava",31
3236,90196,1,1,23,"nitriansky kraj, komarno",72
3238,90216,1,0,0,"trnavsky kraj, trnava",12
3237,90204,1,0,0,"nitriansky kraj, komarno",60
3227,90000,1,1,0,"kosicky kraj, kosice - okolie",72
3234,90163,1,0,0,"banskobystricky kraj, velky krtis",93
3239,90304,1,1,16,"trenciansky kraj, banovce nad bebravou",66
3240,90363,1,1,0,"banskobystricky kraj, krupina",71
3241,90408,1,0,0,"trnavsky kraj, senica",72
3243,90423,1,0,0,"zahranicie, zahranicie - ostatne",71
3244,90428,1,0,18,"nitriansky kraj, komarno",71
3242,90419,1,1,20,"nitriansky kraj, komarno",66
3245,90511,1,0,15,"bratislavsky kraj, bratislava - devinska nova ves",100
3247,90556,1,0,20,"trenciansky kraj, nove mesto nad vahom",67
3249,90587,1,0,0,"trnavsky kraj, senica",62
3246,90552,1,0,15,"trenciansky kraj, trencin",66
3248,90584,0,0,17,"zahranicie, zahranicie - gb",86
3253,90635,0,0,0,"banskobystricky kraj, zvolen",62
3257,90682,1,0,18,"nitriansky kraj, sala",34
3252,90626,1,0,0,"trnavsky kraj, piestany",81
3250,90596,1,0,18,"trenciansky kraj, nove mesto nad vahom",78
3258,90686,1,0,0,"nitriansky kraj, nitra",21
3262,90798,1,1,20,"banskobystricky kraj, filakovo",69
3259,90785,0,0,18,"trenciansky kraj, prievidza",71
3254,90656,1,0,0,"trnavsky kraj, senica",84
3251,90613,0,0,0,"kosicky kraj, kosice - okolie",90
3255,90659,0,0,17,"banskobystricky kraj, krupina",83
3256,90660,0,0,0,"trnavsky kraj, dunajska streda",95
3265,90877,1,0,20,"nitriansky kraj, nitra",66
3263,90835,1,0,0,"trnavsky kraj, galanta",86
3266,90880,1,0,0,"nitriansky kraj, nitra",24
3267,90961,1,0,17,"trnavsky kraj, galanta",31
3268,90962,1,0,0,"kosicky kraj, kosice - zapad",28
3260,90792,1,1,24,"nitriansky kraj, komarno",34
3261,90793,1,1,20,"presovsky kraj, presov",74
3264,90849,1,0,18,"zilinsky kraj, namestovo",86
3269,90967,1,0,0,"zahranicie, zahranicie - usa",79
3270,90968,1,0,16,"zilinsky kraj, cadca",19
3275,91096,1,0,20,"banskobystricky kraj, zvolen",66
3272,91045,1,1,16,"bratislavsky kraj, bratislava - dubravka",83
3276,91101,1,0,21,"banskobystricky kraj, rimavska sobota",57
3273,91060,1,0,16,"trenciansky kraj, povazska bystrica",22
3271,90987,1,0,18,"banskobystricky kraj, zvolen",72
3274,91076,1,1,0,"zilinsky kraj, namestovo",64
3277,91146,1,1,24,"nitriansky kraj, nove zamky",69
3278,91148,1,1,16,"zahranicie, zahranicie - gb",16
3279,91151,1,1,0,"nitriansky kraj, zlate moravce",72
3281,91268,1,1,0,"presovsky kraj, poprad",72
3282,91280,1,1,15,"banskobystricky kraj, ziar nad hronom",81
3283,91281,1,1,0,"banskobystricky kraj, lucenec",57
3280,91214,1,1,15,"banskobystricky kraj, poltar",74
3284,91307,1,0,20,"banskobystricky kraj, zvolen",14
3286,91426,1,0,20,"zahranicie, zahranicie - ostatne",47
3287,91458,1,0,0,"presovsky kraj, poprad",26
3285,91391,1,0,24,"banskobystricky kraj, velky krtis",12
3288,91473,1,0,0,"presovsky kraj, poprad",14
3289,91490,1,1,21,"trnavsky kraj, trnava",50
3291,91601,1,1,0,"nitriansky kraj, levice",84
3290,91586,1,0,18,"zahranicie, zahranicie - ostatne",43
3297,91772,1,1,24,"kosicky kraj, spisska nova ves",78
3292,91687,1,1,16,"presovsky kraj, snina",88
3298,91775,1,1,0,"kosicky kraj, trebisov",76
3299,91776,1,1,23,"kosicky kraj, kralovsky chlmec",12
3295,91751,1,1,16,"banskobystricky kraj, banska bystrica",71
3293,91691,1,0,18,"presovsky kraj, poprad",74
3296,91764,1,0,0,"banskobystricky kraj, banska bystrica",50
3300,91781,1,0,20,"kosicky kraj, trebisov",74
3294,91717,1,1,20,"kosicky kraj, trebisov",17
3303,91846,1,0,17,"zilinsky kraj, zilina",12
3301,91795,1,0,0,"trnavsky kraj, hlohovec",17
3302,91824,1,0,0,"kosicky kraj, kosice - zapad",12
3305,91942,1,0,0,"banskobystricky kraj, velky krtis",78
3306,91959,1,1,0,"banskobystricky kraj, banska bystrica",71
3308,92016,1,0,18,"bratislavsky kraj, bratislava - petrzalka",47
3304,91935,1,0,20,"zahranicie, zahranicie - gb",76
3309,92056,1,0,18,"presovsky kraj, presov",72
3307,91976,1,0,20,"banskobystricky kraj, rimavska sobota",84
3310,92067,1,0,17,"trenciansky kraj, nove mesto nad vahom",79
3315,92253,1,1,0,"banskobystricky kraj, lucenec",50
3314,92238,1,1,21,"banskobystricky kraj, zvolen",69
3316,92296,1,1,18,"presovsky kraj, kezmarok",86
3311,92145,1,0,0,"nitriansky kraj, sala",66
3318,92461,1,1,0,"presovsky kraj, poprad",83
3312,92217,1,1,0,"banskobystricky kraj, lucenec",62
3317,92310,1,0,0,"banskobystricky kraj, tornala",26
3313,92220,0,1,23,"zahranicie, zahranicie - ostatne",62
3320,92483,1,0,19,"zilinsky kraj, ruzomberok",33
3323,92551,1,1,18,"trnavsky kraj, trnava",84
3319,92470,1,0,0,"presovsky kraj, poprad",67
3324,92600,1,0,19,"kosicky kraj, kosice - zapad",67
3321,92532,1,1,20,"trnavsky kraj, trnava",31
3325,92657,1,1,0,"trenciansky kraj, dubnica nad vahom",66
3327,92672,1,0,0,"trnavsky kraj, trnava",72
3326,92665,1,0,19,"trenciansky kraj, dubnica nad vahom",14
3322,92549,1,0,18,"zilinsky kraj, namestovo",31
3328,92754,1,0,20,"trnavsky kraj, sered",12
3333,92809,1,0,18,"trenciansky kraj, dubnica nad vahom",12
3331,92796,1,0,18,"trnavsky kraj, trnava",76
3332,92797,1,0,20,"kosicky kraj, michalovce",24
3334,92842,1,0,17,"trnavsky kraj, trnava",34
3329,92772,1,0,18,"trenciansky kraj, stara tura",19
3337,92927,1,0,18,"trnavsky kraj, trnava",52
3330,92775,1,0,18,"presovsky kraj, presov",67
3335,92892,1,1,19,"presovsky kraj, poprad",17
3336,92914,1,0,0,"trnavsky kraj, piestany",62
3339,93048,1,0,19,"trenciansky kraj, puchov",16
3338,92985,1,0,0,"zahranicie, zahranicie - ostatne",62
3340,93131,1,1,0,"kosicky kraj, kosice - dargovskych hrdinov",91
3341,93147,1,1,0,"kosicky kraj, kosice - ostatne",14
3342,93160,1,0,0,"trnavsky kraj, trnava",12
3343,93257,1,1,19,"trnavsky kraj, trnava",12
3344,93331,1,1,0,"trnavsky kraj, trnava",33
3345,93352,1,1,30,"bratislavsky kraj, bratislava - okolie",12
3347,93385,1,0,20,"banskobystricky kraj, tornala",21
3348,93386,1,0,0,"trnavsky kraj, trnava",45
3352,93468,1,0,0,"trenciansky kraj, trencin",28
3353,93513,1,0,19,"trnavsky kraj, trnava",40
3346,93354,0,0,18,"kosicky kraj, michalovce",95
3349,93441,1,0,24,"zilinsky kraj, liptovsky hradok",62
3354,93517,1,0,0,"trnavsky kraj, trnava",26
3358,93648,1,1,32,"bratislavsky kraj, bratislava - raca",12
3355,93596,1,0,18,"nitriansky kraj, levice",31
3356,93625,1,1,19,"banskobystricky kraj, brezno",52
3350,93456,1,1,22,"banskobystricky kraj, rimavska sobota",69
3351,93457,1,1,22,"bratislavsky kraj, senec",67
3360,93715,1,0,19,"zilinsky kraj, namestovo",12
3357,93643,1,1,0,"banskobystricky kraj, banska bystrica",67
3361,93716,1,0,0,"zilinsky kraj, namestovo",34
3364,93781,1,1,18,"trnavsky kraj, sered",74
3366,93797,1,1,19,"zilinsky kraj, namestovo",72
3359,93670,1,1,18,"bratislavsky kraj, bratislava - nove mesto",76
3367,93798,1,1,20,"banskobystricky kraj, rimavska sobota",71
3362,93729,1,1,19,"zahranicie, zahranicie - ostatne",84
3368,93801,1,1,0,"zilinsky kraj, namestovo",29
3369,93821,1,0,18,"zilinsky kraj, namestovo",67
3363,93778,1,0,25,"zilinsky kraj, martin",66
3371,93967,1,0,19,"zilinsky kraj, martin",76
3374,94028,1,0,24,"banskobystricky kraj, banska stiavnica",52
3370,93935,1,1,16,"banskobystricky kraj, banska bystrica",16
3375,94043,1,0,19,"nitriansky kraj, nitra",71
3365,93794,1,1,19,"zilinsky kraj, namestovo",84
3373,93999,1,1,0,"kosicky kraj, michalovce",64
3376,94061,1,0,16,"zilinsky kraj, namestovo",57
3377,94073,1,0,18,"zilinsky kraj, namestovo",90
3372,93971,1,1,21,"zilinsky kraj, martin",69
3380,94143,0,1,20,"kosicky kraj, spisska nova ves",12
3379,94124,0,0,17,"zahranicie, zahranicie - usa",19
3378,94080,1,0,17,"zilinsky kraj, namestovo",83
3382,94262,1,1,16,"trnavsky kraj, trnava",97
3381,94151,1,0,18,"zilinsky kraj, namestovo",71
3383,94268,1,1,19,"banskobystricky kraj, ziar nad hronom",62
3387,94340,1,0,19,"banskobystricky kraj, brezno",69
3386,94328,0,0,16,"zahranicie, zahranicie - ostatne",16
3385,94300,1,1,20,"zilinsky kraj, martin",60
3389,94363,1,1,21,"zilinsky kraj, martin",38
3390,94520,1,1,0,"zahranicie, zahranicie - kanada",31
3391,94521,1,1,18,"zilinsky kraj, bytca",79
3384,94272,1,0,18,"banskobystricky kraj, brezno",72
3388,94349,1,1,20,"trnavsky kraj, trnava",78
3392,94621,1,1,19,"trnavsky kraj, trnava",78
3394,94669,1,1,24,"trnavsky kraj, hlohovec",69
3393,94642,1,0,0,"banskobystricky kraj, zvolen",29
3396,94728,1,0,0,"trenciansky kraj, banovce nad bebravou",36
3397,94749,1,1,22,"nitriansky kraj, zlate moravce",40
3399,94774,1,0,17,"trenciansky kraj, partizanske",67
3398,94763,1,0,19,"kosicky kraj, michalovce",79
3395,94725,1,0,17,"trnavsky kraj, hlohovec",79
3400,94955,1,0,0,"trnavsky kraj, piestany",79
3401,95003,1,1,17,"trnavsky kraj, senica",67
3402,95019,1,0,20,"trnavsky kraj, piestany",62
3404,95143,1,1,20,"banskobystricky kraj, banska bystrica",69
3403,95040,1,1,24,"trnavsky kraj, trnava",16
3406,95209,1,1,0,"trnavsky kraj, trnava",69
3409,95273,1,1,0,"trnavsky kraj, sered",64
3410,95275,1,1,26,"zilinsky kraj, ruzomberok",76
3407,95239,1,1,18,"banskobystricky kraj, brezno",16
3411,95320,1,1,17,"banskobystricky kraj, rimavska sobota",69
3405,95175,1,0,20,"banskobystricky kraj, rimavska sobota",55
3408,95241,1,0,17,"banskobystricky kraj, brezno",78
3412,95433,1,0,0,"banskobystricky kraj, brezno",81
3415,95522,1,0,16,"nitriansky kraj, sala",69
3413,95498,1,0,0,"trenciansky kraj, ilava",74
3414,95501,1,0,17,"trenciansky kraj, dubnica nad vahom",22
3416,95676,1,0,0,"banskobystricky kraj, zvolen",48
3421,95796,1,0,0,"banskobystricky kraj, brezno",81
3423,95839,1,1,22,"banskobystricky kraj, sliac",69
3418,95754,1,0,0,"nitriansky kraj, topolcany",26
3425,95911,1,0,18,"banskobystricky kraj, banska bystrica",62
3422,95834,1,0,0,"banskobystricky kraj, brezno",74
3419,95760,1,0,0,"zilinsky kraj, martin",62
3417,95715,1,1,0,"nitriansky kraj, nitra",12
3424,95901,1,1,0,"banskobystricky kraj, banska bystrica",84
3420,95790,1,0,21,"nitriansky kraj, nove zamky",72
3427,96025,1,1,19,"presovsky kraj, vranov nad toplou",71
3426,95995,1,0,0,"banskobystricky kraj, banska bystrica",26
3434,96136,1,0,18,"nitriansky kraj, nove zamky",71
3430,96095,1,0,0,"banskobystricky kraj, lucenec",17
3429,96084,0,0,0,"kosicky kraj, velke kapusany",78
3428,96055,1,0,11,"zahranicie, zahranicie - gb",98
3436,96199,1,0,18,"banskobystricky kraj, banska bystrica",19
3435,96178,1,0,0,"banskobystricky kraj, banska bystrica",47
3433,96134,1,0,18,"nitriansky kraj, nove zamky",55
3431,96104,1,0,19,"banskobystricky kraj, revuca",64
3440,96316,1,0,0,"banskobystricky kraj, banska bystrica",16
3432,96119,1,0,20,"banskobystricky kraj, lucenec",74
3437,96215,1,0,19,"nitriansky kraj, sala",74
3438,96262,1,1,19,"presovsky kraj, lipany",16
3442,96360,1,1,0,"ceska republika, cz - pardubicky kraj",12
3439,96310,1,1,18,"nitriansky kraj, nove zamky",22
3443,96363,1,1,0,"trenciansky kraj, povazska bystrica",14
3441,96345,1,1,17,"nitriansky kraj, levice",67
3449,96471,1,1,20,"nitriansky kraj, topolcany",66
3453,96516,1,0,19,"banskobystricky kraj, hrinova",17
3445,96396,1,1,21,"zilinsky kraj, namestovo",81
3450,96474,1,1,23,"nitriansky kraj, topolcany",12
3444,96373,1,0,20,"banskobystricky kraj, rimavska sobota",71
3458,96557,1,0,18,"trnavsky kraj, trnava",67
3451,96477,1,1,20,"nitriansky kraj, topolcany",78
3447,96448,1,1,22,"trenciansky kraj, prievidza",66
3452,96485,0,0,0,"banskobystricky kraj, filakovo",79
3456,96527,1,1,20,"banskobystricky kraj, rimavska sobota",79
3448,96458,1,1,17,"nitriansky kraj, levice",71
3446,96400,0,0,0,"kosicky kraj, kosice - krasna nad hornadom",59
3454,96520,1,1,0,"banskobystricky kraj, filakovo",66
3455,96522,1,0,0,"banskobystricky kraj, rimavska sobota",57
3457,96553,1,0,0,"presovsky kraj, lipany",83
3459,96606,1,1,18,"kosicky kraj, kosice - okolie",71
3463,96752,1,0,17,"trnavsky kraj, piestany",67
3460,96611,1,1,0,"nitriansky kraj, topolcany",67
3461,96737,1,0,17,"nitriansky kraj, topolcany",81
3462,96741,1,0,16,"nitriansky kraj, topolcany",60
3464,96763,1,0,15,"nitriansky kraj, topolcany",78
3465,96835,1,0,0,"zilinsky kraj, cadca",57
3466,96940,1,1,16,"trenciansky kraj, prievidza",88
3467,96966,1,0,0,"trnavsky kraj, trnava",83
3470,97097,1,1,17,"banskobystricky kraj, rimavska sobota",24
3469,97025,1,1,0,"nitriansky kraj, nitra",71
3468,96987,1,0,0,"kosicky kraj, gelnica",31
3471,97208,1,0,17,"trnavsky kraj, trnava",67
3472,97213,1,1,23,"trnavsky kraj, trnava",59
3474,97357,1,0,18,"banskobystricky kraj, banska bystrica",43
3475,97358,1,0,18,"banskobystricky kraj, banska bystrica",47
3473,97242,1,0,0,"trnavsky kraj, trnava",12
3476,97362,1,1,0,"presovsky kraj, poprad",71
3477,97408,1,0,19,"banskobystricky kraj, banska bystrica",67
3480,97519,1,1,0,"ceska republika, cz - praha",72
3482,97563,1,0,0,"zilinsky kraj, cadca",17
3481,97543,1,0,17,"banskobystricky kraj, banska bystrica",83
3479,97478,1,0,0,"kosicky kraj, michalovce",55
3484,97625,1,0,18,"banskobystricky kraj, lucenec",28
3486,97696,1,0,20,"presovsky kraj, stara lubovna",66
3478,97467,0,1,36,"trnavsky kraj, senica",40
3483,97618,1,0,0,"kosicky kraj, kosice - dargovskych hrdinov",12
3487,97730,1,1,0,"banskobystricky kraj, zvolen",72
3488,97771,1,0,0,"banskobystricky kraj, detva",41
3491,97803,1,0,0,"trnavsky kraj, piestany",64
3489,97796,1,1,18,"trenciansky kraj, trencin",76
3490,97797,1,1,21,"presovsky kraj, stara lubovna",47
3485,97662,1,1,21,"presovsky kraj, kezmarok",78
3495,97893,1,0,19,"nitriansky kraj, sahy",72
3492,97844,1,0,18,"kosicky kraj, spisska nova ves",67
3493,97856,1,0,15,"zilinsky kraj, martin",95
3497,97971,1,1,19,"presovsky kraj, bardejov",57
3494,97875,1,0,0,"banskobystricky kraj, zvolen",40
3496,97935,1,0,0,"kosicky kraj, michalovce",60
3498,98136,1,0,19,"zilinsky kraj, turcianske teplice",93
3500,98199,1,1,0,"nitriansky kraj, topolcany",72
3501,98269,1,0,0,"zilinsky kraj, turcianske teplice",84
3502,98296,1,1,17,"presovsky kraj, poprad",67
3503,98348,1,0,0,"zilinsky kraj, namestovo",31
3499,98169,1,1,22,"zilinsky kraj, ruzomberok",57
3506,98401,1,1,21,"nitriansky kraj, topolcany",14
3505,98374,1,0,0,"zilinsky kraj, dolny kubin",22
3504,98362,1,1,19,"banskobystricky kraj, detva",33
3507,98405,1,1,23,"nitriansky kraj, topolcany",64
3510,98451,1,0,0,"trenciansky kraj, povazska bystrica",24
3508,98411,0,0,0,"nitriansky kraj, topolcany",90
3509,98426,1,1,17,"zilinsky kraj, namestovo",74
3513,98539,1,1,22,"zilinsky kraj, dolny kubin",81
3511,98488,1,1,0,"zilinsky kraj, namestovo",47
3515,98572,1,1,0,"zilinsky kraj, martin",86
3517,98586,1,0,0,"kosicky kraj, kosice - krasna nad hornadom",83
3512,98517,1,1,18,"nitriansky kraj, topolcany",69
3519,98677,0,0,18,"zilinsky kraj, namestovo",38
3518,98615,1,0,0,"zilinsky kraj, namestovo",81
3516,98578,1,0,0,"zilinsky kraj, martin",62
3523,98734,1,1,15,"trenciansky kraj, banovce nad bebravou",12
3525,98748,1,0,25,"kosicky kraj, kosice - sever",47
3524,98736,1,1,0,"trenciansky kraj, banovce nad bebravou",78
3520,98679,1,0,18,"zilinsky kraj, namestovo",79
3521,98681,1,0,0,"zilinsky kraj, namestovo",78
3522,98706,1,0,18,"kosicky kraj, kosice - juh",34
3526,98767,1,0,18,"zilinsky kraj, turcianske teplice",45
3514,98564,1,1,19,"banskobystricky kraj, revuca",48
3528,98869,1,1,0,"zilinsky kraj, turcianske teplice",38
3529,98870,1,0,19,"zilinsky kraj, namestovo",17
3527,98835,1,1,13,"presovsky kraj, bardejov",62
3530,98874,1,0,18,"zilinsky kraj, turcianske teplice",83
3531,98939,1,0,18,"bratislavsky kraj, bratislava - petrzalka",69
3534,99082,1,1,21,"zilinsky kraj, turcianske teplice",60
3535,99086,1,1,22,"nitriansky kraj, topolcany",74
3532,99030,0,1,0,"presovsky kraj, poprad",88
3533,99069,1,1,20,"banskobystricky kraj, brezno",76
3536,99128,1,1,18,"presovsky kraj, stara lubovna",76
3537,99201,1,1,0,"nitriansky kraj, topolcany",16
3539,99286,1,1,19,"banskobystricky kraj, velky krtis",72
3541,99319,1,1,23,"nitriansky kraj, nove zamky",69
3542,99320,0,1,0,"nitriansky kraj, hurbanovo",34
3545,99409,1,1,32,"nitriansky kraj, nove zamky",83
3538,99240,1,0,20,"banskobystricky kraj, brezno",45
3543,99383,1,0,17,"banskobystricky kraj, tornala",74
3540,99315,1,1,16,"nitriansky kraj, kolarovo",74
3546,99455,1,1,17,"banskobystricky kraj, krupina",72
3544,99401,1,1,19,"nitriansky kraj, nove zamky",76
3552,99558,1,0,0,"nitriansky kraj, nove zamky",29
3549,99548,1,0,18,"nitriansky kraj, nove zamky",19
3550,99551,1,0,16,"nitriansky kraj, nove zamky",74
3551,99553,1,0,19,"kosicky kraj, kosice - ostatne",12
3547,99463,1,0,18,"banskobystricky kraj, lucenec",33
3553,99580,0,0,19,"zahranicie, zahranicie - ostatne",36
3554,99581,1,0,20,"trenciansky kraj, trencin",12
3555,99618,1,1,19,"nitriansky kraj, nove zamky",57
3557,99700,1,1,22,"nitriansky kraj, sahy",69
3556,99679,1,0,20,"banskobystricky kraj, zvolen",74
3548,99524,1,0,17,"banskobystricky kraj, velky krtis",81
3561,99828,1,1,25,"nitriansky kraj, nove zamky",12
3562,99837,1,1,0,"nitriansky kraj, nove zamky",53
3566,99937,1,0,17,"banskobystricky kraj, detva",33
3559,99806,1,1,22,"bratislavsky kraj, bratislava - petrzalka",91
3558,99716,1,0,17,"trenciansky kraj, dubnica nad vahom",67
3560,99808,0,1,23,"nitriansky kraj, nitra",24
3563,99895,1,0,22,"nitriansky kraj, nove zamky",57
3565,99910,1,1,19,"zilinsky kraj, dolny kubin",79
3567,99940,1,1,18,"trnavsky kraj, piestany",69
3564,99897,1,0,18,"nitriansky kraj, nove zamky",24
3574,100111,1,1,19,"nitriansky kraj, nove zamky",86
3570,100019,1,0,16,"zahranicie, zahranicie - francuzsko",19
3568,99974,1,0,0,"zilinsky kraj, turcianske teplice",28
3572,100060,1,0,21,"zilinsky kraj, trstena",66
3575,100114,1,1,23,"nitriansky kraj, nove zamky",64
3569,100005,1,1,21,"kosicky kraj, kosice - zapad",22
3571,100030,1,1,0,"nitriansky kraj, nove zamky",48
3573,100090,1,0,13,"trenciansky kraj, partizanske",66
3577,100207,1,0,0,"trenciansky kraj, ilava",24
3576,100146,0,0,0,"nitriansky kraj, nove zamky",66
3581,100351,1,0,17,"trnavsky kraj, piestany",79
3578,100239,1,0,20,"nitriansky kraj, topolcany",66
3579,100243,1,0,0,"trenciansky kraj, nove mesto nad vahom",59
3580,100245,1,0,18,"trnavsky kraj, trnava",67
3582,100356,1,1,0,"zilinsky kraj, dolny kubin",59
3583,100368,1,0,19,"trenciansky kraj, puchov",64
3584,100384,1,1,17,"presovsky kraj, poprad",84
3586,100423,1,1,21,"banskobystricky kraj, rimavska sobota",66
3585,100389,1,1,0,"presovsky kraj, poprad",81
3587,100536,1,1,19,"nitriansky kraj, sala",67
3589,100618,1,1,26,"presovsky kraj, presov",55
3590,100701,1,1,18,"trenciansky kraj, prievidza",84
3588,100569,1,1,19,"trenciansky kraj, trencin",74
3591,100800,1,1,0,"trenciansky kraj, puchov",31
3597,100879,1,1,19,"zahranicie, zahranicie - usa",69
3601,100952,1,1,20,"zilinsky kraj, dolny kubin",16
3598,100914,1,0,0,"trenciansky kraj, prievidza",34
3600,100948,1,1,18,"zilinsky kraj, dolny kubin",83
3603,100982,1,1,19,"banskobystricky kraj, revuca",19
3592,100868,1,1,19,"zilinsky kraj, dolny kubin",69
3593,100871,1,0,0,"zilinsky kraj, dolny kubin",72
3599,100915,1,1,0,"trenciansky kraj, prievidza",21
3594,100873,1,0,0,"nitriansky kraj, nove zamky",78
3595,100874,1,0,0,"zilinsky kraj, dolny kubin",53
3596,100875,1,0,24,"zilinsky kraj, dolny kubin",74
3602,100978,1,0,0,"banskobystricky kraj, hnusta",88
3605,101036,1,0,0,"trnavsky kraj, velky meder",79
3604,101025,1,0,18,"presovsky kraj, stara lubovna",64
3608,101151,1,1,18,"kosicky kraj, kosice - okolie",66
3610,101210,1,0,0,"nitriansky kraj, surany",53
3606,101125,1,0,19,"nitriansky kraj, zlate moravce",83
3609,101181,1,1,22,"zilinsky kraj, turcianske teplice",69
3607,101141,1,1,0,"zahranicie, zahranicie - gb",29
3613,101281,1,1,0,"trenciansky kraj, dubnica nad vahom",71
3614,101341,1,0,0,"zahranicie, zahranicie - ostatne",81
3612,101273,1,0,17,"nitriansky kraj, zlate moravce",14
3611,101249,1,1,20,"zahranicie, zahranicie - kanada",66
3615,101345,1,0,20,"banskobystricky kraj, lucenec",14
3617,101515,1,0,12,"kosicky kraj, michalovce",72
3620,101628,1,0,18,"zahranicie, zahranicie - usa",69
3624,101687,1,1,0,"banskobystricky kraj, banska bystrica",69
3616,101490,1,0,19,"trnavsky kraj, hlohovec",17
3625,101718,1,0,0,"banskobystricky kraj, banska bystrica",24
3622,101654,1,1,0,"banskobystricky kraj, zvolen",52
3623,101669,1,0,22,"banskobystricky kraj, banska bystrica",71
3621,101634,1,1,0,"presovsky kraj, snina",74
3618,101560,0,0,17,"nitriansky kraj, nove zamky",86
3628,101881,1,0,18,"presovsky kraj, bardejov",81
3619,101576,1,1,16,"trenciansky kraj, banovce nad bebravou",69
3626,101856,1,1,0,"bratislavsky kraj, bratislava - okolie",62
3627,101874,1,1,17,"banskobystricky kraj, banska bystrica",66
3630,102001,1,0,22,"nitriansky kraj, levice",17
3631,102048,1,1,23,"nitriansky kraj, nove zamky",12
3629,101955,1,0,17,"banskobystricky kraj, banska bystrica",64
3633,102101,1,0,21,"trenciansky kraj, prievidza",71
3632,102071,0,1,0,"trenciansky kraj, dubnica nad vahom",28
3635,102233,1,1,21,"trnavsky kraj, sered",12
3634,102148,1,0,16,"zilinsky kraj, turcianske teplice",84
3636,102307,0,1,27,"presovsky kraj, presov",40
3637,102390,1,0,18,"zilinsky kraj, turcianske teplice",22
3638,102416,1,0,0,"kosicky kraj, spisska nova ves",36
3640,102516,1,1,21,"zilinsky kraj, turcianske teplice",78
3641,102519,1,0,20,"zilinsky kraj, martin",60
3639,102505,1,1,0,"zilinsky kraj, martin",19
3643,102599,1,1,18,"zahranicie, zahranicie - ostatne",57
3644,102695,0,1,54,"presovsky kraj, stara lubovna",81
3645,102755,1,1,24,"kosicky kraj, kosice - zapad",67
3646,102781,1,1,21,"nitriansky kraj, sturovo",31
3642,102568,1,0,18,"zilinsky kraj, turcianske teplice",47
3648,102846,1,0,0,"banskobystricky kraj, banska bystrica",16
3651,102934,1,1,20,"zilinsky kraj, bytca",76
3647,102794,1,0,20,"zilinsky kraj, namestovo",79
3649,102857,1,1,20,"trenciansky kraj, partizanske",57
3652,103036,1,1,21,"banskobystricky kraj, banska bystrica",59
3650,102915,1,1,0,"nitriansky kraj, komarno",81
3653,103095,1,1,19,"zilinsky kraj, trstena",78
3654,103207,1,1,18,"zilinsky kraj, turcianske teplice",72
3655,103327,1,0,0,"zilinsky kraj, namestovo",74
3656,103373,1,1,18,"banskobystricky kraj, lucenec",66
3657,103423,1,1,21,"trenciansky kraj, dubnica nad vahom",60
3660,103668,1,0,21,"zilinsky kraj, dolny kubin",12
3658,103545,1,1,0,"zahranicie, zahranicie - australia",16
3661,103756,1,0,20,"banskobystricky kraj, banska bystrica",12
3664,103861,1,0,17,"banskobystricky kraj, banska bystrica",43
3659,103665,1,0,0,"zilinsky kraj, dolny kubin",26
3662,103759,1,1,0,"zilinsky kraj, turcianske teplice",76
3665,103889,1,0,20,"banskobystricky kraj, zvolen",67
3666,103922,1,0,19,"nitriansky kraj, sala",14
3667,103981,1,0,18,"presovsky kraj, svidnik",76
3663,103766,1,0,20,"zilinsky kraj, martin",67
3670,104066,1,0,0,"presovsky kraj, poprad",22
3671,104068,1,0,0,"presovsky kraj, poprad",59
3668,104033,1,0,18,"nitriansky kraj, levice",52
3674,104167,1,0,0,"zilinsky kraj, trstena",76
3669,104037,1,1,20,"zilinsky kraj, namestovo",19
3672,104098,0,0,0,"zilinsky kraj, dolny kubin",67
3673,104128,0,1,0,"trnavsky kraj, trnava",12
3678,104232,1,1,21,"zilinsky kraj, trstena",59
3676,104201,1,0,22,"trenciansky kraj, dubnica nad vahom",83
3677,104213,1,1,21,"trenciansky kraj, prievidza",34
3679,104233,1,0,0,"zilinsky kraj, tvrdosin",69
3680,104298,1,0,0,"nitriansky kraj, kolarovo",52
3675,104172,1,0,22,"zilinsky kraj, namestovo",67
3683,104432,1,1,20,"zilinsky kraj, dolny kubin",45
3681,104339,1,1,15,"trnavsky kraj, trnava",91
3682,104430,1,0,20,"kosicky kraj, roznava",24
3686,104557,1,1,0,"banskobystricky kraj, lucenec",76
3688,104586,1,0,22,"trenciansky kraj, puchov",83
3687,104571,1,0,0,"nitriansky kraj, komarno",76
3685,104535,1,1,37,"presovsky kraj, spisska bela",76
3691,104629,1,0,23,"presovsky kraj, stara lubovna",16
3689,104608,1,1,0,"presovsky kraj, poprad",59
3692,104686,1,1,25,"trenciansky kraj, trencin",79
3684,104520,1,0,23,"presovsky kraj, poprad",62
3690,104619,1,0,18,"zilinsky kraj, dolny kubin",64
3697,104809,1,0,18,"zilinsky kraj, dolny kubin",81
3698,104852,1,1,17,"zahranicie, zahranicie - australia",83
3693,104759,1,0,18,"trnavsky kraj, trnava",62
3695,104800,1,0,18,"zilinsky kraj, dolny kubin",34
3694,104775,1,1,21,"presovsky kraj, poprad",62
3696,104801,1,1,0,"kosicky kraj, kosice - krasna nad hornadom",17
3700,104908,1,0,0,"zilinsky kraj, tvrdosin",79
3699,104876,0,1,0,"presovsky kraj, poprad",16
3701,105111,1,0,0,"zahranicie, zahranicie - ostatne",26
3702,105126,1,1,19,"presovsky kraj, presov",12
3703,105255,1,1,22,"banskobystricky kraj, banska bystrica",52
3706,105376,1,0,18,"trenciansky kraj, dubnica nad vahom",57
3704,105295,1,0,18,"zilinsky kraj, turcianske teplice",74
3705,105356,1,1,24,"trnavsky kraj, galanta",74
3707,105527,1,1,0,"zilinsky kraj, trstena",12
3710,105646,1,0,23,"banskobystricky kraj, banska bystrica",74
3711,105707,1,1,14,"banskobystricky kraj, brezno",21
3708,105532,1,1,21,"banskobystricky kraj, zvolen",64
3709,105643,1,0,17,"kosicky kraj, michalovce",86
3712,105726,1,1,23,"presovsky kraj, presov",69
3713,105763,1,1,0,"zahranicie, zahranicie - ostatne",14
3714,105919,1,1,22,"zahranicie, zahranicie - nemecko",28
3715,106023,0,1,19,"banskobystricky kraj, zvolen",72
3716,106055,1,0,0,"presovsky kraj, levoca",16
3719,106202,1,1,17,"nitriansky kraj, levice",48
3717,106094,1,0,19,"banskobystricky kraj, detva",60
3722,106276,1,0,20,"presovsky kraj, svidnik",14
3723,106292,1,0,17,"presovsky kraj, poprad",14
3720,106252,1,0,0,"zilinsky kraj, dolny kubin",71
3718,106110,1,0,0,"kosicky kraj, medzev",12
3724,106299,1,0,22,"trenciansky kraj, myjava",17
3721,106256,1,1,0,"zilinsky kraj, dolny kubin",48
3729,106427,1,0,18,"zilinsky kraj, namestovo",50
3725,106356,1,0,0,"nitriansky kraj, sturovo",86
3728,106386,1,0,25,"kosicky kraj, spisske vlachy",17
3726,106359,1,1,24,"zilinsky kraj, dolny kubin",69
3727,106378,1,1,17,"zilinsky kraj, namestovo",91
3730,106459,1,0,20,"banskobystricky kraj, banska bystrica",16
3732,106533,1,1,19,"zilinsky kraj, dolny kubin",72
3733,106536,1,0,18,"presovsky kraj, poprad",72
3734,106552,1,0,19,"bratislavsky kraj, bratislava - dubravka",28
3736,106579,1,0,22,"trenciansky kraj, partizanske",12
3735,106557,1,0,17,"nitriansky kraj, vrable",64
3737,106642,1,0,0,"kosicky kraj, kosice - ostatne",78
3738,106713,1,1,19,"zahranicie, zahranicie - francuzsko",64
3731,106513,1,0,17,"trenciansky kraj, puchov",69
3740,106749,1,1,23,"kosicky kraj, kosice - okolie",64
3745,106876,1,0,20,"zilinsky kraj, tvrdosin",66
3747,106906,1,0,20,"zilinsky kraj, dolny kubin",38
3739,106725,1,1,22,"trenciansky kraj, trencin",40
3748,106923,1,0,0,"zilinsky kraj, ruzomberok",69
3741,106767,1,0,0,"banskobystricky kraj, banska bystrica",45
3742,106825,1,1,0,"banskobystricky kraj, banska stiavnica",24
3749,106928,1,0,19,"zilinsky kraj, namestovo",74
3746,106883,1,0,22,"kosicky kraj, spisska nova ves",64
3744,106858,1,1,19,"trnavsky kraj, piestany",76
3750,107026,1,0,18,"kosicky kraj, trebisov",26
3751,107029,1,0,0,"zahranicie, zahranicie - ostatne",12
3743,106826,1,0,19,"kosicky kraj, michalovce",91
3752,107034,1,0,0,"zahranicie, zahranicie - gb",90
3753,107036,1,1,23,"banskobystricky kraj, zvolen",14
3754,107149,0,0,16,"zilinsky kraj, namestovo",47
3757,107369,1,0,23,"bratislavsky kraj, bratislava - petrzalka",57
3759,107420,1,0,0,"banskobystricky kraj, detva",43
3760,107434,1,0,20,"zilinsky kraj, namestovo",74
3755,107322,1,0,0,"zilinsky kraj, dolny kubin",74
3756,107324,1,0,18,"trenciansky kraj, handlova",71
3758,107412,0,0,15,"presovsky kraj, presov",45
3762,107523,1,0,0,"presovsky kraj, poprad",72
3761,107501,0,0,0,"kosicky kraj, michalovce",48
3763,107541,1,0,16,"banskobystricky kraj, banska bystrica",24
3764,107542,1,0,18,"trenciansky kraj, prievidza",45
3769,107673,1,0,0,"kosicky kraj, kosice - zapad",72
3771,107731,1,0,0,"kosicky kraj, michalovce",86
3772,107734,1,0,0,"kosicky kraj, trebisov",60
3767,107662,1,0,31,"bratislavsky kraj, bratislava - vajnory",47
3765,107646,1,1,24,"banskobystricky kraj, ziar nad hronom",69
3776,107762,1,1,0,"zilinsky kraj, namestovo",88
3766,107649,1,0,18,"banskobystricky kraj, brezno",81
3768,107664,0,0,22,"kosicky kraj, michalovce",84
3773,107739,1,0,0,"presovsky kraj, vranov nad toplou",88
3770,107729,1,0,0,"kosicky kraj, kosice - okolie",17
3774,107740,0,0,0,"presovsky kraj, giraltovce",98
3780,107824,1,0,21,"zahranicie, zahranicie - ostatne",60
3777,107797,1,0,19,"zilinsky kraj, namestovo",40
3779,107814,0,0,16,"zahranicie, zahranicie - gb",91
3778,107799,1,1,0,"kosicky kraj, trebisov",12
3775,107742,0,0,0,"zahranicie, zahranicie - gb",78
3781,107914,1,0,19,"kosicky kraj, michalovce",93
3783,107941,1,0,0,"zilinsky kraj, dolny kubin",57
3782,107916,0,0,0,"kosicky kraj, michalovce",19
3784,107949,1,0,0,"zilinsky kraj, dolny kubin",59
3785,107950,1,1,19,"zilinsky kraj, dolny kubin",81
3787,108033,1,1,20,"trnavsky kraj, piestany",59
3790,108123,1,0,0,"kosicky kraj, spisska nova ves",36
3791,108125,0,0,0,"zahranicie, zahranicie - gb",36
3786,108028,1,1,22,"banskobystricky kraj, banska bystrica",62
3795,108211,1,0,20,"bratislavsky kraj, bratislava - karlova ves",52
3793,108198,0,0,21,"kosicky kraj, kosice - okolie",78
3788,108115,1,0,0,"kosicky kraj, michalovce",90
3789,108120,0,0,0,"zahranicie, zahranicie - gb",41
3792,108191,1,1,0,"trnavsky kraj, trnava",62
3794,108206,1,0,16,"presovsky kraj, vranov nad toplou",60
3797,108392,1,1,0,"nitriansky kraj, nove zamky",86
3801,108455,0,1,37,"ceska republika, cz - ostravsky kraj",55
3804,108483,1,0,27,"banskobystricky kraj, kremnica",71
3803,108473,1,0,0,"zahranicie, zahranicie - gb",36
3796,108356,1,1,0,"zilinsky kraj, dolny kubin",59
3799,108448,1,1,24,"banskobystricky kraj, poltar",66
3798,108401,1,1,21,"kosicky kraj, spisska nova ves",71
3806,108546,1,1,22,"zilinsky kraj, dolny kubin",66
3800,108449,1,0,21,"bratislavsky kraj, bratislava - petrzalka",12
3802,108464,1,1,21,"bratislavsky kraj, malacky",55
3807,108676,1,1,0,"kosicky kraj, trebisov",79
3808,108678,1,0,19,"presovsky kraj, kezmarok",67
3805,108510,1,0,14,"zilinsky kraj, ruzomberok",36
3811,108799,1,0,18,"kosicky kraj, michalovce",36
3809,108716,1,0,22,"zilinsky kraj, tvrdosin",67
3814,108827,1,0,17,"zilinsky kraj, trstena",79
3815,108858,1,0,0,"zahranicie, zahranicie - gb",91
3810,108748,1,1,20,"banskobystricky kraj, zvolen",66
3819,108922,1,0,0,"zilinsky kraj, dolny kubin",66
3818,108898,1,0,16,"kosicky kraj, spisska nova ves",90
3812,108803,1,0,0,"bratislavsky kraj, bratislava - lamac",93
3813,108809,0,0,19,"kosicky kraj, michalovce",84
3820,109052,1,0,0,"zilinsky kraj, cadca",60
3816,108867,1,0,18,"kosicky kraj, kralovsky chlmec",16
3817,108869,1,0,0,"kosicky kraj, kralovsky chlmec",76
3821,109058,1,0,20,"presovsky kraj, presov",72
3822,109087,1,0,20,"ceska republika, cz - karlovarsky kraj",16
3828,109234,1,0,21,"presovsky kraj, kezmarok",74
3823,109139,1,0,21,"zahranicie, zahranicie - rakusko",62
3824,109173,1,0,19,"nitriansky kraj, nitra",26
3830,109311,1,0,17,"banskobystricky kraj, brezno",69
3831,109323,1,0,0,"zahranicie, zahranicie - ostatne",81
3827,109209,1,0,16,"presovsky kraj, kezmarok",90
3826,109195,1,0,19,"kosicky kraj, kosice - sidlisko tahanovce",14
3829,109275,0,1,0,"zahranicie, zahranicie - ostatne",12
3825,109185,1,0,18,"presovsky kraj, lipany",43
3835,109471,1,0,19,"kosicky kraj, kosice - krasna nad hornadom",69
3833,109433,1,0,17,"nitriansky kraj, topolcany",74
3832,109335,1,1,31,"trenciansky kraj, trencin",53
3834,109434,1,1,23,"nitriansky kraj, nitra",62
3836,109495,1,1,21,"banskobystricky kraj, nova bana",71
3837,109496,1,0,21,"bratislavsky kraj, bratislava - nove mesto",67
3840,109666,1,0,19,"zilinsky kraj, namestovo",71
3838,109642,1,1,27,"nitriansky kraj, komarno",12
3839,109647,1,0,19,"kosicky kraj, trebisov",83
3841,109711,1,1,20,"bratislavsky kraj, malacky",57
3844,109742,1,0,22,"kosicky kraj, michalovce",64
3847,109892,1,1,0,"trenciansky kraj, ilava",69
3842,109720,1,1,0,"trnavsky kraj, sladkovicovo",76
3843,109723,1,1,21,"presovsky kraj, medzilaborce",72
3848,109899,1,0,0,"bratislavsky kraj, bratislava - stare mesto",16
3849,109900,1,0,0,"presovsky kraj, poprad",79
3850,109905,1,0,19,"kosicky kraj, cierna nad tisou",83
3851,109998,1,1,0,"trnavsky kraj, sladkovicovo",86
3845,109769,1,0,19,"zilinsky kraj, namestovo",29
3846,109889,1,0,15,"trenciansky kraj, puchov",95
3852,110034,1,0,21,"bratislavsky kraj, malacky",64
3856,110162,1,1,23,"kosicky kraj, kosice - zapad",55
3859,110178,1,0,0,"kosicky kraj, kosice - okolie",17
3857,110167,1,0,0,"kosicky kraj, kosice - okolie",34
3858,110168,0,0,0,"zahranicie, zahranicie - gb",38
3861,110198,1,1,0,"zilinsky kraj, dolny kubin",64
3854,110152,1,1,21,"trenciansky kraj, nove mesto nad vahom",71
3855,110157,1,1,26,"trnavsky kraj, samorin",76
3865,110251,1,1,25,"zilinsky kraj, ruzomberok",76
3864,110238,1,0,18,"trnavsky kraj, trnava",28
3862,110217,0,1,18,"trenciansky kraj, trencin",74
3863,110235,1,1,22,"kosicky kraj, spisska nova ves",45
3860,110190,1,1,17,"trnavsky kraj, trnava",83
3867,110311,1,0,14,"zilinsky kraj, namestovo",88
3870,110356,1,1,20,"trnavsky kraj, trnava",69
3866,110287,1,0,19,"trnavsky kraj, senica",69
3871,110358,1,1,18,"trenciansky kraj, banovce nad bebravou",91
3853,110123,1,0,0,"trnavsky kraj, galanta",24
3877,110432,1,1,20,"trnavsky kraj, galanta",74
3874,110422,1,1,22,"banskobystricky kraj, banska bystrica",71
3878,110455,1,0,21,"trenciansky kraj, prievidza",71
3873,110413,1,0,17,"trnavsky kraj, trnava",28
3879,110521,1,0,19,"trnavsky kraj, trnava",34
3868,110339,1,0,23,"trenciansky kraj, novaky",16
3869,110340,1,1,20,"nitriansky kraj, levice",69
3875,110428,1,1,0,"trenciansky kraj, dubnica nad vahom",62
3872,110396,1,0,15,"zilinsky kraj, namestovo",86
3876,110430,1,0,18,"trnavsky kraj, hlohovec",72
3882,110589,1,0,19,"trenciansky kraj, prievidza",17
3883,110614,1,0,21,"trenciansky kraj, prievidza",67
3885,110629,1,1,32,"zahranicie, zahranicie - rakusko",67
3880,110573,1,0,0,"trenciansky kraj, puchov",36
3884,110623,1,0,0,"trenciansky kraj, prievidza",60
3888,110763,1,1,24,"trenciansky kraj, prievidza",71
3889,110766,1,0,23,"trenciansky kraj, prievidza",67
3886,110745,0,1,27,"banskobystricky kraj, banska bystrica",12
3890,110855,1,0,25,"kosicky kraj, roznava",38
3881,110579,1,1,26,"trenciansky kraj, prievidza",34
3887,110760,1,1,21,"kosicky kraj, dobsina",72
3893,111016,1,1,0,"zahranicie, zahranicie - gb",69
3892,110965,1,1,27,"zilinsky kraj, martin",74
3895,111076,1,1,23,"banskobystricky kraj, banska bystrica",79
3891,110947,1,1,23,"presovsky kraj, poprad",67
3894,111044,1,1,22,"presovsky kraj, stara lubovna",69
3899,111245,0,0,0,"kosicky kraj, trebisov",84
3896,111173,1,0,18,"trenciansky kraj, brezova pod bradlom",41
3898,111235,1,0,19,"kosicky kraj, spisska nova ves",74
3901,111289,1,0,18,"kosicky kraj, kosice - okolie",62
3902,111290,1,0,19,"zilinsky kraj, liptovsky mikulas",22
3903,111332,1,0,19,"banskobystricky kraj, banska bystrica",78
3904,111334,1,0,19,"zahranicie, zahranicie - gb",81
3897,111177,1,1,25,"banskobystricky kraj, velky krtis",78
3900,111282,1,0,0,"banskobystricky kraj, detva",81
3906,111406,1,0,0,"banskobystricky kraj, lucenec",74
3905,111341,1,0,0,"banskobystricky kraj, lucenec",41
3911,111562,1,0,24,"ceska republika, cz - jihomoravsky kraj",28
3912,111563,1,0,0,"zilinsky kraj, dolny kubin",55
3907,111460,0,0,16,"banskobystricky kraj, lucenec",90
3910,111532,1,0,22,"presovsky kraj, presov",72
3913,111579,1,1,23,"zilinsky kraj, liptovsky mikulas",12
3908,111462,1,0,0,"zahranicie, zahranicie - ostatne",12
3914,111600,1,0,0,"nitriansky kraj, nove zamky",26
3909,111493,1,0,0,"zilinsky kraj, trstena",84
3916,111826,1,0,20,"trenciansky kraj, prievidza",67
3917,111827,1,0,20,"banskobystricky kraj, ziar nad hronom",60
3915,111675,1,0,0,"kosicky kraj, spisska nova ves",29
3918,111900,1,0,0,"trenciansky kraj, trencin",52
3922,111978,1,1,23,"zilinsky kraj, tvrdosin",60
3920,111967,1,0,18,"zilinsky kraj, dolny kubin",33
3923,111980,1,0,21,"zilinsky kraj, tvrdosin",55
3924,111984,1,0,20,"banskobystricky kraj, zvolen",71
3919,111905,1,0,19,"bratislavsky kraj, bratislava - dubravka",64
3921,111969,1,1,21,"zilinsky kraj, dolny kubin",38
3926,112054,1,0,0,"banskobystricky kraj, lucenec",93
3925,112023,1,1,21,"zilinsky kraj, dolny kubin",79
3927,112057,1,1,17,"trenciansky kraj, povazska bystrica",66
3928,112107,1,0,22,"zilinsky kraj, namestovo",59
3929,112168,1,1,20,"zilinsky kraj, namestovo",19
3930,112325,1,0,16,"zahranicie, zahranicie - ostatne",98
3931,112336,1,0,0,"trenciansky kraj, nemsova",62
3934,112442,1,0,20,"banskobystricky kraj, revuca",76
3933,112420,1,0,24,"zilinsky kraj, zilina",67
3935,112460,1,0,22,"presovsky kraj, giraltovce",69
3932,112361,1,1,0,"banskobystricky kraj, poltar",81
3936,112547,1,1,21,"zilinsky kraj, ruzomberok",66
3937,112572,1,1,0,"bratislavsky kraj, bratislava - okolie",12
3939,112660,1,0,0,"trenciansky kraj, trencin",67
3940,112718,1,0,18,"zilinsky kraj, namestovo",19
3941,112722,1,0,0,"kosicky kraj, roznava",66
3938,112587,1,1,17,"banskobystricky kraj, zvolen",71
3942,112792,1,1,16,"trenciansky kraj, partizanske",62
3944,112925,1,0,16,"banskobystricky kraj, rimavska sobota",36
3945,112940,1,1,0,"kosicky kraj, roznava",90
3943,112859,1,1,18,"banskobystricky kraj, nova bana",93
3946,112941,1,0,0,"banskobystricky kraj, banska bystrica",79
3947,112947,1,0,20,"banskobystricky kraj, rimavska sobota",57
3948,112948,1,0,16,"banskobystricky kraj, rimavska sobota",84
3950,113073,1,0,19,"zilinsky kraj, namestovo",66
3952,113103,1,1,22,"kosicky kraj, kosice - okolie",62
3953,113119,1,0,15,"nitriansky kraj, vrable",28
3954,113120,1,0,17,"banskobystricky kraj, banska bystrica",17
3951,113082,1,0,18,"zilinsky kraj, namestovo",88
3955,113123,1,0,0,"nitriansky kraj, sala",16
3956,113126,1,0,20,"presovsky kraj, sabinov",64
3949,113004,1,0,19,"trenciansky kraj, puchov",74
3957,113198,1,1,27,"presovsky kraj, presov",57
3961,113273,1,0,21,"zilinsky kraj, namestovo",72
3959,113245,1,0,18,"banskobystricky kraj, lucenec",74
3960,113249,1,0,20,"banskobystricky kraj, brezno",52
3962,113276,1,0,0,"zilinsky kraj, namestovo",72
3964,113318,1,0,20,"banskobystricky kraj, tornala",71
3965,113344,1,1,21,"nitriansky kraj, komarno",55
3966,113352,1,0,18,"zilinsky kraj, namestovo",14
3967,113353,1,0,20,"zilinsky kraj, namestovo",91
3958,113202,0,0,14,"zahranicie, zahranicie - ostatne",53
3963,113310,1,0,17,"presovsky kraj, poprad",24
3968,113410,1,1,0,"kosicky kraj, roznava",83
3970,113455,1,0,0,"banskobystricky kraj, rimavska sobota",78
3969,113444,1,0,17,"banskobystricky kraj, banska bystrica",24
3971,113475,1,0,19,"nitriansky kraj, komarno",79
3976,113628,1,0,18,"banskobystricky kraj, banska bystrica",47
3974,113573,1,0,16,"presovsky kraj, lipany",17
3978,113642,1,1,17,"kosicky kraj, spisska nova ves",16
3973,113500,1,0,0,"banskobystricky kraj, banska bystrica",24
3975,113580,1,0,0,"banskobystricky kraj, banska bystrica",17
3972,113489,1,1,21,"nitriansky kraj, komarno",71
3977,113633,1,1,21,"kosicky kraj, kosice - juh",66
3980,113869,1,1,23,"presovsky kraj, bardejov",69
3979,113796,1,1,23,"bratislavsky kraj, bratislava - petrzalka",69
3981,114019,1,1,21,"zahranicie, zahranicie - gb",79
3982,114132,1,0,17,"banskobystricky kraj, zvolen",28
3983,114147,1,1,0,"nitriansky kraj, zlate moravce",81
3986,114257,1,0,0,"zilinsky kraj, namestovo",43
3987,114288,1,1,0,"zahranicie, zahranicie - francuzsko",62
3988,114348,1,1,17,"nitriansky kraj, levice",67
3989,114354,1,1,0,"zilinsky kraj, namestovo",91
3991,114392,1,0,0,"trenciansky kraj, prievidza",79
3990,114380,1,0,0,"banskobystricky kraj, banska bystrica",66
3984,114179,1,1,22,"banskobystricky kraj, krupina",47
3985,114180,1,1,20,"banskobystricky kraj, banska bystrica",67
3992,114400,1,1,22,"banskobystricky kraj, banska bystrica",66
3995,114623,1,0,0,"zilinsky kraj, namestovo",31
3996,114648,1,1,0,"zahranicie, zahranicie - francuzsko",22
3997,114649,0,0,0,"zilinsky kraj, namestovo",41
3994,114610,1,0,0,"trenciansky kraj, banovce nad bebravou",16
3998,114656,1,0,0,"trenciansky kraj, partizanske",45
3993,114509,1,0,24,"kosicky kraj, spisska nova ves",57
4002,114812,1,0,0,"zilinsky kraj, namestovo",88
4000,114757,1,0,0,"trenciansky kraj, prievidza",76
4003,114828,1,0,0,"trnavsky kraj, trnava",40
3999,114717,1,0,0,"trnavsky kraj, piestany",33
4001,114793,1,0,0,"zahranicie, zahranicie - ostatne",14
4007,115010,1,1,19,"nitriansky kraj, zlate moravce",66
4004,114929,1,0,0,"zilinsky kraj, dolny kubin",62
4008,115045,1,0,16,"nitriansky kraj, nove zamky",97
4010,115072,0,1,0,"kosicky kraj, kosice - ostatne",64
4005,114957,1,0,22,"banskobystricky kraj, velky krtis",76
4013,115114,1,0,16,"trenciansky kraj, povazska bystrica",59
4006,114958,1,0,19,"banskobystricky kraj, rimavska sobota",64
4014,115115,1,0,0,"trenciansky kraj, povazska bystrica",34
4009,115065,0,0,0,"zahranicie, zahranicie - ostatne",38
4011,115102,1,0,22,"zilinsky kraj, trstena",47
4017,115276,1,0,21,"presovsky kraj, presov",71
4012,115104,1,0,0,"trenciansky kraj, povazska bystrica",19
4015,115229,1,1,0,"trenciansky kraj, puchov",29
4020,115462,1,0,0,"banskobystricky kraj, tornala",21
4021,115486,1,0,0,"banskobystricky kraj, hnusta",79
4018,115348,1,1,0,"zilinsky kraj, ruzomberok",74
4019,115393,1,1,17,"presovsky kraj, presov",71
4016,115236,1,0,19,"trenciansky kraj, povazska bystrica",71
4022,115504,1,1,0,"zilinsky kraj, ruzomberok",34
4024,115563,1,0,0,"kosicky kraj, roznava",28
4025,115596,1,0,0,"kosicky kraj, spisska nova ves",72
4023,115557,1,1,22,"kosicky kraj, roznava",71
4026,115662,1,0,18,"kosicky kraj, kosice - zapad",17
4029,115756,1,0,22,"trnavsky kraj, galanta",67
4027,115723,1,1,22,"kosicky kraj, roznava",76
4028,115740,1,1,23,"kosicky kraj, roznava",53
4032,115957,1,0,21,"zilinsky kraj, dolny kubin",34
4031,115948,1,1,21,"presovsky kraj, vranov nad toplou",72
4030,115890,1,0,0,"zilinsky kraj, ruzomberok",90
4033,116080,0,0,19,"kosicky kraj, kosice - zapad",93
4038,116202,1,0,18,"banskobystricky kraj, hrinova",19
4037,116184,0,0,16,"bratislavsky kraj, bratislava - ostatne",12
4034,116115,1,1,16,"trenciansky kraj, banovce nad bebravou",83
4035,116130,0,1,28,"banskobystricky kraj, detva",22
4036,116141,1,1,19,"trenciansky kraj, myjava",84
4040,116292,1,1,19,"kosicky kraj, spisska nova ves",59
4042,116366,0,0,0,"zahranicie, zahranicie - ostatne",90
4043,116431,1,1,24,"kosicky kraj, kosice - okolie",67
4039,116256,1,1,18,"banskobystricky kraj, hrinova",47
4041,116308,1,1,22,"trenciansky kraj, banovce nad bebravou",72
4044,116533,1,1,21,"kosicky kraj, spisske vlachy",71
4048,116660,1,0,20,"nitriansky kraj, nitra",71
4045,116605,1,0,26,"presovsky kraj, bardejov",16
4049,116806,1,1,18,"nitriansky kraj, hurbanovo",74
4046,116650,1,0,20,"banskobystricky kraj, banska bystrica",76
4050,116837,1,1,21,"banskobystricky kraj, banska stiavnica",72
4047,116651,1,0,0,"banskobystricky kraj, banska bystrica",50
4052,117018,1,0,20,"banskobystricky kraj, lucenec",66
4051,116962,1,0,0,"zilinsky kraj, namestovo",84
4054,117198,1,0,19,"nitriansky kraj, levice",52
4053,117150,1,1,0,"zahranicie, zahranicie - ostatne",21
4057,117350,1,0,17,"zilinsky kraj, martin",71
4058,117424,1,1,0,"trnavsky kraj, senica",55
4055,117266,1,0,0,"banskobystricky kraj, banska bystrica",64
4060,117451,1,1,19,"presovsky kraj, poprad",72
4059,117441,1,1,0,"banskobystricky kraj, banska bystrica",78
4056,117327,0,0,0,"zahranicie, zahranicie - australia",34
4061,117703,1,1,0,"zilinsky kraj, martin",12
4062,117743,1,1,19,"banskobystricky kraj, zvolen",79
4066,117903,1,0,18,"nitriansky kraj, sala",60
4064,117795,1,0,18,"zilinsky kraj, martin",86
4065,117819,1,0,16,"trenciansky kraj, trencianske teplice",88
4063,117779,1,1,21,"banskobystricky kraj, banska bystrica",72
4069,118162,1,1,18,"presovsky kraj, presov",81
4068,118087,1,0,19,"trenciansky kraj, prievidza",69
4070,118191,1,0,19,"zilinsky kraj, liptovsky mikulas",71
4072,118241,1,0,22,"trenciansky kraj, prievidza",60
4071,118227,1,0,19,"presovsky kraj, snina",83
4067,118078,1,1,0,"trenciansky kraj, trencin",29
4073,118339,1,0,19,"nitriansky kraj, topolcany",76
4074,118468,1,0,0,"trenciansky kraj, povazska bystrica",66
4075,118587,1,1,22,"ceska republika, cz - praha",67
4076,118753,1,1,14,"trenciansky kraj, prievidza",67
4077,118755,1,1,18,"trenciansky kraj, prievidza",88
4079,118844,1,1,0,"zilinsky kraj, dolny kubin",69
4078,118780,1,1,24,"zilinsky kraj, liptovsky mikulas",67
4080,119048,1,0,16,"ceska republika, cz - jihomoravsky kraj",48
4081,119135,1,1,0,"nitriansky kraj, sala",62
4082,119185,1,0,17,"kosicky kraj, kosice - krasna nad hornadom",60
4085,119406,1,0,20,"banskobystricky kraj, lucenec",67
4083,119301,1,1,22,"trenciansky kraj, handlova",50
4086,119450,0,0,0,"zahranicie, zahranicie - francuzsko",84
4084,119309,1,0,19,"trenciansky kraj, handlova",76
4087,119555,1,1,0,"trenciansky kraj, handlova",53
4088,119686,1,1,17,"kosicky kraj, kosice - sever",91
4091,119749,1,1,23,"zilinsky kraj, trstena",79
4089,119695,0,0,0,"presovsky kraj, stara lubovna",31
4092,119825,1,0,20,"banskobystricky kraj, hnusta",84
4093,119867,1,1,27,"banskobystricky kraj, hnusta",24
4090,119708,1,1,0,"banskobystricky kraj, poltar",45
4094,119944,0,0,0,"zilinsky kraj, martin",12
4095,120017,1,1,19,"kosicky kraj, kosice - okolie",72
4096,120083,1,1,16,"kosicky kraj, trebisov",43
4097,120100,1,1,19,"zahranicie, zahranicie - gb",83
4098,120132,1,1,19,"banskobystricky kraj, banska bystrica",62
4099,120134,1,1,20,"kosicky kraj, spisska nova ves",67
4100,120391,1,0,0,"presovsky kraj, lipany",72
4101,120398,1,1,0,"kosicky kraj, spisska nova ves",52
4102,120460,1,0,17,"zilinsky kraj, namestovo",71
4103,120565,1,0,21,"zilinsky kraj, namestovo",74
4105,120796,1,0,0,"trnavsky kraj, dunajska streda",81
4104,120660,1,1,0,"presovsky kraj, stara lubovna",91
4106,120832,1,0,0,"nitriansky kraj, nitra",60
4111,120873,1,1,16,"ceska republika, cz - praha",55
4107,120846,1,0,19,"trenciansky kraj, puchov",74
4108,120853,1,0,16,"zilinsky kraj, namestovo",26
4109,120854,1,0,18,"presovsky kraj, bardejov",64
4110,120862,1,0,23,"zilinsky kraj, liptovsky mikulas",81
4114,120977,1,1,0,"zahranicie, zahranicie - usa",22
4112,120955,1,0,32,"presovsky kraj, stropkov",81
4116,121088,0,0,15,"bratislavsky kraj, malacky",33
4117,121092,1,0,18,"zilinsky kraj, martin",83
4115,121043,1,1,19,"kosicky kraj, kosice - juh",86
4119,121191,1,0,20,"nitriansky kraj, zeliezovce",83
4118,121137,1,0,0,"kosicky kraj, kosice - okolie",12
4113,120972,1,1,0,"banskobystricky kraj, rimavska sobota",47
4120,121212,1,0,0,"zilinsky kraj, namestovo",52
4121,121227,1,0,24,"zilinsky kraj, namestovo",66
4123,121415,1,0,0,"zilinsky kraj, namestovo",76
4122,121256,1,1,19,"trnavsky kraj, galanta",66
4124,121536,0,0,18,"banskobystricky kraj, velky krtis",21
4125,121705,1,1,0,"presovsky kraj, presov",41
4126,121716,1,0,20,"bratislavsky kraj, bratislava - nove mesto",14
4127,121760,1,1,0,"kosicky kraj, kosice - okolie",88
4130,121801,1,1,19,"banskobystricky kraj, banska bystrica",59
4131,121833,1,1,18,"presovsky kraj, sabinov",53
4134,121878,1,1,0,"presovsky kraj, humenne",60
4132,121853,1,0,20,"banskobystricky kraj, zvolen",62
4129,121800,1,1,21,"trenciansky kraj, dubnica nad vahom",76
4135,121882,1,0,0,"zilinsky kraj, dolny kubin",22
4133,121874,1,1,20,"kosicky kraj, kosice - zapad",78
4128,121776,1,0,17,"banskobystricky kraj, zvolen",14
4136,121970,1,1,20,"kosicky kraj, kosice - ostatne",69
4137,121971,1,1,21,"bratislavsky kraj, malacky",76
4138,122032,1,0,18,"zilinsky kraj, dolny kubin",14
4139,122063,1,0,0,"presovsky kraj, levoca",48
4140,122065,1,1,20,"nitriansky kraj, nitra",69
4144,122240,1,1,22,"nitriansky kraj, levice",64
4141,122084,1,0,18,"trnavsky kraj, senica",59
4142,122109,1,1,18,"kosicky kraj, kosice - saca",84
4145,122282,1,1,21,"banskobystricky kraj, zvolen",55
4146,122299,1,1,26,"presovsky kraj, presov",66
4143,122115,1,0,17,"zahranicie, zahranicie - gb",28
4148,122388,1,1,25,"banskobystricky kraj, dudince",69
4151,122477,1,1,0,"banskobystricky kraj, lucenec",71
4147,122369,1,1,22,"zilinsky kraj, ruzomberok",71
4149,122466,1,1,0,"nitriansky kraj, nove zamky",83
4152,122589,1,0,22,"bratislavsky kraj, bratislava - petrzalka",71
4150,122473,1,1,0,"zahranicie, zahranicie - australia",78
4155,122671,1,1,22,"kosicky kraj, kosice - okolie",62
4156,122673,1,0,15,"banskobystricky kraj, brezno",34
4159,122705,1,0,29,"banskobystricky kraj, banska bystrica",16
4154,122660,1,0,16,"kosicky kraj, kosice - saca",60
4158,122693,1,1,0,"kosicky kraj, spisska nova ves",79
4153,122632,1,1,0,"zilinsky kraj, dolny kubin",24
4157,122680,1,0,19,"zilinsky kraj, namestovo",40
4162,122833,0,1,14,"kosicky kraj, sobrance",33
4160,122812,1,0,18,"trnavsky kraj, galanta",22
4165,123017,1,1,0,"kosicky kraj, roznava",22
4163,122932,1,1,21,"banskobystricky kraj, zvolen",62
4166,123021,1,1,23,"trenciansky kraj, banovce nad bebravou",74
4167,123031,1,1,0,"ceska republika, cz - plzensky kraj",69
4161,122819,1,0,17,"ceska republika, cz - praha",16
4168,123049,1,0,0,"trenciansky kraj, prievidza",53
4169,123119,1,1,23,"trenciansky kraj, prievidza",41
4170,123171,1,0,19,"zilinsky kraj, tvrdosin",66
4164,123000,1,1,0,"kosicky kraj, kosice - okolie",59
4171,123172,1,1,23,"zilinsky kraj, dolny kubin",64
4172,123174,1,0,0,"trenciansky kraj, trencin",55
4173,123379,1,1,0,"kosicky kraj, moldava nad bodvou",72
4174,123426,1,0,18,"zilinsky kraj, tvrdosin",71
4175,123470,1,0,20,"trenciansky kraj, banovce nad bebravou",12
4176,123474,1,0,21,"trenciansky kraj, prievidza",47
4180,123513,1,1,0,"trenciansky kraj, prievidza",67
4179,123499,1,1,19,"zahranicie, zahranicie - gb",69
4181,123528,1,0,19,"zilinsky kraj, namestovo",19
4177,123478,1,0,0,"zahranicie, zahranicie - kanada",90
4178,123480,1,0,0,"nitriansky kraj, vrable",81
4184,123648,1,1,25,"trenciansky kraj, banovce nad bebravou",74
4186,123661,0,0,0,"zahranicie, zahranicie - ostatne",45
4183,123636,1,0,0,"banskobystricky kraj, banska bystrica",21
4188,123691,1,0,0,"zilinsky kraj, trstena",60
4185,123655,1,0,20,"kosicky kraj, spisska nova ves",60
4190,123738,1,0,19,"presovsky kraj, humenne",76
4182,123624,1,1,0,"zilinsky kraj, trstena",62
4187,123684,1,0,20,"zilinsky kraj, namestovo",78
4189,123726,1,0,18,"banskobystricky kraj, banska bystrica",72
4193,123820,1,0,17,"banskobystricky kraj, banska bystrica",93
4191,123758,0,1,0,"bratislavsky kraj, bratislava - petrzalka",31
4195,123847,1,0,18,"zilinsky kraj, ruzomberok",26
4194,123840,1,0,0,"kosicky kraj, kosice - krasna nad hornadom",90
4197,123926,1,0,0,"banskobystricky kraj, tornala",97
4196,123867,1,0,0,"zilinsky kraj, liptovsky mikulas",41
4192,123780,1,0,17,"kosicky kraj, spisska nova ves",16
4202,124015,1,0,17,"trenciansky kraj, puchov",45
4198,123999,0,0,0,"banskobystricky kraj, zvolen",57
4203,124043,0,1,0,"bratislavsky kraj, bratislava - podunaj. biskupice",55
4199,124001,1,0,18,"zahranicie, zahranicie - gb",84
4200,124002,1,0,0,"zilinsky kraj, zilina",88
4201,124003,1,1,0,"zilinsky kraj, dolny kubin",24
4204,124063,1,1,20,"kosicky kraj, spisska nova ves",26
4207,124174,1,1,0,"kosicky kraj, kosice - okolie",26
4208,124176,1,1,32,"kosicky kraj, kosice - zapad",90
4205,124076,0,0,20,"nitriansky kraj, levice",78
4206,124106,0,0,0,"bratislavsky kraj, malacky",60
4211,124219,1,0,26,"trenciansky kraj, partizanske",43
4209,124197,1,0,0,"kosicky kraj, spisska nova ves",12
4210,124212,1,1,0,"kosicky kraj, trebisov",22
4213,124310,1,0,20,"banskobystricky kraj, banska bystrica",12
4212,124288,1,0,0,"zilinsky kraj, liptovsky mikulas",12
4214,124358,0,1,20,"banskobystricky kraj, banska bystrica",48
4215,124360,1,0,19,"trenciansky kraj, puchov",12
4217,124479,1,0,17,"trenciansky kraj, partizanske",74
4216,124393,1,1,19,"zilinsky kraj, liptovsky mikulas",57
4218,124536,1,1,0,"nitriansky kraj, nitra",69
4219,124606,1,0,18,"zilinsky kraj, trstena",71
4223,124758,1,1,21,"banskobystricky kraj, rimavska sobota",57
4224,124774,1,0,15,"kosicky kraj, roznava",81
4220,124631,1,0,0,"banskobystricky kraj, banska bystrica",74
4225,124835,1,1,0,"zilinsky kraj, liptovsky mikulas",78
4226,124851,1,0,19,"zahranicie, zahranicie - ostatne",29
4222,124737,1,0,0,"bratislavsky kraj, bratislava - nove mesto",59
4221,124724,1,1,17,"zilinsky kraj, namestovo",88
4228,124974,1,1,0,"zilinsky kraj, tvrdosin",31
4229,124980,1,0,36,"bratislavsky kraj, bratislava - okolie",12
4227,124962,1,0,19,"trnavsky kraj, gbely",60
4231,125168,1,1,0,"zahranicie, zahranicie - usa",41
4230,125140,1,1,20,"zilinsky kraj, tvrdosin",60
4232,125251,1,1,21,"kosicky kraj, spisska nova ves",62
4233,125321,1,1,22,"banskobystricky kraj, filakovo",12
4237,125446,1,1,19,"kosicky kraj, spisska nova ves",41
4236,125423,1,0,16,"banskobystricky kraj, banska bystrica",17
4238,125466,1,0,20,"banskobystricky kraj, banska bystrica",72
4234,125366,1,0,0,"trnavsky kraj, galanta",31
4240,125516,1,0,18,"presovsky kraj, levoca",57
4244,125552,1,1,20,"banskobystricky kraj, banska bystrica",53
4241,125518,1,0,19,"presovsky kraj, stara lubovna",83
4235,125379,1,1,20,"kosicky kraj, spisska nova ves",48
4242,125526,1,0,18,"kosicky kraj, spisska nova ves",64
4243,125531,1,0,0,"presovsky kraj, stara lubovna",74
4247,125627,1,0,0,"kosicky kraj, spisska nova ves",29
4239,125489,1,0,23,"banskobystricky kraj, banska bystrica",78
4245,125586,1,0,18,"banskobystricky kraj, banska bystrica",22
4248,125634,1,1,20,"kosicky kraj, spisska nova ves",21
4246,125618,1,0,19,"kosicky kraj, spisska nova ves",12
4249,125649,1,1,0,"zilinsky kraj, ruzomberok",64
4251,126007,1,0,18,"zahranicie, zahranicie - australia",52
4250,125939,1,1,23,"zilinsky kraj, martin",57
4252,126023,1,0,0,"presovsky kraj, bardejov",48
4253,126143,1,0,19,"trenciansky kraj, brezova pod bradlom",66
4254,126222,1,0,20,"presovsky kraj, levoca",67
4255,126308,0,1,0,"presovsky kraj, presov",19
4256,126389,1,0,0,"kosicky kraj, velke kapusany",55
4259,126528,1,0,21,"zilinsky kraj, dolny kubin",62
4260,126546,1,0,21,"trenciansky kraj, prievidza",59
4262,126572,1,1,18,"zilinsky kraj, namestovo",74
4257,126478,0,0,0,"trnavsky kraj, sered",81
4258,126479,1,0,0,"trnavsky kraj, galanta",66
4264,126646,1,0,0,"presovsky kraj, vranov nad toplou",41
4261,126568,1,0,17,"zilinsky kraj, namestovo",34
4263,126594,1,1,20,"banskobystricky kraj, banska bystrica",62
4266,126691,0,0,0,"zahranicie, zahranicie - gb",98
4268,126708,1,0,15,"banskobystricky kraj, rimavska sobota",47
4270,126797,1,0,18,"banskobystricky kraj, filakovo",76
4271,126799,1,0,17,"banskobystricky kraj, rimavska sobota",31
4265,126684,1,0,17,"zilinsky kraj, namestovo",16
4272,126804,1,0,0,"zahranicie, zahranicie - ostatne",45
4273,126805,1,0,0,"banskobystricky kraj, filakovo",21
4269,126791,1,0,0,"zahranicie, zahranicie - ostatne",93
4274,126873,1,0,18,"trenciansky kraj, povazska bystrica",86
4275,126901,1,1,27,"bratislavsky kraj, bratislava - ruzinov",67
4279,127001,1,0,17,"trnavsky kraj, sered",81
4267,126705,1,0,17,"banskobystricky kraj, rimavska sobota",43
4278,126945,1,1,25,"trnavsky kraj, trnava",79
4276,126909,1,1,27,"bratislavsky kraj, bratislava - ruzinov",67
4277,126915,1,0,0,"zilinsky kraj, namestovo",12
4280,127072,1,0,23,"zilinsky kraj, namestovo",62
4281,127167,1,0,15,"nitriansky kraj, nove zamky",81
4283,127402,1,1,19,"banskobystricky kraj, lucenec",91
4284,127444,1,0,15,"presovsky kraj, poprad",33
4285,127504,1,1,26,"presovsky kraj, humenne",71
4286,127505,1,1,25,"nitriansky kraj, levice",12
4282,127271,1,0,18,"kosicky kraj, michalovce",69
4287,127587,1,0,0,"trnavsky kraj, vrbove",64
4288,127643,1,0,0,"nitriansky kraj, zlate moravce",79
4290,127839,1,0,18,"kosicky kraj, sobrance",24
4291,127852,1,1,0,"banskobystricky kraj, banska bystrica",71
4296,127937,1,0,0,"kosicky kraj, michalovce",84
4295,127883,1,0,20,"trnavsky kraj, vrbove",59
4292,127860,1,1,0,"presovsky kraj, presov",78
4289,127785,1,1,18,"zilinsky kraj, ruzomberok",71
4293,127873,0,0,0,"banskobystricky kraj, filakovo",86
4294,127874,1,0,16,"banskobystricky kraj, rimavska sobota",55
4297,127991,1,0,18,"zilinsky kraj, namestovo",24
4300,128056,1,0,0,"banskobystricky kraj, rimavska sobota",53
4304,128116,1,0,18,"kosicky kraj, kralovsky chlmec",69
4298,128046,1,1,21,"presovsky kraj, vranov nad toplou",57
4305,128120,1,0,0,"trnavsky kraj, dunajska streda",34
4301,128059,1,0,0,"banskobystricky kraj, rimavska sobota",76
4302,128062,1,0,0,"kosicky kraj, roznava",38
4308,128177,1,0,19,"zilinsky kraj, trstena",21
4303,128081,1,1,24,"presovsky kraj, presov",67
4306,128122,0,0,20,"banskobystricky kraj, tornala",71
4312,128237,1,0,0,"presovsky kraj, presov",76
4310,128217,1,0,21,"zilinsky kraj, namestovo",81
4311,128227,0,0,15,"presovsky kraj, bardejov",90
4299,128054,1,0,0,"trnavsky kraj, galanta",34
4313,128285,1,0,19,"kosicky kraj, kosice - sidlisko tahanovce",78
4307,128157,1,1,0,"kosicky kraj, kosice - zapad",86
4309,128202,1,1,0,"zahranicie, zahranicie - gb",62
4314,128390,1,1,21,"zilinsky kraj, martin",72
4315,128406,1,0,18,"zilinsky kraj, namestovo",22
4316,128520,1,0,20,"kosicky kraj, kosice - saca",81
4317,128599,1,1,21,"banskobystricky kraj, banska bystrica",33
4319,128662,1,0,18,"zilinsky kraj, namestovo",62
4318,128610,1,1,14,"banskobystricky kraj, banska bystrica",76
4320,128672,1,0,0,"banskobystricky kraj, banska bystrica",66
4322,128795,1,1,21,"nitriansky kraj, sahy",69
4321,128787,1,1,20,"nitriansky kraj, tlmace",55
4326,129001,1,0,18,"banskobystricky kraj, banska bystrica",14
4324,128955,1,0,18,"presovsky kraj, poprad",62
4325,128967,1,1,23,"presovsky kraj, snina",69
4323,128937,1,0,0,"presovsky kraj, humenne",57
4327,129129,1,0,17,"trnavsky kraj, dunajska streda",72
4328,129230,1,1,19,"zilinsky kraj, martin",71
4329,129302,1,1,19,"trenciansky kraj, trencin",60
4334,129440,1,0,16,"banskobystricky kraj, filakovo",14
4339,129606,1,0,17,"kosicky kraj, velke kapusany",55
4331,129427,1,0,0,"trnavsky kraj, dunajska streda",28
4336,129535,1,0,0,"presovsky kraj, humenne",71
4337,129592,1,0,0,"banskobystricky kraj, filakovo",59
4338,129593,1,0,17,"zahranicie, zahranicie - usa",12
4332,129432,1,0,0,"kosicky kraj, roznava",41
4333,129433,1,0,0,"trnavsky kraj, galanta",55
4340,129617,1,1,21,"bratislavsky kraj, bratislava - ruzinov",59
4335,129524,1,1,20,"zilinsky kraj, namestovo",57
4343,129738,0,0,0,"zahranicie, zahranicie - francuzsko",52
4330,129345,1,0,17,"banskobystricky kraj, filakovo",21
4342,129702,1,1,19,"presovsky kraj, sabinov",71
4344,129771,1,0,16,"trenciansky kraj, nove mesto nad vahom",76
4347,129847,1,0,0,"presovsky kraj, stropkov",78
4341,129629,1,0,20,"banskobystricky kraj, krupina",40
4349,129896,1,0,0,"trnavsky kraj, holic",76
4345,129779,1,0,0,"banskobystricky kraj, banska bystrica",47
4348,129852,1,0,20,"banskobystricky kraj, rimavska sobota",72
4350,129973,1,0,21,"zilinsky kraj, trstena",67
4346,129837,1,0,19,"banskobystricky kraj, zvolen",71
4352,130248,1,1,0,"nitriansky kraj, komarno",29
4353,130252,1,1,20,"zahranicie, zahranicie - gb",72
4354,130254,1,1,22,"nitriansky kraj, komarno",12
4351,130136,1,0,0,"kosicky kraj, trebisov",31
4355,130546,1,1,0,"trenciansky kraj, trencianske teplice",83
4357,130606,1,0,0,"zahranicie, zahranicie - gb",29
4360,130681,1,0,19,"zahranicie, zahranicie - gb",88
4356,130582,1,0,20,"kosicky kraj, michalovce",78
4363,130771,1,0,0,"nitriansky kraj, komarno",76
4358,130629,1,1,22,"trnavsky kraj, gbely",69
4361,130707,1,1,22,"trnavsky kraj, gbely",53
4359,130631,1,1,22,"trnavsky kraj, gbely",71
4365,130822,1,0,18,"banskobystricky kraj, rimavska sobota",12
4367,130838,1,1,23,"banskobystricky kraj, banska bystrica",66
4370,130939,1,1,16,"presovsky kraj, presov",43
4366,130828,1,0,18,"trnavsky kraj, galanta",78
4371,130940,1,1,26,"banskobystricky kraj, tornala",71
4362,130740,1,1,0,"presovsky kraj, bardejov",69
4364,130797,0,1,0,"zahranicie, zahranicie - ostatne",78
4372,130946,0,1,18,"presovsky kraj, snina",78
4369,130928,1,0,0,"kosicky kraj, cierna nad tisou",71
4368,130856,1,1,22,"zahranicie, zahranicie - gb",33
4373,131036,1,0,0,"zahranicie, zahranicie - ostatne",60
4374,131040,1,1,26,"nitriansky kraj, nitra",57
4376,131112,1,0,0,"trnavsky kraj, galanta",66
4377,131113,0,0,0,"zilinsky kraj, liptovsky mikulas",57
4378,131169,1,0,17,"zahranicie, zahranicie - gb",66
4380,131254,1,0,18,"nitriansky kraj, nove zamky",60
4379,131172,1,0,19,"presovsky kraj, poprad",22
4375,131096,0,1,0,"zahranicie, zahranicie - gb",31
4382,131313,1,0,22,"zilinsky kraj, martin",29
4381,131288,1,0,16,"banskobystricky kraj, hrinova",76
4383,131346,0,0,0,"kosicky kraj, kosice - okolie",67
4384,131350,1,0,0,"banskobystricky kraj, filakovo",83
4385,131406,1,0,16,"banskobystricky kraj, filakovo",78
4387,131477,1,1,23,"zilinsky kraj, namestovo",69
4386,131412,0,0,18,"nitriansky kraj, zeliezovce",78
4389,131581,1,1,0,"zilinsky kraj, namestovo",66
4390,131603,1,0,19,"banskobystricky kraj, detva",21
4388,131516,1,0,19,"presovsky kraj, stara lubovna",22
4392,131830,1,1,22,"banskobystricky kraj, banska bystrica",53
4393,131832,1,1,17,"banskobystricky kraj, banska bystrica",12
4394,131884,1,0,16,"nitriansky kraj, sturovo",45
4391,131682,1,1,17,"kosicky kraj, kosice - sever",14
4397,132021,1,0,19,"trnavsky kraj, galanta",78
4398,132077,1,1,19,"ceska republika, cz - pardubicky kraj",67
4396,132013,1,0,0,"trnavsky kraj, senica",21
4395,131910,1,0,17,"zilinsky kraj, dolny kubin",47
4399,132110,0,0,0,"presovsky kraj, vranov nad toplou",86
4400,132137,1,0,0,"zahranicie, zahranicie - gb",76
4401,132139,1,0,19,"banskobystricky kraj, banska bystrica",12
4402,132252,1,1,19,"trenciansky kraj, partizanske",55
4403,132307,1,0,0,"trenciansky kraj, trencin",60
4404,132310,1,1,18,"nitriansky kraj, komarno",67
4408,132397,0,0,0,"zahranicie, zahranicie - gb",97
4405,132326,1,0,19,"banskobystricky kraj, banska bystrica",59
4406,132328,1,0,0,"banskobystricky kraj, banska bystrica",12
4407,132382,1,0,0,"banskobystricky kraj, hnusta",97
4409,132453,1,1,0,"nitriansky kraj, sahy",76
4414,132650,1,0,16,"presovsky kraj, vranov nad toplou",78
4411,132532,1,1,0,"nitriansky kraj, sahy",76
4412,132612,1,0,17,"nitriansky kraj, sahy",72
4416,132670,1,0,0,"nitriansky kraj, zeliezovce",74
4417,132674,1,0,19,"nitriansky kraj, sahy",76
4410,132525,1,0,22,"zahranicie, zahranicie - gb",55
4413,132628,0,1,32,"trenciansky kraj, povazska bystrica",36
4415,132659,1,0,16,"trnavsky kraj, galanta",43
4420,132835,1,0,19,"presovsky kraj, presov",12
4419,132806,1,1,21,"banskobystricky kraj, zvolen",17
4418,132778,1,0,16,"zahranicie, zahranicie - gb",83
4421,132869,1,0,0,"zahranicie, zahranicie - ostatne",74
4423,132978,1,0,21,"trnavsky kraj, trnava",71
4424,133031,1,1,19,"trnavsky kraj, senica",67
4422,132957,1,1,0,"presovsky kraj, sabinov",60
4426,133133,1,0,0,"zahranicie, zahranicie - gb",71
4425,133055,1,0,0,"zahranicie, zahranicie - usa",59
4429,133161,1,1,0,"ceska republika, cz - pardubicky kraj",19
4430,133190,1,1,0,"zahranicie, zahranicie - ostatne",59
4427,133138,0,0,18,"zahranicie, zahranicie - ostatne",53
4428,133140,0,0,0,"banskobystricky kraj, tornala",72
4432,133382,1,0,20,"zilinsky kraj, namestovo",78
4431,133361,1,0,22,"trnavsky kraj, trnava",69
4433,133421,1,0,19,"trnavsky kraj, sered",45
4438,133606,1,0,20,"zahranicie, zahranicie - gb",55
4434,133536,1,0,0,"zilinsky kraj, namestovo",33
4439,133712,1,0,14,"banskobystricky kraj, lucenec",83
4442,133727,0,0,19,"banskobystricky kraj, rimavska sobota",52
4443,133730,1,0,0,"kosicky kraj, sobrance",93
4440,133715,1,0,19,"presovsky kraj, presov",69
4435,133582,1,0,17,"banskobystricky kraj, zvolen",74
4436,133586,1,0,17,"banskobystricky kraj, lucenec",90
4437,133588,0,1,25,"kosicky kraj, kosice - stare mesto",12
4441,133724,1,0,18,"kosicky kraj, roznava",57
4444,133754,1,0,0,"presovsky kraj, hanusovce nad toplou",86
4445,133769,1,1,18,"banskobystricky kraj, banska bystrica",28
4449,134000,1,0,16,"kosicky kraj, kosice - zapad",78
4448,133986,1,1,0,"kosicky kraj, kosice - okolie",41
4447,133945,1,0,17,"banskobystricky kraj, filakovo",45
4446,133810,1,0,21,"banskobystricky kraj, banska bystrica",57
4450,134051,1,1,18,"kosicky kraj, kosice - zapad",78
4453,134211,1,0,0,"trenciansky kraj, trencin",40
4452,134203,1,1,16,"banskobystricky kraj, zvolen",81
4451,134141,1,0,0,"nitriansky kraj, nitra",60
4455,134327,0,0,0,"zilinsky kraj, dolny kubin",79
4454,134247,1,0,0,"trenciansky kraj, nove mesto nad vahom",60
4459,134463,1,1,0,"nitriansky kraj, sala",72
4458,134363,1,0,0,"zahranicie, zahranicie - ostatne",12
4462,134494,1,0,0,"nitriansky kraj, nitra",72
4456,134336,1,1,17,"zilinsky kraj, namestovo",74
4457,134340,1,0,0,"zilinsky kraj, dolny kubin",81
4461,134487,1,0,25,"banskobystricky kraj, banska bystrica",21
4463,134502,1,1,19,"nitriansky kraj, nitra",17
4467,134658,0,0,0,"banskobystricky kraj, banska bystrica",64
4464,134586,1,0,15,"banskobystricky kraj, revuca",64
4465,134605,1,1,0,"trnavsky kraj, hlohovec",67
4460,134474,1,1,21,"nitriansky kraj, sala",76
4466,134633,1,1,20,"nitriansky kraj, nitra",69
4468,134768,1,1,32,"kosicky kraj, roznava",29
4469,134855,1,0,18,"zilinsky kraj, dolny kubin",84
4472,134914,1,1,23,"kosicky kraj, roznava",67
4473,134975,1,1,0,"presovsky kraj, presov",74
4470,134874,1,0,19,"kosicky kraj, roznava",34
4471,134878,1,0,23,"kosicky kraj, kralovsky chlmec",12
4474,135058,1,1,23,"nitriansky kraj, sala",81
4475,135074,1,0,13,"banskobystricky kraj, hrinova",72
4476,135128,1,0,17,"presovsky kraj, giraltovce",17
4477,135172,1,0,17,"banskobystricky kraj, banska bystrica",69
4478,135218,0,0,13,"zilinsky kraj, martin",38
4480,135262,1,1,20,"trenciansky kraj, banovce nad bebravou",86
4482,135306,1,1,17,"banskobystricky kraj, banska bystrica",76
4483,135307,1,0,17,"zilinsky kraj, turzovka",19
4481,135274,1,1,21,"nitriansky kraj, sala",48
4479,135249,1,0,16,"trenciansky kraj, trencin",86
4484,135367,1,1,20,"kosicky kraj, kosice - juh",16
4485,135374,1,0,16,"trenciansky kraj, prievidza",45
4487,135469,1,0,0,"trenciansky kraj, nove mesto nad vahom",67
4486,135387,1,0,0,"banskobystricky kraj, nova bana",64
4493,135563,1,1,16,"kosicky kraj, michalovce",21
4490,135546,1,1,19,"kosicky kraj, dobsina",74
4494,135564,1,1,0,"nitriansky kraj, topolcany",74
4497,135646,1,1,20,"trenciansky kraj, trencin",66
4495,135569,1,1,18,"nitriansky kraj, nove zamky",78
4498,135650,1,1,0,"nitriansky kraj, nove zamky",81
4488,135519,1,1,19,"zahranicie, zahranicie - ostatne",34
4489,135522,1,1,0,"zahranicie, zahranicie - ostatne",12
4499,135697,1,0,22,"trnavsky kraj, sered",57
4502,135726,1,0,0,"nitriansky kraj, kolarovo",67
4500,135699,1,1,0,"ceska republika, cz - zlinsky kraj",28
4501,135715,1,0,0,"banskobystricky kraj, tornala",41
4496,135630,1,1,0,"banskobystricky kraj, banska bystrica",78
4491,135554,1,1,17,"nitriansky kraj, nitra",72
4492,135555,1,1,20,"trenciansky kraj, nove mesto nad vahom",45
4505,135860,0,1,0,"zahranicie, zahranicie - kanada",84
4507,135905,1,1,0,"kosicky kraj, spisska nova ves",81
4509,135934,1,1,20,"trenciansky kraj, nove mesto nad vahom",67
4506,135896,1,0,0,"ceska republika, cz - budejovicky kraj",24
4503,135794,1,0,0,"nitriansky kraj, nove zamky",67
4511,136006,1,0,13,"zahranicie, zahranicie - gb",62
4512,136007,1,1,21,"kosicky kraj, krompachy",45
4508,135909,1,1,16,"nitriansky kraj, nitra",74
4504,135850,0,0,0,"zahranicie, zahranicie - usa",88
4516,136067,1,1,20,"trnavsky kraj, sered",67
4513,136010,1,1,19,"trenciansky kraj, partizanske",72
4514,136011,1,1,17,"zahranicie, zahranicie - gb",76
4510,135996,1,1,18,"trenciansky kraj, stara tura",78
4521,136113,1,1,22,"zahranicie, zahranicie - gb",69
4517,136089,1,1,20,"presovsky kraj, giraltovce",84
4515,136062,1,1,0,"trnavsky kraj, sered",17
4522,136144,1,1,0,"ceska republika, cz - jihomoravsky kraj",76
4519,136107,1,1,21,"trenciansky kraj, dubnica nad vahom",64
4518,136093,1,1,18,"kosicky kraj, michalovce",88
4520,136110,1,1,21,"kosicky kraj, moldava nad bodvou",64
4525,136205,1,0,22,"zilinsky kraj, ruzomberok",19
4527,136255,0,0,47,"nitriansky kraj, sturovo",66
4529,136268,1,1,0,"kosicky kraj, kosice - saca",83
4528,136258,0,1,17,"trenciansky kraj, trencin",47
4523,136154,1,0,0,"trenciansky kraj, prievidza",74
4524,136194,1,1,21,"banskobystricky kraj, banska bystrica",14
4530,136292,1,1,21,"trnavsky kraj, sered",45
4531,136330,1,0,20,"presovsky kraj, stara lubovna",72
4535,136412,1,1,18,"trnavsky kraj, sered",59
4526,136245,1,0,19,"bratislavsky kraj, bratislava - karlova ves",67
4537,136486,1,0,20,"trnavsky kraj, sered",74
4534,136404,1,1,19,"presovsky kraj, bardejov",91
4538,136492,1,0,0,"banskobystricky kraj, banska bystrica",26
4533,136362,1,1,21,"trnavsky kraj, sered",79
4539,136562,1,0,0,"trnavsky kraj, sered",67
4532,136349,1,1,24,"kosicky kraj, kosice - okolie",57
4536,136477,1,0,0,"zahranicie, zahranicie - kanada",74
4542,136636,1,0,0,"presovsky kraj, humenne",50
4540,136575,1,0,18,"banskobystricky kraj, lucenec",67
4543,136685,1,1,20,"trnavsky kraj, sered",53
4541,136620,1,1,0,"nitriansky kraj, hurbanovo",84
4548,136771,1,1,0,"trnavsky kraj, sered",24
4546,136733,1,0,16,"banskobystricky kraj, banska bystrica",84
4550,136818,1,1,18,"trnavsky kraj, sered",29
4547,136767,1,1,21,"trnavsky kraj, sered",26
4551,136827,1,1,18,"trnavsky kraj, sered",12
4549,136806,1,1,17,"nitriansky kraj, nitra",16
4552,136867,1,0,0,"trnavsky kraj, sered",48
4544,136691,1,0,0,"trnavsky kraj, sered",79
4553,136957,1,0,0,"zilinsky kraj, dolny kubin",67
4545,136695,1,1,0,"trnavsky kraj, sered",62
4556,137028,1,1,19,"trnavsky kraj, sered",57
4554,137021,1,1,18,"zahranicie, zahranicie - nemecko",66
4555,137023,1,1,20,"banskobystricky kraj, sliac",19
4557,137136,1,0,0,"zilinsky kraj, ruzomberok",64
4560,137292,1,0,18,"nitriansky kraj, sala",67
4561,137342,1,1,25,"bratislavsky kraj, bratislava - raca",78
4558,137225,1,0,15,"presovsky kraj, sabinov",29
4559,137226,1,0,20,"zilinsky kraj, namestovo",48
4562,137425,1,1,22,"trenciansky kraj, banovce nad bebravou",78
4563,137456,1,1,18,"presovsky kraj, sabinov",76
4564,137515,1,0,19,"zilinsky kraj, dolny kubin",14
4565,137574,1,1,22,"zahranicie, zahranicie - gb",59
4566,137791,0,0,25,"bratislavsky kraj, bratislava - ostatne",72
4568,137867,1,1,19,"trnavsky kraj, senica",69
4567,137863,0,0,18,"banskobystricky kraj, banska bystrica",17
4569,137942,1,1,21,"presovsky kraj, snina",12
4570,137956,1,1,16,"kosicky kraj, trebisov",38
4571,137958,1,1,17,"presovsky kraj, stara lubovna",14
4572,137987,1,1,0,"nitriansky kraj, komarno",66
4573,138197,1,1,24,"nitriansky kraj, topolcany",71
4575,138213,1,0,18,"nitriansky kraj, sala",55
4574,138209,1,0,0,"nitriansky kraj, sala",12
4579,138423,1,0,20,"nitriansky kraj, sala",34
4578,138410,1,0,21,"trnavsky kraj, galanta",34
4580,138445,1,0,21,"presovsky kraj, giraltovce",60
4576,138382,1,0,0,"banskobystricky kraj, banska stiavnica",38
4577,138404,1,1,0,"nitriansky kraj, sala",71
4581,138509,1,0,17,"trenciansky kraj, puchov",67
4584,138620,1,0,0,"trenciansky kraj, stara tura",76
4585,138621,1,0,19,"nitriansky kraj, zlate moravce",38
4582,138537,1,1,21,"kosicky kraj, michalovce",31
4586,138686,1,1,21,"kosicky kraj, michalovce",74
4583,138598,1,0,19,"banskobystricky kraj, detva",67
4588,139007,1,1,0,"trnavsky kraj, galanta",22
4587,138899,1,0,19,"presovsky kraj, sabinov",16
4590,139066,0,1,0,"nitriansky kraj, nitra",74
4592,139103,1,1,18,"trnavsky kraj, galanta",62
4593,139109,1,0,17,"trnavsky kraj, senica",74
4594,139130,1,1,0,"trnavsky kraj, trnava",71
4589,139018,1,1,21,"trenciansky kraj, nove mesto nad vahom",71
4595,139134,1,1,21,"kosicky kraj, spisska nova ves",14
4591,139088,1,1,0,"trnavsky kraj, galanta",71
4596,139152,1,1,23,"ceska republika, cz - pardubicky kraj",76
4597,139167,1,1,19,"trnavsky kraj, sered",76
4598,139215,1,1,19,"zahranicie, zahranicie - ostatne",62
4600,139356,1,0,0,"trnavsky kraj, sered",41
4599,139267,1,1,21,"presovsky kraj, sabinov",69
4601,139486,0,0,0,"trnavsky kraj, trnava",53
4602,139492,1,0,0,"banskobystricky kraj, brezno",72
4603,139606,0,0,21,"presovsky kraj, presov",79
4604,139637,1,1,0,"zilinsky kraj, namestovo",69
4605,139653,1,0,0,"trenciansky kraj, puchov",67
4606,139694,0,1,0,"bratislavsky kraj, bratislava - ostatne",36
4607,139711,1,1,20,"zahranicie, zahranicie - ostatne",12
4608,139729,1,0,16,"trenciansky kraj, prievidza",16
4609,139830,1,1,20,"kosicky kraj, michalovce",79
4610,139954,1,1,0,"trnavsky kraj, galanta",34
4611,140030,1,0,19,"banskobystricky kraj, velky krtis",33
4612,140094,1,1,0,"banskobystricky kraj, revuca",72
4613,140211,1,0,0,"banskobystricky kraj, revuca",66
4614,140321,1,1,21,"nitriansky kraj, komarno",12
4617,140346,1,1,31,"nitriansky kraj, nitra",86
4615,140322,1,1,0,"nitriansky kraj, kolarovo",53
4620,140404,1,1,18,"trnavsky kraj, galanta",19
4619,140376,1,1,0,"kosicky kraj, kralovsky chlmec",41
4621,140410,1,0,0,"trnavsky kraj, hlohovec",74
4622,140456,1,0,18,"trenciansky kraj, puchov",74
4618,140370,1,1,0,"banskobystricky kraj, lucenec",52
4624,140539,1,0,0,"trnavsky kraj, dunajska streda",62
4616,140339,1,1,18,"trnavsky kraj, galanta",71
4623,140509,1,0,20,"trenciansky kraj, banovce nad bebravou",53
4626,140600,0,1,21,"trnavsky kraj, piestany",60
4628,140617,1,1,23,"banskobystricky kraj, detva",59
4629,140660,1,1,24,"trenciansky kraj, banovce nad bebravou",72
4627,140608,1,1,0,"kosicky kraj, roznava",67
4625,140549,1,1,0,"presovsky kraj, kezmarok",100
4633,140855,1,1,18,"presovsky kraj, poprad",69
4631,140842,1,1,20,"zilinsky kraj, martin",69
4634,140914,1,0,18,"trnavsky kraj, sered",16
4632,140847,1,1,22,"zilinsky kraj, vrutky",69
4630,140823,1,1,21,"zilinsky kraj, martin",78
4637,141076,1,1,12,"nitriansky kraj, topolcany",81
4635,140922,1,0,19,"trnavsky kraj, sered",69
4636,140924,1,0,19,"zilinsky kraj, namestovo",74
4638,141086,1,0,19,"ceska republika, cz - praha",33
4639,141171,0,0,0,"zahranicie, zahranicie - gb",38
4641,141281,1,0,23,"trnavsky kraj, sered",55
4640,141185,1,0,19,"trenciansky kraj, puchov",14
4644,141424,1,1,23,"zahranicie, zahranicie - gb",81
4642,141365,1,1,24,"banskobystricky kraj, banska bystrica",67
4643,141417,1,0,18,"kosicky kraj, trebisov",72
4646,141543,1,1,0,"trenciansky kraj, bojnice",78
4647,141559,1,1,19,"trenciansky kraj, povazska bystrica",60
4648,141583,1,1,18,"presovsky kraj, stropkov",67
4649,141662,1,1,20,"zilinsky kraj, namestovo",66
4651,141766,1,0,0,"trnavsky kraj, galanta",81
4645,141464,1,1,19,"trenciansky kraj, puchov",98
4652,141858,1,1,18,"trnavsky kraj, sered",31
4654,141919,1,0,17,"kosicky kraj, trebisov",78
4653,141906,1,0,0,"bratislavsky kraj, bratislava - petrzalka",22
4650,141765,1,0,20,"trnavsky kraj, trnava",62
4655,141948,1,0,18,"trnavsky kraj, hlohovec",72
4656,142163,1,1,33,"bratislavsky kraj, bratislava - ostatne",69
4657,142307,1,0,20,"trenciansky kraj, nove mesto nad vahom",64
4659,142322,1,1,19,"trnavsky kraj, trnava",81
4658,142320,1,1,0,"trnavsky kraj, galanta",74
4662,142532,1,0,17,"presovsky kraj, humenne",26
4661,142433,1,0,15,"zahranicie, zahranicie - usa",31
4663,142567,1,1,22,"trnavsky kraj, sered",16
4660,142423,1,1,20,"trnavsky kraj, sered",76
4665,142702,1,1,0,"nitriansky kraj, zlate moravce",69
4664,142674,1,1,15,"banskobystricky kraj, banska bystrica",83
4668,142882,1,1,0,"presovsky kraj, presov",59
4666,142725,1,1,0,"banskobystricky kraj, ziar nad hronom",24
4669,142911,1,1,19,"trnavsky kraj, sered",74
4672,142937,1,0,0,"zahranicie, zahranicie - usa",14
4670,142914,1,1,17,"trnavsky kraj, galanta",74
4671,142930,1,1,0,"zahranicie, zahranicie - australia",48
4673,142988,0,1,0,"kosicky kraj, moldava nad bodvou",76
4667,142842,1,1,0,"bratislavsky kraj, bratislava - petrzalka",19
4674,143048,1,0,0,"banskobystricky kraj, banska bystrica",60
4677,143262,1,1,24,"nitriansky kraj, zeliezovce",57
4678,143317,1,1,20,"trnavsky kraj, galanta",67
4675,143185,1,0,19,"trnavsky kraj, sered",12
4676,143226,1,1,20,"bratislavsky kraj, bratislava - ruzinov",55
4680,143417,1,1,17,"presovsky kraj, poprad",84
4681,143433,1,0,0,"kosicky kraj, trebisov",88
4682,143435,1,0,17,"kosicky kraj, trebisov",29
4679,143350,1,0,18,"trnavsky kraj, sered",19
4685,143483,1,1,14,"kosicky kraj, kosice - ostatne",84
4683,143442,1,0,0,"kosicky kraj, trebisov",47
4686,143551,1,0,20,"zahranicie, zahranicie - gb",12
4684,143445,1,0,18,"kosicky kraj, trebisov",86
4687,143577,1,0,0,"kosicky kraj, kosice - ostatne",93
4689,143731,1,1,0,"kosicky kraj, kosice - dargovskych hrdinov",14
4690,143740,1,1,21,"kosicky kraj, kosice - sidlisko tahanovce",66
4688,143681,1,0,18,"trnavsky kraj, galanta",90
4691,143799,1,1,20,"kosicky kraj, trebisov",69
4693,143946,1,0,20,"kosicky kraj, kosice - zapad",83
4698,144016,1,1,20,"kosicky kraj, kosice - sidlisko tahanovce",12
4700,144076,1,0,19,"kosicky kraj, trebisov",52
4696,143999,1,1,0,"presovsky kraj, svidnik",64
4694,143969,1,1,21,"kosicky kraj, trebisov",71
4692,143820,1,0,16,"banskobystricky kraj, banska bystrica",79
4695,143977,1,1,17,"zahranicie, zahranicie - rakusko",12
4699,144074,1,0,21,"kosicky kraj, trebisov",67
4697,144010,1,0,21,"presovsky kraj, stropkov",53
4703,144199,1,1,21,"kosicky kraj, trebisov",81
4701,144125,1,1,21,"presovsky kraj, bardejov",76
4702,144184,1,1,18,"trenciansky kraj, puchov",72
4706,144344,1,1,17,"trenciansky kraj, puchov",74
4704,144250,1,0,17,"nitriansky kraj, nove zamky",74
4707,144374,1,0,18,"zahranicie, zahranicie - usa",33
4708,144422,1,0,19,"presovsky kraj, poprad",64
4705,144283,1,1,18,"bratislavsky kraj, bratislava - okolie",64
4709,144461,1,1,0,"zahranicie, zahranicie - gb",76
4710,144464,0,1,0,"trnavsky kraj, senica",50
4711,144532,0,0,0,"presovsky kraj, bardejov",57
4712,144564,1,0,0,"presovsky kraj, stropkov",57
4714,144577,1,0,0,"kosicky kraj, secovce",52
4713,144570,1,1,14,"presovsky kraj, snina",88
4715,144698,1,0,0,"kosicky kraj, roznava",12
4717,144842,0,1,24,"bratislavsky kraj, bratislava - dubravka",67
4718,144863,1,0,0,"banskobystricky kraj, revuca",22
4716,144839,1,0,18,"trnavsky kraj, sered",36
4719,144951,1,0,16,"kosicky kraj, kosice - sever",55
4720,144958,1,0,27,"bratislavsky kraj, bratislava - okolie",69
4722,145071,1,0,16,"banskobystricky kraj, lucenec",88
4724,145098,1,0,0,"zilinsky kraj, liptovsky mikulas",19
4723,145086,1,0,0,"trenciansky kraj, prievidza",52
4725,145147,0,0,16,"nitriansky kraj, nove zamky",50
4721,145007,1,0,0,"zahranicie, zahranicie - ostatne",83
4727,145207,1,0,0,"trenciansky kraj, trencin",45
4730,145325,1,1,0,"kosicky kraj, roznava",64
4729,145311,1,0,21,"zilinsky kraj, namestovo",53
4726,145199,1,1,25,"kosicky kraj, kosice - okolie",66
4728,145285,1,1,24,"trenciansky kraj, dubnica nad vahom",59
4733,145555,1,0,20,"banskobystricky kraj, zvolen",21
4731,145378,1,1,21,"trnavsky kraj, sered",72
4732,145482,1,0,22,"kosicky kraj, kosice - okolie",12
4734,145575,1,1,22,"presovsky kraj, presov",59
4735,145635,1,0,0,"presovsky kraj, poprad",41
4736,145715,1,0,0,"trnavsky kraj, sered",88
4737,145893,1,0,18,"trnavsky kraj, galanta",71
4738,145906,1,1,22,"zahranicie, zahranicie - rakusko",14
4740,145923,1,1,18,"kosicky kraj, kosice - okolie",21
4739,145920,1,0,19,"trenciansky kraj, bojnice",62
4743,146062,1,0,0,"presovsky kraj, vranov nad toplou",40
4741,145986,1,0,19,"nitriansky kraj, kolarovo",76
4744,146135,1,1,0,"banskobystricky kraj, hnusta",71
4742,146032,1,1,29,"presovsky kraj, giraltovce",12
4746,146178,1,1,30,"banskobystricky kraj, ziar nad hronom",45
4745,146160,1,0,16,"trnavsky kraj, senica",88
4750,146267,1,1,19,"presovsky kraj, poprad",55
4748,146238,1,1,20,"trnavsky kraj, senica",66
4747,146183,1,0,19,"banskobystricky kraj, banska bystrica",12
4749,146246,1,0,18,"nitriansky kraj, zlate moravce",74
4751,146277,1,0,0,"presovsky kraj, vranov nad toplou",12
4752,146371,1,1,20,"zahranicie, zahranicie - kanada",86
4753,146405,1,0,21,"presovsky kraj, poprad",74
4754,146424,1,1,25,"banskobystricky kraj, ziar nad hronom",59
4755,146439,1,0,18,"kosicky kraj, velke kapusany",62
4756,146471,1,1,0,"zilinsky kraj, martin",60
4761,146611,1,0,0,"ceska republika, cz - praha",43
4759,146584,1,1,20,"banskobystricky kraj, velky krtis",81
4757,146530,1,1,19,"presovsky kraj, kezmarok",60
4764,146706,1,1,21,"banskobystricky kraj, lucenec",59
4758,146562,1,1,0,"zahranicie, zahranicie - usa",71
4760,146609,1,1,0,"zilinsky kraj, liptovsky hradok",12
4762,146649,1,0,0,"banskobystricky kraj, krupina",16
4763,146697,1,1,19,"banskobystricky kraj, lucenec",45
4766,146763,1,1,21,"nitriansky kraj, nitra",71
4765,146729,1,0,0,"kosicky kraj, kosice - sever",22
4770,146928,1,1,0,"trnavsky kraj, senica",59
4772,146959,1,0,20,"nitriansky kraj, sturovo",31
4767,146864,1,0,0,"nitriansky kraj, levice",79
4768,146892,1,1,20,"presovsky kraj, humenne",71
4769,146908,1,0,0,"nitriansky kraj, nitra",69
4773,146963,1,0,15,"zahranicie, zahranicie - usa",33
4774,146964,1,0,15,"zilinsky kraj, namestovo",12
4771,146954,1,0,20,"kosicky kraj, michalovce",19
4776,146982,1,0,17,"kosicky kraj, kosice - ostatne",40
4783,147122,1,0,0,"bratislavsky kraj, bratislava - vrakuna",36
4775,146966,1,1,20,"presovsky kraj, poprad",36
4778,147043,1,1,0,"presovsky kraj, poprad",66
4781,147079,1,0,17,"zahranicie, zahranicie - usa",17
4784,147125,1,0,0,"bratislavsky kraj, bratislava - devinska nova ves",31
4786,147137,1,0,0,"zahranicie, zahranicie - francuzsko",14
4787,147138,1,0,16,"zahranicie, zahranicie - usa",79
4782,147098,1,1,0,"zahranicie, zahranicie - ostatne",90
4779,147064,1,0,18,"zahranicie, zahranicie - usa",78
4785,147129,1,1,25,"nitriansky kraj, nove zamky",72
4780,147072,1,0,26,"trenciansky kraj, nove mesto nad vahom",83
4777,147010,1,0,19,"nitriansky kraj, nitra",55
4789,147164,1,1,0,"zahranicie, zahranicie - usa",95
4791,147257,1,1,23,"trenciansky kraj, banovce nad bebravou",67
4788,147148,1,1,16,"presovsky kraj, stara lubovna",83
4790,147210,1,1,0,"nitriansky kraj, sturovo",67
4794,147453,1,0,18,"banskobystricky kraj, banska bystrica",72
4795,147518,0,0,0,"zahranicie, zahranicie - kanada",38
4799,147587,1,0,20,"zahranicie, zahranicie - gb",67
4798,147560,1,0,0,"nitriansky kraj, levice",90
4800,147590,1,0,0,"nitriansky kraj, vrable",72
4801,147591,1,1,0,"zahranicie, zahranicie - usa",69
4792,147327,1,0,0,"banskobystricky kraj, banska stiavnica",24
4793,147329,1,1,0,"presovsky kraj, vranov nad toplou",64
4802,147647,1,1,20,"kosicky kraj, gelnica",67
4796,147531,1,0,18,"trnavsky kraj, galanta",53
4797,147539,1,0,21,"nitriansky kraj, sala",60
4803,147716,1,0,21,"bratislavsky kraj, malacky",67
4805,147992,1,1,21,"trnavsky kraj, senica",66
4806,148006,1,0,0,"banskobystricky kraj, zvolen",69
4804,147883,1,0,19,"kosicky kraj, kosice - sidlisko tahanovce",78
4807,148066,1,1,19,"banskobystricky kraj, banska bystrica",57
4808,148068,1,0,0,"banskobystricky kraj, banska bystrica",22
4810,148326,0,0,0,"zahranicie, zahranicie - gb",69
4812,148517,1,1,0,"zahranicie, zahranicie - usa",40
4811,148504,1,0,0,"presovsky kraj, svidnik",67
4813,148518,1,0,0,"zahranicie, zahranicie - usa",41
4814,148621,1,1,0,"banskobystricky kraj, brezno",74
4809,148317,1,1,20,"trnavsky kraj, holic",71
4815,148686,1,1,18,"zahranicie, zahranicie - usa",36
4817,148744,1,0,17,"zilinsky kraj, zilina",24
4818,148777,1,0,0,"zahranicie, zahranicie - ostatne",17
4816,148740,1,1,22,"banskobystricky kraj, banska bystrica",21
4819,148896,1,0,0,"presovsky kraj, presov",34
4821,149027,1,0,0,"nitriansky kraj, nove zamky",21
4820,149023,1,1,22,"presovsky kraj, humenne",52
4823,149482,0,0,0,"zahranicie, zahranicie - gb",55
4822,149441,1,0,17,"presovsky kraj, poprad",31
4827,149572,1,0,18,"banskobystricky kraj, jelsava",79
4825,149546,1,0,18,"presovsky kraj, kezmarok",14
4828,149586,1,0,44,"presovsky kraj, humenne",71
4829,149587,1,0,0,"kosicky kraj, spisska nova ves",98
4826,149558,1,1,21,"banskobystricky kraj, lucenec",59
4830,149591,0,0,0,"banskobystricky kraj, filakovo",14
4832,149646,0,0,0,"presovsky kraj, giraltovce",69
4824,149520,1,0,18,"banskobystricky kraj, lucenec",88
4833,149783,1,1,0,"zahranicie, zahranicie - ostatne",64
4835,149828,1,0,15,"kosicky kraj, velke kapusany",81
4834,149818,1,0,0,"zilinsky kraj, martin",29
4831,149635,1,1,0,"presovsky kraj, bardejov",78
4836,149882,1,1,0,"zahranicie, zahranicie - ostatne",53
4837,149886,1,1,0,"kosicky kraj, velke kapusany",16
4840,149992,1,1,17,"presovsky kraj, bardejov",83
4838,149893,1,0,17,"zahranicie, zahranicie - usa",45
4839,149960,1,1,20,"presovsky kraj, presov",74
4842,150021,0,1,20,"kosicky kraj, michalovce",90
4841,149997,1,1,0,"zahranicie, zahranicie - gb",34
4844,150040,1,1,20,"presovsky kraj, humenne",83
4845,150065,1,0,14,"bratislavsky kraj, bratislava - petrzalka",14
4847,150092,0,1,0,"kosicky kraj, michalovce",83
4846,150084,1,0,15,"zilinsky kraj, martin",91
4848,150127,1,1,20,"kosicky kraj, roznava",69
4843,150025,1,1,0,"kosicky kraj, michalovce",79
4849,150131,1,0,23,"kosicky kraj, roznava",67
4851,150192,1,0,16,"nitriansky kraj, nitra",76
4852,150205,1,1,22,"trnavsky kraj, galanta",60
4853,150320,1,1,0,"trnavsky kraj, piestany",53
4854,150377,1,1,26,"banskobystricky kraj, revuca",79
4857,150407,1,1,0,"presovsky kraj, vranov nad toplou",12
4850,150176,1,0,0,"zahranicie, zahranicie - ostatne",50
4858,150432,1,0,0,"banskobystricky kraj, filakovo",72
4860,150487,1,1,20,"banskobystricky kraj, lucenec",66
4859,150435,1,1,18,"banskobystricky kraj, lucenec",84
4855,150388,1,0,19,"banskobystricky kraj, lucenec",59
4861,150503,1,0,0,"kosicky kraj, krompachy",62
4856,150390,1,0,10,"trnavsky kraj, holic",12
4863,150665,1,0,0,"presovsky kraj, vranov nad toplou",69
4864,150724,1,1,26,"banskobystricky kraj, filakovo",69
4862,150583,1,1,19,"trnavsky kraj, holic",67
4868,150856,1,0,0,"trnavsky kraj, skalica",72
4867,150827,1,0,16,"nitriansky kraj, komarno",66
4869,150872,0,0,19,"zahranicie, zahranicie - kanada",40
4871,150891,1,0,0,"presovsky kraj, presov",78
4866,150821,1,0,0,"banskobystricky kraj, filakovo",64
4865,150790,1,0,0,"zilinsky kraj, kysucke nove mesto",47
4870,150880,1,0,0,"zahranicie, zahranicie - usa",52
4876,151156,1,0,22,"banskobystricky kraj, banska bystrica",71
4872,151062,1,0,16,"banskobystricky kraj, poltar",83
4877,151195,1,0,17,"presovsky kraj, sabinov",91
4873,151121,1,0,0,"presovsky kraj, svit",76
4875,151135,1,0,18,"presovsky kraj, poprad",16
4874,151124,1,0,0,"banskobystricky kraj, banska bystrica",28
4878,151370,1,1,20,"presovsky kraj, poprad",12
4879,151404,1,0,18,"presovsky kraj, spisska bela",79
4880,151591,1,0,0,"presovsky kraj, presov",34
4881,151598,1,0,18,"trnavsky kraj, holic",67
4883,151866,1,1,0,"zahranicie, zahranicie - ostatne",50
4882,151783,1,1,23,"bratislavsky kraj, bratislava - vrakuna",72
4884,151991,1,0,18,"kosicky kraj, spisska nova ves",21
4885,152036,1,0,0,"presovsky kraj, kezmarok",84
4886,152126,1,1,21,"trenciansky kraj, trencin",41
4887,152390,1,0,18,"zilinsky kraj, martin",93
4888,152410,1,1,19,"trnavsky kraj, piestany",76
4889,152557,1,0,21,"zahranicie, zahranicie - gb",84
4890,152604,1,1,20,"banskobystricky kraj, zarnovica",14
4891,152691,1,1,21,"trnavsky kraj, sered",24
4894,152908,1,0,0,"trnavsky kraj, galanta",74
4892,152828,1,1,0,"zahranicie, zahranicie - gb",71
4893,152878,1,0,21,"banskobystricky kraj, zvolen",66
4896,153040,1,0,0,"trnavsky kraj, dunajska streda",31
4897,153042,1,1,0,"zilinsky kraj, liptovsky mikulas",71
4895,152955,1,1,23,"trnavsky kraj, sered",67
4899,153291,1,0,17,"zilinsky kraj, namestovo",81
4900,153292,1,1,21,"zilinsky kraj, namestovo",78
4902,153337,1,1,17,"zilinsky kraj, namestovo",95
4898,153087,1,0,0,"banskobystricky kraj, krupina",71
4901,153300,1,0,0,"kosicky kraj, kosice - zapad",26
4903,153472,1,0,0,"banskobystricky kraj, hrinova",43
4904,153491,1,1,24,"presovsky kraj, stropkov",71
4905,153691,1,1,20,"banskobystricky kraj, banska bystrica",17
4907,153784,1,0,20,"nitriansky kraj, nitra",66
4908,153812,1,0,20,"banskobystricky kraj, hnusta",60
4906,153698,1,1,19,"zilinsky kraj, namestovo",45
4910,153857,1,0,20,"banskobystricky kraj, filakovo",69
4912,153901,0,0,0,"nitriansky kraj, levice",72
4909,153840,1,0,22,"presovsky kraj, presov",66
4913,153989,1,0,16,"nitriansky kraj, nitra",71
4911,153884,1,0,15,"bratislavsky kraj, bratislava - okolie",74
4914,154133,1,1,16,"presovsky kraj, levoca",88
4915,154135,1,0,17,"presovsky kraj, levoca",19
4916,154136,1,0,17,"presovsky kraj, kezmarok",78
4917,154139,1,1,16,"presovsky kraj, vranov nad toplou",67
4919,154202,1,0,21,"bratislavsky kraj, malacky",14
4920,154285,1,0,19,"nitriansky kraj, levice",66
4918,154159,1,0,20,"banskobystricky kraj, rimavska sobota",64
4922,154308,1,0,18,"nitriansky kraj, levice",33
4925,154382,1,1,0,"kosicky kraj, michalovce",86
4923,154331,1,0,0,"trnavsky kraj, trnava",48
4926,154431,1,1,0,"trnavsky kraj, trnava",74
4924,154359,1,0,34,"nitriansky kraj, topolcany",79
4921,154302,1,1,19,"zahranicie, zahranicie - francuzsko",33
4927,154457,1,0,14,"zilinsky kraj, liptovsky mikulas",79
4929,154542,1,1,20,"trnavsky kraj, piestany",67
4930,154589,1,0,0,"nitriansky kraj, nove zamky",78
4931,154617,1,1,23,"trenciansky kraj, trencin",71
4928,154468,1,1,16,"presovsky kraj, presov",78
4932,154644,1,1,0,"presovsky kraj, presov",12
4933,154693,1,1,25,"trenciansky kraj, trencin",72
4934,154751,1,1,18,"kosicky kraj, spisska nova ves",62
4939,154982,1,0,21,"nitriansky kraj, levice",74
4935,154799,1,0,20,"kosicky kraj, roznava",67
4936,154873,1,0,0,"trenciansky kraj, trencin",43
4938,154931,1,1,20,"presovsky kraj, presov",71
4937,154875,1,0,20,"trenciansky kraj, trencin",64
4941,155137,1,0,0,"kosicky kraj, roznava",71
4942,155176,1,1,28,"kosicky kraj, kosice - sever",66
4940,155121,1,1,20,"nitriansky kraj, nitra",72
4944,155221,1,0,0,"bratislavsky kraj, bratislava - raca",12
4945,155269,1,1,21,"kosicky kraj, spisska nova ves",72
4946,155285,1,0,17,"trnavsky kraj, samorin",72
4943,155200,1,1,22,"presovsky kraj, poprad",67
4949,155356,1,1,41,"presovsky kraj, stropkov",14
4947,155337,1,0,22,"kosicky kraj, spisska nova ves",67
4948,155338,1,0,19,"kosicky kraj, gelnica",31
4950,155381,1,0,0,"kosicky kraj, kosice - dargovskych hrdinov",71
4954,155508,1,1,0,"kosicky kraj, michalovce",57
4952,155480,1,1,18,"presovsky kraj, presov",67
4951,155445,1,0,0,"banskobystricky kraj, banska bystrica",69
4953,155487,1,0,17,"kosicky kraj, kosice - okolie",57
4956,155621,1,0,0,"kosicky kraj, kosice - ostatne",76
4955,155575,0,1,16,"presovsky kraj, vranov nad toplou",14
4957,155665,1,0,0,"kosicky kraj, kosice - barca",43
4958,155708,1,0,21,"kosicky kraj, kosice - dargovskych hrdinov",57
4962,155843,1,0,0,"presovsky kraj, kezmarok",55
4963,155932,1,1,0,"bratislavsky kraj, bratislava - petrzalka",66
4959,155800,1,0,0,"presovsky kraj, levoca",21
4960,155801,1,1,0,"kosicky kraj, kosice - juh",40
4964,156000,1,0,17,"kosicky kraj, moldava nad bodvou",14
4967,156085,1,1,17,"presovsky kraj, kezmarok",74
4961,155835,1,0,19,"kosicky kraj, kosice - dargovskych hrdinov",21
4966,156073,1,1,17,"zahranicie, zahranicie - gb",91
4965,156053,0,0,0,"bratislavsky kraj, bratislava - karlova ves",76
4971,156231,1,0,19,"trnavsky kraj, trnava",64
4970,156225,1,1,19,"zilinsky kraj, ruzomberok",74
4968,156131,1,1,19,"banskobystricky kraj, rimavska sobota",66
4969,156161,1,1,16,"presovsky kraj, humenne",81
4973,156422,1,1,19,"presovsky kraj, stropkov",78
4977,156527,0,1,41,"zahranicie, zahranicie - rakusko",16
4972,156418,1,1,16,"presovsky kraj, poprad",66
4974,156488,1,1,19,"kosicky kraj, kosice - stare mesto",97
4975,156489,1,1,18,"zahranicie, zahranicie - gb",95
4976,156490,1,1,18,"bratislavsky kraj, bratislava - ostatne",57
4978,156574,1,1,0,"nitriansky kraj, sala",66
4980,156636,1,0,16,"nitriansky kraj, sala",83
4981,156645,1,0,19,"trnavsky kraj, galanta",72
4979,156610,0,0,0,"bratislavsky kraj, bratislava - karlova ves",40
4982,156752,1,1,0,"nitriansky kraj, sala",81
4984,156947,1,0,17,"presovsky kraj, bardejov",72
4983,156779,1,1,19,"trnavsky kraj, galanta",83
4985,157015,1,1,0,"zahranicie, zahranicie - ostatne",72
4988,157141,1,1,0,"trenciansky kraj, banovce nad bebravou",86
4987,157087,1,0,22,"presovsky kraj, vranov nad toplou",66
4986,157074,1,1,16,"presovsky kraj, bardejov",12
4989,157265,0,0,18,"nitriansky kraj, nove zamky",69
4990,157337,0,1,0,"nitriansky kraj, nove zamky",72
4991,157341,1,1,0,"nitriansky kraj, komarno",52
4993,157391,1,1,22,"banskobystricky kraj, rimavska sobota",69
4992,157348,1,1,0,"nitriansky kraj, nove zamky",59
4995,157436,1,1,22,"banskobystricky kraj, tornala",74
4994,157420,1,1,16,"trenciansky kraj, partizanske",93
5000,157578,1,0,0,"nitriansky kraj, nitra",90
4998,157565,1,1,24,"nitriansky kraj, nove zamky",40
5001,157593,1,0,0,"kosicky kraj, roznava",81
4999,157566,1,1,0,"nitriansky kraj, komarno",69
4996,157485,1,0,0,"presovsky kraj, vranov nad toplou",64
5003,157653,1,1,25,"trnavsky kraj, piestany",72
5004,157656,1,0,22,"kosicky kraj, kosice - juh",31
5002,157615,0,1,0,"kosicky kraj, strazske",76
5006,157702,1,0,0,"nitriansky kraj, nove zamky",53
4997,157554,1,1,18,"nitriansky kraj, sala",12
5005,157692,1,1,24,"nitriansky kraj, kolarovo",57
5007,157719,1,0,18,"kosicky kraj, michalovce",84
5008,157746,1,0,17,"nitriansky kraj, nove zamky",62
5011,157895,1,1,0,"nitriansky kraj, nove zamky",72
5009,157752,1,1,19,"nitriansky kraj, nove zamky",76
5010,157854,1,0,0,"zahranicie, zahranicie - kanada",17
5012,158031,1,0,0,"banskobystricky kraj, banska bystrica",76
5013,158182,1,1,0,"zahranicie, zahranicie - usa",29
5014,158211,1,0,0,"banskobystricky kraj, velky krtis",86
5018,158326,1,0,18,"banskobystricky kraj, banska bystrica",69
5019,158391,1,0,0,"nitriansky kraj, nove zamky",57
5016,158315,1,0,0,"banskobystricky kraj, tornala",72
5017,158322,1,0,0,"banskobystricky kraj, revuca",76
5015,158245,1,1,0,"banskobystricky kraj, lucenec",21
5020,158434,1,0,20,"nitriansky kraj, surany",66
5022,158522,1,0,17,"banskobystricky kraj, banska bystrica",41
5021,158440,1,1,23,"nitriansky kraj, nove zamky",71
5023,158581,1,1,13,"kosicky kraj, kosice - juh",90
5024,158598,1,0,17,"banskobystricky kraj, banska bystrica",33
5025,158626,1,0,19,"banskobystricky kraj, banska bystrica",69
5027,158656,1,1,19,"presovsky kraj, vranov nad toplou",36
5026,158646,1,1,29,"zahranicie, zahranicie - usa",45
5028,158703,1,0,21,"presovsky kraj, vranov nad toplou",74
5029,158813,1,0,23,"presovsky kraj, presov",24
5031,158978,1,1,23,"nitriansky kraj, nove zamky",72
5030,158908,1,0,20,"kosicky kraj, trebisov",24
5033,159110,0,0,15,"trenciansky kraj, prievidza",83
5032,159067,1,0,0,"banskobystricky kraj, lucenec",41
5034,159181,1,0,0,"trnavsky kraj, trnava",36
5035,159232,1,1,21,"bratislavsky kraj, bratislava - ostatne",67
5036,159236,1,0,0,"trenciansky kraj, ilava",81
5040,159470,1,1,20,"bratislavsky kraj, bratislava - okolie",31
5037,159338,0,0,0,"trnavsky kraj, sladkovicovo",22
5038,159358,1,1,20,"trnavsky kraj, trnava",67
5042,159558,1,1,20,"trnavsky kraj, trnava",69
5041,159506,1,1,22,"bratislavsky kraj, malacky",21
5039,159429,1,1,0,"banskobystricky kraj, banska bystrica",16
5043,159714,1,0,0,"bratislavsky kraj, bratislava - devinska nova ves",67
5046,159931,1,0,19,"nitriansky kraj, hurbanovo",29
5044,159921,1,0,19,"nitriansky kraj, kolarovo",64
5048,160021,1,1,20,"kosicky kraj, trebisov",93
5045,159929,1,0,20,"nitriansky kraj, surany",71
5047,160012,1,1,20,"nitriansky kraj, nove zamky",43
5049,160100,1,0,20,"nitriansky kraj, surany",50
5050,160131,1,0,19,"banskobystricky kraj, lucenec",69
5051,160152,1,0,18,"kosicky kraj, kosice - juh",78
5052,160237,1,1,20,"bratislavsky kraj, malacky",55
5053,160268,1,1,0,"trnavsky kraj, trnava",36
5056,160505,1,1,21,"banskobystricky kraj, velky krtis",66
5057,160577,1,1,16,"kosicky kraj, kosice - okolie",64
5054,160476,1,0,20,"banskobystricky kraj, banska bystrica",12
5055,160478,1,0,18,"banskobystricky kraj, banska bystrica",12
5058,160639,1,1,25,"banskobystricky kraj, banska bystrica",64
5060,160692,1,0,19,"zahranicie, zahranicie - nemecko",53
5059,160656,0,0,0,"presovsky kraj, sabinov",28
5061,160749,1,0,26,"bratislavsky kraj, bratislava - dubravka",55
5062,160802,1,0,14,"banskobystricky kraj, lucenec",100
5065,160817,1,0,0,"kosicky kraj, kosice - ostatne",55
5066,160820,1,0,0,"presovsky kraj, levoca",90
5067,160837,1,0,0,"kosicky kraj, kosice - ostatne",31
5068,160900,1,1,20,"presovsky kraj, humenne",60
5069,160966,1,0,18,"banskobystricky kraj, poltar",24
5063,160809,1,0,17,"banskobystricky kraj, banska bystrica",64
5070,160984,1,1,20,"kosicky kraj, michalovce",59
5064,160812,1,0,17,"banskobystricky kraj, velky krtis",84
5071,160988,1,0,15,"banskobystricky kraj, banska bystrica",91
5074,161032,1,0,21,"kosicky kraj, kosice - zapad",90
5072,160997,1,0,21,"kosicky kraj, spisska nova ves",72
5076,161116,1,0,0,"banskobystricky kraj, banska bystrica",78
5073,161005,1,0,20,"banskobystricky kraj, rimavska sobota",64
5075,161108,1,0,0,"nitriansky kraj, zeliezovce",78
5077,161217,0,1,0,"banskobystricky kraj, lucenec",52
5079,161327,1,0,18,"zahranicie, zahranicie - usa",48
5080,161344,1,1,18,"trnavsky kraj, vrbove",59
5078,161260,1,0,18,"zahranicie, zahranicie - francuzsko",21
5081,161365,1,0,0,"trnavsky kraj, galanta",12
5083,161657,1,1,16,"banskobystricky kraj, banska bystrica",53
5085,161691,1,0,21,"kosicky kraj, michalovce",57
5082,161633,1,0,20,"nitriansky kraj, nove zamky",66
5086,161709,1,1,17,"banskobystricky kraj, banska bystrica",71
5087,161743,1,1,0,"nitriansky kraj, sahy",55
5088,161744,1,1,19,"kosicky kraj, kosice - dargovskych hrdinov",60
5084,161683,1,0,13,"bratislavsky kraj, bratislava - petrzalka",28
5089,161837,1,1,32,"banskobystricky kraj, banska bystrica",71
5091,161930,1,0,25,"bratislavsky kraj, bratislava - okolie",81
5090,161905,0,1,0,"presovsky kraj, poprad",12
5092,162001,1,1,0,"presovsky kraj, levoca",69
5093,162037,1,1,21,"banskobystricky kraj, rimavska sobota",72
5094,162042,1,1,20,"banskobystricky kraj, rimavska sobota",12
5095,162164,1,0,0,"zilinsky kraj, ruzomberok",45
5096,162184,1,0,20,"banskobystricky kraj, hnusta",76
5099,162263,0,0,0,"zahranicie, zahranicie - ostatne",33
5098,162251,1,1,22,"zahranicie, zahranicie - ostatne",95
5097,162209,1,0,18,"zilinsky kraj, ruzomberok",24
5100,162326,1,1,23,"zilinsky kraj, dolny kubin",66
5101,162371,1,1,23,"nitriansky kraj, zeliezovce",67
5102,162456,1,1,0,"nitriansky kraj, levice",81
5104,162548,1,1,0,"banskobystricky kraj, rimavska sobota",57
5105,162579,1,1,22,"kosicky kraj, kosice - stare mesto",84
5108,162709,1,0,24,"trnavsky kraj, galanta",48
5103,162522,0,1,0,"zahranicie, zahranicie - nemecko",62
5106,162665,0,1,29,"banskobystricky kraj, lucenec",71
5107,162672,1,1,29,"banskobystricky kraj, banska bystrica",28
5111,162873,1,1,21,"banskobystricky kraj, zvolen",79
5110,162866,1,1,0,"banskobystricky kraj, banska bystrica",59
5113,162923,1,1,19,"kosicky kraj, spisska nova ves",64
5109,162833,1,0,0,"trenciansky kraj, trencin",67
5115,163007,1,1,19,"kosicky kraj, spisska nova ves",38
5117,163021,1,0,19,"trenciansky kraj, trencin",55
5114,162998,1,1,0,"nitriansky kraj, nove zamky",67
5116,163011,1,1,20,"trnavsky kraj, trnava",12
5118,163031,1,1,20,"nitriansky kraj, nove zamky",69
5112,162908,1,0,21,"trnavsky kraj, skalica",16
5119,163172,1,0,22,"trenciansky kraj, trencin",67
5121,163201,1,0,19,"nitriansky kraj, surany",76
5120,163183,1,0,0,"nitriansky kraj, nove zamky",62
5125,163336,1,1,15,"zahranicie, zahranicie - kanada",91
5122,163327,1,0,0,"ceska republika, cz - praha",26
5123,163328,1,0,0,"ceska republika, cz - ustecky kraj",22
5124,163331,1,0,15,"presovsky kraj, svidnik",16
5126,163387,1,1,0,"kosicky kraj, michalovce",12
5127,163412,1,1,19,"zahranicie, zahranicie - usa",59
5128,163413,1,1,19,"nitriansky kraj, nove zamky",41
5130,163445,1,0,0,"zahranicie, zahranicie - usa",33
5134,163474,1,0,0,"bratislavsky kraj, bratislava - okolie",24
5131,163446,1,0,0,"zahranicie, zahranicie - ostatne",34
5132,163447,1,0,18,"banskobystricky kraj, detva",22
5129,163439,1,0,0,"bratislavsky kraj, bratislava - dubravka",31
5135,163579,1,1,0,"nitriansky kraj, nitra",19
5133,163453,1,1,0,"zahranicie, zahranicie - ostatne",76
5136,163786,0,0,0,"kosicky kraj, kosice - juh",12
5137,163826,1,1,36,"nitriansky kraj, zlate moravce",78
5138,163885,1,0,18,"banskobystricky kraj, krupina",66
5146,164071,1,1,18,"presovsky kraj, humenne",78
5141,164021,0,0,14,"nitriansky kraj, sala",88
5140,164010,1,0,0,"zahranicie, zahranicie - ostatne",67
5139,163957,1,0,19,"banskobystricky kraj, zvolen",50
5144,164067,1,1,20,"presovsky kraj, humenne",95
5145,164069,1,0,18,"presovsky kraj, humenne",90
5147,164079,1,0,19,"presovsky kraj, humenne",84
5142,164037,1,0,43,"banskobystricky kraj, brezno",74
5143,164038,1,0,17,"banskobystricky kraj, brezno",72
5149,164111,1,1,19,"presovsky kraj, presov",79
5151,164239,1,0,14,"trnavsky kraj, trnava",95
5148,164099,1,1,16,"ceska republika, cz - plzensky kraj",81
5155,164356,1,0,22,"banskobystricky kraj, velky krtis",66
5150,164190,1,0,14,"zilinsky kraj, zilina",48
5152,164244,1,0,29,"zahranicie, zahranicie - gb",84
5156,164376,1,0,0,"zahranicie, zahranicie - gb",84
5153,164288,1,1,0,"nitriansky kraj, nove zamky",12
5154,164351,0,1,20,"zahranicie, zahranicie - ostatne",60
5162,164581,1,0,26,"zahranicie, zahranicie - ostatne",55
5157,164408,1,0,21,"kosicky kraj, trebisov",74
5158,164529,1,1,21,"trnavsky kraj, dunajska streda",72
5161,164556,1,1,0,"trnavsky kraj, dunajska streda",12
5159,164531,1,1,25,"nitriansky kraj, sala",69
5163,164634,1,0,19,"bratislavsky kraj, bratislava - okolie",78
5160,164543,1,0,0,"presovsky kraj, sabinov",29
5166,164776,1,0,0,"presovsky kraj, vranov nad toplou",16
5165,164707,1,0,18,"presovsky kraj, vranov nad toplou",50
5164,164677,1,1,20,"presovsky kraj, vranov nad toplou",69
5169,164822,1,0,19,"nitriansky kraj, nove zamky",79
5170,164884,1,0,17,"trenciansky kraj, partizanske",64
5167,164813,1,1,18,"banskobystricky kraj, ziar nad hronom",83
5168,164817,1,1,19,"nitriansky kraj, nove zamky",76
5172,164992,1,1,22,"trenciansky kraj, partizanske",74
5171,164948,1,1,23,"bratislavsky kraj, bratislava - okolie",34
5174,165101,1,0,0,"kosicky kraj, roznava",69
5173,165059,1,1,0,"nitriansky kraj, nove zamky",17
5179,165322,1,1,17,"banskobystricky kraj, rimavska sobota",12
5181,165378,1,1,18,"zahranicie, zahranicie - gb",31
5182,165379,1,0,16,"ceska republika, cz - stredni cechy",98
5175,165304,1,1,19,"presovsky kraj, levoca",78
5184,165395,1,0,11,"banskobystricky kraj, brezno",16
5176,165306,1,0,0,"presovsky kraj, vranov nad toplou",83
5177,165308,1,1,16,"presovsky kraj, levoca",71
5178,165312,1,0,21,"presovsky kraj, levoca",71
5186,165497,1,0,0,"kosicky kraj, spisska nova ves",26
5187,165503,0,0,0,"zahranicie, zahranicie - francuzsko",90
5183,165389,0,0,0,"zahranicie, zahranicie - nemecko",91
5188,165529,0,1,0,"trenciansky kraj, banovce nad bebravou",78
5180,165360,1,1,19,"banskobystricky kraj, rimavska sobota",12
5190,165648,1,1,0,"kosicky kraj, kosice - zapad",79
5191,165664,1,0,18,"nitriansky kraj, topolcany",69
5189,165562,1,1,24,"nitriansky kraj, nove zamky",83
5192,165681,1,1,27,"nitriansky kraj, sala",69
5195,165738,1,1,0,"kosicky kraj, spisska nova ves",83
5185,165495,1,0,17,"zahranicie, zahranicie - gb",71
5194,165725,1,1,18,"banskobystricky kraj, velky krtis",74
5196,165759,1,0,0,"zahranicie, zahranicie - usa",71
5193,165716,0,1,18,"nitriansky kraj, sahy",88
5199,165951,1,1,23,"banskobystricky kraj, detva",45
5197,165883,1,1,24,"kosicky kraj, spisska nova ves",67
5200,165954,1,1,22,"zahranicie, zahranicie - australia",69
5201,165987,1,0,16,"kosicky kraj, michalovce",90
5198,165906,1,1,16,"banskobystricky kraj, krupina",59
5202,166018,1,0,0,"nitriansky kraj, nove zamky",14
5203,166109,1,0,0,"banskobystricky kraj, tornala",12
5205,166233,0,1,0,"presovsky kraj, levoca",72
5206,166278,1,0,0,"banskobystricky kraj, tornala",78
5204,166197,1,0,0,"presovsky kraj, stara lubovna",81
5207,166318,1,0,16,"kosicky kraj, spisska nova ves",88
5208,166379,1,1,21,"presovsky kraj, presov",74
5210,166450,1,1,19,"zahranicie, zahranicie - ostatne",86
5211,166503,1,0,17,"ceska republika, cz - pardubicky kraj",38
5212,166504,1,0,16,"kosicky kraj, spisska nova ves",83
5216,166621,1,1,0,"banskobystricky kraj, tornala",45
5215,166608,1,0,19,"presovsky kraj, levoca",84
5218,166636,1,0,0,"kosicky kraj, sobrance",34
5209,166423,1,1,20,"banskobystricky kraj, zvolen",66
5213,166545,1,0,18,"trenciansky kraj, trencin",86
5219,166669,1,0,0,"trnavsky kraj, trnava",45
5214,166600,1,0,18,"presovsky kraj, levoca",57
5217,166631,1,1,22,"presovsky kraj, snina",60
5220,166675,1,0,16,"presovsky kraj, levoca",79
5221,166676,1,0,16,"presovsky kraj, levoca",91
5225,166878,1,0,0,"kosicky kraj, trebisov",60
5224,166762,1,0,19,"kosicky kraj, spisska nova ves",88
5226,166882,1,0,16,"presovsky kraj, levoca",19
5222,166718,0,1,23,"kosicky kraj, kosice - okolie",50
5223,166719,1,1,22,"kosicky kraj, kosice - okolie",19
5227,166936,1,1,26,"banskobystricky kraj, tornala",64
5228,167027,1,0,21,"zahranicie, zahranicie - ostatne",71
5229,167060,1,1,19,"zilinsky kraj, namestovo",79
5230,167065,1,0,20,"presovsky kraj, presov",76
5233,167229,1,1,24,"presovsky kraj, stropkov",71
5234,167260,1,0,0,"banskobystricky kraj, tornala",40
5232,167173,1,0,0,"presovsky kraj, spisska bela",50
5235,167347,1,1,24,"bratislavsky kraj, senec",71
5231,167112,1,1,22,"presovsky kraj, vranov nad toplou",47
5237,167583,1,1,0,"presovsky kraj, vranov nad toplou",60
5236,167546,1,0,20,"kosicky kraj, kosice - sidlisko tahanovce",12
5239,167671,1,1,23,"presovsky kraj, presov",57
5238,167631,1,1,24,"trnavsky kraj, gbely",79
5240,167768,1,1,16,"trnavsky kraj, galanta",16
5243,167913,1,1,26,"kosicky kraj, kosice - stare mesto",48
5244,167926,1,1,0,"presovsky kraj, stropkov",14
5245,167971,1,0,12,"banskobystricky kraj, zarnovica",24
5241,167826,1,1,30,"banskobystricky kraj, banska bystrica",38
5242,167859,1,0,16,"trenciansky kraj, nove mesto nad vahom",26
5246,167991,1,1,19,"presovsky kraj, medzilaborce",45
5250,168079,1,1,0,"trnavsky kraj, trnava",69
5247,168007,0,1,17,"bratislavsky kraj, bratislava - raca",83
5251,168110,1,1,19,"trenciansky kraj, trencin",69
5252,168114,1,1,0,"kosicky kraj, kosice - krasna nad hornadom",66
5248,168053,1,0,29,"zahranicie, zahranicie - usa",66
5254,168172,1,1,25,"trnavsky kraj, trnava",12
5249,168055,0,0,15,"ceska republika, cz - ustecky kraj",78
5253,168156,0,1,0,"kosicky kraj, kosice - stare mesto",71
5256,168316,1,0,0,"kosicky kraj, moldava nad bodvou",21
5258,168335,1,1,21,"zahranicie, zahranicie - gb",53
5255,168223,1,0,19,"kosicky kraj, roznava",17
5261,168409,0,1,25,"presovsky kraj, presov",69
5257,168330,1,1,18,"nitriansky kraj, nove zamky",12
5259,168382,1,0,18,"zahranicie, zahranicie - gb",22
5260,168386,1,0,0,"zahranicie, zahranicie - gb",84
5264,168534,1,1,18,"bratislavsky kraj, bratislava - dubravka",71
5263,168443,1,1,21,"presovsky kraj, vranov nad toplou",60
5262,168433,1,1,0,"zahranicie, zahranicie - gb",67
5265,168538,1,1,24,"presovsky kraj, poprad",72
5268,168650,1,1,19,"presovsky kraj, giraltovce",76
5270,168710,1,1,0,"bratislavsky kraj, bratislava - petrzalka",71
5271,168725,1,0,18,"trenciansky kraj, povazska bystrica",36
5266,168584,1,1,18,"nitriansky kraj, sala",66
5267,168635,1,0,20,"trnavsky kraj, trnava",67
5269,168705,1,1,0,"bratislavsky kraj, bratislava - petrzalka",66
5273,168910,1,1,0,"zahranicie, zahranicie - usa",12
5272,168831,1,1,28,"presovsky kraj, humenne",72
5274,168942,1,1,0,"kosicky kraj, roznava",84
5275,169227,1,0,16,"kosicky kraj, spisska nova ves",83
5276,169241,1,0,19,"kosicky kraj, michalovce",72
5277,169357,1,0,24,"nitriansky kraj, nove zamky",43
5281,169502,1,0,19,"banskobystricky kraj, revuca",74
5280,169462,1,1,21,"nitriansky kraj, sala",57
5278,169391,1,0,16,"kosicky kraj, spisska nova ves",88
5286,169577,1,1,17,"nitriansky kraj, topolcany",72
5285,169564,1,0,18,"presovsky kraj, levoca",34
5279,169395,1,0,18,"presovsky kraj, levoca",76
5282,169555,1,0,18,"zahranicie, zahranicie - gb",95
5283,169556,1,0,16,"presovsky kraj, levoca",53
5284,169557,1,0,18,"nitriansky kraj, nitra",81
5289,169672,0,0,20,"kosicky kraj, michalovce",19
5287,169590,1,1,25,"presovsky kraj, presov",64
5290,169674,1,0,0,"zahranicie, zahranicie - gb",91
5291,169675,1,0,0,"presovsky kraj, vranov nad toplou",86
5288,169618,1,0,20,"trenciansky kraj, prievidza",62
5297,169892,1,0,18,"presovsky kraj, lipany",76
5293,169747,1,0,19,"trnavsky kraj, velky meder",76
5292,169695,1,0,0,"kosicky kraj, cierna nad tisou",26
5298,169953,1,0,18,"nitriansky kraj, sala",90
5294,169829,0,1,0,"banskobystricky kraj, zvolen",67
5295,169869,0,1,0,"zahranicie, zahranicie - ostatne",22
5296,169870,1,1,0,"bratislavsky kraj, bratislava - nove mesto",12
5303,170044,1,1,0,"trenciansky kraj, prievidza",14
5304,170050,1,0,18,"zahranicie, zahranicie - gb",64
5302,170040,1,0,20,"presovsky kraj, sabinov",83
5305,170110,1,1,0,"kosicky kraj, kosice - zapad",60
5299,170005,1,0,0,"presovsky kraj, poprad",81
5307,170165,1,1,22,"banskobystricky kraj, zvolen",72
5308,170206,1,1,0,"trnavsky kraj, dunajska streda",14
5306,170142,1,0,20,"trenciansky kraj, prievidza",72
5312,170282,1,1,0,"kosicky kraj, roznava",57
5309,170245,1,1,23,"kosicky kraj, velke kapusany",69
5300,170008,1,0,19,"kosicky kraj, kosice - zapad",45
5301,170009,1,1,0,"kosicky kraj, kosice - dargovskych hrdinov",41
5310,170248,1,0,19,"trenciansky kraj, prievidza",69
5313,170327,1,0,20,"trnavsky kraj, galanta",81
5314,170371,1,1,22,"zahranicie, zahranicie - nemecko",12
5315,170373,1,1,26,"kosicky kraj, kosice - okolie",72
5316,170381,1,0,0,"trnavsky kraj, galanta",12
5311,170273,1,1,0,"kosicky kraj, michalovce",90
5319,170499,1,0,0,"trnavsky kraj, galanta",33
5321,170604,0,1,0,"kosicky kraj, kosice - dargovskych hrdinov",12
5322,170612,1,1,20,"presovsky kraj, sabinov",91
5320,170535,1,1,0,"nitriansky kraj, levice",60
5317,170459,1,1,20,"banskobystricky kraj, tornala",19
5318,170460,1,0,18,"banskobystricky kraj, rimavska sobota",83
5323,170619,1,0,20,"presovsky kraj, presov",76
5324,170668,1,1,23,"banskobystricky kraj, rimavska sobota",36
5326,170739,1,0,18,"kosicky kraj, trebisov",88
5327,170757,1,0,18,"zahranicie, zahranicie - gb",81
5325,170714,1,0,0,"kosicky kraj, kosice - stare mesto",83
5329,170842,1,1,33,"bratislavsky kraj, bratislava - okolie",14
5330,170869,1,0,20,"banskobystricky kraj, rimavska sobota",74
5328,170780,1,1,0,"zahranicie, zahranicie - gb",69
5335,171021,1,1,22,"trenciansky kraj, bojnice",71
5332,170997,1,1,15,"bratislavsky kraj, bratislava - dubravka",57
5336,171046,1,0,0,"presovsky kraj, poprad",76
5331,170879,1,0,0,"banskobystricky kraj, tornala",55
5338,171076,0,0,0,"presovsky kraj, levoca",41
5340,171096,1,1,27,"presovsky kraj, poprad",71
5337,171068,0,1,0,"banskobystricky kraj, tornala",64
5342,171153,1,1,22,"presovsky kraj, poprad",64
5339,171088,0,0,17,"zahranicie, zahranicie - gb",33
5341,171127,1,0,0,"banskobystricky kraj, rimavska sobota",69
5333,171014,1,1,26,"nitriansky kraj, zlate moravce",78
5334,171015,1,1,22,"trenciansky kraj, trencin",67
5346,171242,1,0,0,"banskobystricky kraj, tornala",69
5344,171185,1,1,19,"kosicky kraj, roznava",64
5349,171331,1,0,23,"kosicky kraj, roznava",40
5343,171160,1,0,17,"zahranicie, zahranicie - gb",84
5352,171361,1,1,23,"presovsky kraj, poprad",72
5350,171339,1,0,17,"kosicky kraj, michalovce",72
5347,171322,1,0,17,"banskobystricky kraj, velky krtis",62
5354,171406,1,1,14,"banskobystricky kraj, banska bystrica",84
5345,171188,1,0,24,"banskobystricky kraj, lucenec",69
5359,171496,1,1,26,"nitriansky kraj, levice",81
5348,171329,1,1,26,"banskobystricky kraj, tornala",74
5356,171460,1,0,18,"presovsky kraj, levoca",83
5360,171502,1,1,0,"presovsky kraj, presov",12
5361,171503,1,0,20,"trenciansky kraj, handlova",74
5353,171389,1,0,18,"presovsky kraj, bardejov",88
5355,171448,1,0,0,"kosicky kraj, krompachy",83
5351,171358,1,1,0,"presovsky kraj, poprad",66
5364,171557,1,0,17,"kosicky kraj, spisska nova ves",78
5362,171548,1,0,0,"presovsky kraj, kezmarok",40
5363,171549,0,0,17,"zahranicie, zahranicie - gb",91
5357,171476,0,0,0,"kosicky kraj, michalovce",28
5358,171479,1,0,16,"presovsky kraj, levoca",66
5368,171756,1,1,0,"nitriansky kraj, hurbanovo",12
5366,171699,0,0,0,"kosicky kraj, spisska nova ves",64
5365,171687,0,1,0,"kosicky kraj, kosice - okolie",55
5367,171724,0,0,0,"zahranicie, zahranicie - kanada",34
5369,171827,1,1,24,"bratislavsky kraj, bratislava - okolie",86
5370,171836,1,0,15,"presovsky kraj, levoca",36
5371,171865,1,0,0,"kosicky kraj, krompachy",69
5372,171880,1,1,25,"trenciansky kraj, prievidza",71
5373,172006,1,1,19,"trnavsky kraj, senica",66
5374,172021,1,1,21,"trenciansky kraj, nova dubnica",78
5375,172059,1,1,0,"kosicky kraj, kosice - juh",88
5377,172142,1,1,17,"presovsky kraj, humenne",62
5376,172086,1,0,0,"zahranicie, zahranicie - ostatne",17
5379,172203,0,0,27,"presovsky kraj, presov",64
5380,172205,1,1,0,"kosicky kraj, michalovce",79
5381,172249,1,0,17,"banskobystricky kraj, zvolen",88
5378,172200,1,1,0,"kosicky kraj, roznava",67
5387,172426,1,1,18,"zahranicie, zahranicie - kanada",50
5388,172428,0,0,16,"kosicky kraj, michalovce",95
5382,172348,0,0,0,"trenciansky kraj, prievidza",84
5390,172444,1,0,0,"zilinsky kraj, tvrdosin",79
5389,172433,1,1,22,"kosicky kraj, michalovce",74
5391,172447,1,0,0,"zilinsky kraj, tvrdosin",76
5385,172419,1,0,0,"banskobystricky kraj, velky krtis",67
5383,172407,1,0,0,"banskobystricky kraj, velky krtis",71
5384,172410,1,0,18,"banskobystricky kraj, velky krtis",22
5394,172518,1,0,19,"kosicky kraj, kralovsky chlmec",24
5386,172421,1,0,16,"zahranicie, zahranicie - gb",53
5392,172479,0,0,19,"trnavsky kraj, galanta",66
5396,172532,1,0,22,"banskobystricky kraj, nova bana",12
5393,172509,1,0,15,"zahranicie, zahranicie - gb",76
5395,172528,1,1,21,"zahranicie, zahranicie - gb",98
5400,172698,1,0,0,"trenciansky kraj, povazska bystrica",74
5401,172758,1,0,20,"presovsky kraj, sabinov",28
5402,172772,1,0,16,"zilinsky kraj, turcianske teplice",67
5397,172655,1,0,16,"zahranicie, zahranicie - gb",90
5405,172833,1,0,16,"kosicky kraj, michalovce",33
5406,172835,1,0,29,"kosicky kraj, michalovce",86
5407,172836,1,1,20,"kosicky kraj, michalovce",88
5413,172922,0,1,15,"banskobystricky kraj, rimavska sobota",81
5398,172661,1,0,17,"kosicky kraj, michalovce",74
5414,172936,1,0,17,"banskobystricky kraj, rimavska sobota",59
5408,172837,1,1,0,"kosicky kraj, michalovce",95
5409,172855,1,1,21,"presovsky kraj, sabinov",48
5399,172662,0,1,0,"zahranicie, zahranicie - gb",79
5415,172954,1,1,18,"nitriansky kraj, topolcany",71
5416,172955,0,1,20,"zahranicie, zahranicie - usa",79
5418,173041,1,0,19,"banskobystricky kraj, lucenec",79
5419,173044,1,1,0,"trenciansky kraj, trencin",12
5417,172964,1,1,0,"banskobystricky kraj, lucenec",79
5411,172885,1,0,14,"trnavsky kraj, sered",33
5412,172886,1,0,16,"zahranicie, zahranicie - gb",79
5410,172860,0,0,17,"zahranicie, zahranicie - gb",62
5421,173090,1,0,0,"kosicky kraj, spisska nova ves",79
5422,173091,1,1,19,"banskobystricky kraj, zvolen",95
5403,172825,1,0,17,"kosicky kraj, michalovce",78
5404,172826,0,0,16,"zahranicie, zahranicie - gb",24
5425,173148,1,0,17,"banskobystricky kraj, lucenec",86
5423,173096,1,0,0,"kosicky kraj, michalovce",67
5427,173209,1,1,0,"kosicky kraj, michalovce",74
5424,173098,0,0,0,"zahranicie, zahranicie - gb",48
5428,173210,1,0,0,"kosicky kraj, michalovce",86
5426,173201,0,0,15,"kosicky kraj, michalovce",91
5429,173213,1,1,16,"zahranicie, zahranicie - gb",88
5432,173255,1,0,20,"zahranicie, zahranicie - gb",74
5435,173270,0,1,0,"zahranicie, zahranicie - gb",91
5430,173214,1,1,0,"zahranicie, zahranicie - gb",64
5431,173217,0,1,0,"kosicky kraj, michalovce",84
5436,173276,1,0,16,"kosicky kraj, michalovce",55
5433,173261,1,0,0,"kosicky kraj, michalovce",88
5434,173263,1,0,0,"kosicky kraj, michalovce",84
5438,173403,0,0,18,"nitriansky kraj, hurbanovo",76
5420,173083,1,1,16,"banskobystricky kraj, zvolen",88
5439,173404,1,1,20,"nitriansky kraj, hurbanovo",72
5437,173397,1,1,0,"nitriansky kraj, nove zamky",28
5440,173427,1,0,20,"banskobystricky kraj, zvolen",72
5443,173466,1,0,18,"ceska republika, cz - zlinsky kraj",43
5447,173492,1,1,21,"nitriansky kraj, nove zamky",19
5441,173440,1,0,27,"trnavsky kraj, galanta",41
5445,173483,1,0,0,"nitriansky kraj, nitra",52
5442,173443,1,1,0,"zahranicie, zahranicie - gb",76
5444,173475,1,0,19,"zahranicie, zahranicie - usa",83
5446,173489,1,1,20,"bratislavsky kraj, bratislava - petrzalka",79
5449,173627,1,0,0,"trnavsky kraj, galanta",83
5448,173574,1,0,0,"trnavsky kraj, galanta",78
5451,173706,1,1,0,"nitriansky kraj, nove zamky",69
5450,173696,1,0,23,"presovsky kraj, stropkov",72
5452,173732,1,0,0,"zahranicie, zahranicie - usa",79
5454,173779,1,1,32,"kosicky kraj, cierna nad tisou",72
5455,173798,1,0,17,"nitriansky kraj, nitra",21
5453,173772,1,0,16,"banskobystricky kraj, tornala",72
5458,174007,0,1,25,"nitriansky kraj, nove zamky",55
5456,173850,1,1,20,"nitriansky kraj, nitra",66
5459,174049,1,1,0,"zahranicie, zahranicie - gb",36
5457,173940,1,0,20,"zahranicie, zahranicie - usa",67
5460,174149,1,1,0,"kosicky kraj, kosice - barca",66
5461,174150,0,0,0,"kosicky kraj, spisska nova ves",14
5463,174267,1,0,0,"kosicky kraj, spisska nova ves",67
5467,174362,1,1,0,"zahranicie, zahranicie - usa",33
5462,174174,1,1,0,"ceska republika, cz - kralovehradecky kraj",38
5466,174356,1,1,16,"bratislavsky kraj, bratislava - ostatne",72
5464,174296,1,0,0,"trnavsky kraj, piestany",67
5465,174297,1,0,20,"trnavsky kraj, galanta",69
5469,174452,1,1,26,"zahranicie, zahranicie - gb",45
5470,174467,1,1,19,"nitriansky kraj, topolcany",48
5473,174516,1,1,23,"trenciansky kraj, banovce nad bebravou",64
5474,174517,1,0,20,"kosicky kraj, trebisov",26
5468,174413,1,0,0,"banskobystricky kraj, brezno",84
5475,174520,1,0,27,"bratislavsky kraj, bratislava - devinska nova ves",12
5478,174582,1,0,0,"zahranicie, zahranicie - ostatne",79
5476,174525,1,1,20,"nitriansky kraj, sahy",71
5471,174476,1,1,0,"presovsky kraj, svidnik",55
5472,174505,1,0,21,"zahranicie, zahranicie - gb",78
5477,174568,1,1,0,"presovsky kraj, kezmarok",86
5481,174727,1,0,0,"nitriansky kraj, nove zamky",64
5479,174664,1,1,22,"presovsky kraj, stara lubovna",69
5482,174828,1,0,23,"nitriansky kraj, levice",62
5480,174670,1,1,19,"kosicky kraj, spisska nova ves",84
5484,174892,1,0,15,"kosicky kraj, spisska nova ves",97
5488,174978,1,0,16,"presovsky kraj, podolinec",76
5486,174936,1,1,17,"zahranicie, zahranicie - gb",71
5487,174964,1,1,21,"presovsky kraj, humenne",64
5485,174896,1,0,0,"zahranicie, zahranicie - gb",84
5489,175024,1,1,19,"zahranicie, zahranicie - ostatne",66
5490,175040,1,1,20,"zahranicie, zahranicie - australia",71
5483,174867,1,1,18,"zilinsky kraj, ruzomberok",74
5491,175128,0,1,0,"presovsky kraj, presov",72
5493,175276,1,1,0,"presovsky kraj, poprad",57
5494,175277,1,1,19,"presovsky kraj, levoca",57
5492,175200,1,0,0,"zilinsky kraj, ruzomberok",31
5495,175320,1,0,26,"zahranicie, zahranicie - gb",72
5496,175331,1,1,19,"trnavsky kraj, senica",66
5499,175413,1,0,0,"presovsky kraj, levoca",67
5501,175471,1,0,17,"trenciansky kraj, prievidza",12
5497,175388,1,0,18,"banskobystricky kraj, rimavska sobota",84
5504,175503,1,1,19,"presovsky kraj, kezmarok",26
5498,175390,1,0,29,"bratislavsky kraj, bratislava - okolie",26
5502,175492,1,1,0,"nitriansky kraj, nitra",64
5503,175494,1,1,0,"presovsky kraj, poprad",84
5505,175511,1,0,17,"ceska republika, cz - stredni cechy",88
5500,175437,1,1,0,"zilinsky kraj, martin",62
5507,175611,1,0,20,"zilinsky kraj, martin",19
5508,175644,1,0,18,"banskobystricky kraj, hrinova",52
5506,175573,1,1,22,"presovsky kraj, vysoke tatry",79
5509,175756,0,0,20,"presovsky kraj, kezmarok",98
5510,175762,1,1,18,"presovsky kraj, bardejov",72
5512,175936,1,1,0,"kosicky kraj, kosice - okolie",14
5511,175918,1,1,22,"trenciansky kraj, myjava",78
5513,175949,1,1,0,"nitriansky kraj, komarno",36
5516,176147,1,1,25,"trenciansky kraj, prievidza",62
5514,176069,1,1,19,"banskobystricky kraj, hnusta",74
5518,176312,1,0,18,"zahranicie, zahranicie - rakusko",43
5515,176083,1,0,21,"nitriansky kraj, zlate moravce",71
5519,176320,0,0,21,"kosicky kraj, kosice - okolie",84
5517,176156,0,1,0,"bratislavsky kraj, bratislava - ostatne",31
5520,176339,1,0,17,"banskobystricky kraj, banska bystrica",98
5523,176417,1,0,0,"kosicky kraj, kosice - dargovskych hrdinov",78
5521,176348,1,1,20,"banskobystricky kraj, zvolen",64
5522,176402,1,0,17,"presovsky kraj, spisska bela",64
5524,176483,1,1,18,"banskobystricky kraj, zvolen",90
5525,176523,1,0,0,"banskobystricky kraj, detva",38
5527,176688,0,0,0,"kosicky kraj, michalovce",76
5529,176779,1,0,0,"zilinsky kraj, ruzomberok",90
5528,176754,1,0,21,"kosicky kraj, sobrance",86
5526,176619,1,0,24,"banskobystricky kraj, zarnovica",71
5530,176881,1,0,24,"zahranicie, zahranicie - gb",36
5532,176897,1,0,24,"zahranicie, zahranicie - kanada",76
5531,176887,1,1,0,"nitriansky kraj, topolcany",22
5534,176960,1,0,17,"ceska republika, cz - karlovarsky kraj",43
5538,176991,1,0,20,"zahranicie, zahranicie - gb",38
5533,176955,1,0,19,"kosicky kraj, michalovce",14
5539,177014,1,0,20,"trenciansky kraj, puchov",67
5535,176975,1,0,17,"banskobystricky kraj, ziar nad hronom",83
5536,176977,1,0,0,"presovsky kraj, snina",67
5540,177159,1,1,25,"kosicky kraj, strazske",66
5541,177160,0,1,0,"banskobystricky kraj, banska bystrica",12
5543,177185,1,0,0,"trenciansky kraj, prievidza",19
5537,176985,1,0,0,"zahranicie, zahranicie - ostatne",91
5544,177288,1,1,19,"kosicky kraj, kosice - krasna nad hornadom",74
5547,177378,1,1,0,"kosicky kraj, michalovce",14
5545,177353,0,0,22,"kosicky kraj, michalovce",86
5542,177176,1,0,0,"zahranicie, zahranicie - gb",26
5546,177358,0,0,0,"zahranicie, zahranicie - usa",33
5548,177383,1,1,23,"zahranicie, zahranicie - gb",90
5549,177404,0,0,32,"zilinsky kraj, ruzomberok",90
5550,177447,1,1,21,"presovsky kraj, kezmarok",67
5551,177532,1,1,0,"presovsky kraj, kezmarok",74
5552,177602,1,1,16,"presovsky kraj, stara lubovna",84
5555,177621,1,1,0,"zahranicie, zahranicie - ostatne",28
5553,177607,1,1,16,"nitriansky kraj, sala",97
5554,177612,0,0,0,"presovsky kraj, kezmarok",34
5557,177737,0,0,16,"presovsky kraj, presov",40
5556,177690,1,1,19,"zahranicie, zahranicie - gb",78
5558,177922,1,1,0,"trenciansky kraj, trencin",66
5560,177962,1,1,20,"presovsky kraj, poprad",69
5561,177963,1,1,0,"presovsky kraj, stara lubovna",48
5562,178126,1,0,18,"banskobystricky kraj, dudince",72
5559,177960,1,1,19,"kosicky kraj, spisska nova ves",62
5563,178144,1,0,0,"nitriansky kraj, nove zamky",81
5565,178217,1,1,20,"zahranicie, zahranicie - ostatne",45
5567,178256,1,1,17,"kosicky kraj, michalovce",19
5566,178245,0,0,19,"kosicky kraj, kosice - zapad",12
5564,178175,1,0,20,"bratislavsky kraj, bratislava - petrzalka",38
5568,178286,1,0,20,"presovsky kraj, kezmarok",71
5569,178343,0,1,0,"presovsky kraj, presov",50
5570,178381,1,0,20,"kosicky kraj, spisska nova ves",71
5571,178388,1,0,21,"presovsky kraj, spisska bela",62
5573,178441,1,0,20,"presovsky kraj, kezmarok",55
5572,178401,1,0,22,"trnavsky kraj, skalica",78
5575,178516,1,0,19,"banskobystricky kraj, banska stiavnica",74
5574,178500,1,0,0,"banskobystricky kraj, lucenec",81
5578,178702,1,0,19,"kosicky kraj, roznava",81
5577,178677,1,0,29,"trenciansky kraj, prievidza",83
5581,178744,1,1,0,"kosicky kraj, michalovce",78
5579,178730,1,1,20,"trenciansky kraj, partizanske",88
5584,178861,1,1,0,"presovsky kraj, presov",64
5580,178736,1,1,26,"kosicky kraj, trebisov",12
5582,178751,1,1,0,"kosicky kraj, kralovsky chlmec",55
5576,178633,1,0,17,"zilinsky kraj, namestovo",91
5583,178795,1,0,19,"kosicky kraj, roznava",86
5585,178872,1,0,0,"kosicky kraj, michalovce",12
5587,178951,1,0,17,"zahranicie, zahranicie - ostatne",81
5586,178875,1,0,20,"banskobystricky kraj, zarnovica",76
5589,179074,1,1,17,"kosicky kraj, trebisov",31
5590,179075,1,1,19,"kosicky kraj, trebisov",72
5592,179176,1,1,0,"nitriansky kraj, levice",84
5591,179090,1,1,0,"zilinsky kraj, cadca",78
5588,179020,0,0,18,"zilinsky kraj, liptovsky mikulas",12
5593,179225,1,1,21,"trenciansky kraj, trencin",67
5594,179228,1,0,15,"nitriansky kraj, levice",66
5595,179344,1,1,0,"trenciansky kraj, trencin",59
5598,179417,1,0,0,"nitriansky kraj, nove zamky",71
5599,179420,1,0,19,"nitriansky kraj, komarno",79
5597,179407,1,1,18,"banskobystricky kraj, zvolen",86
5596,179370,1,1,0,"kosicky kraj, kosice - okolie",12
5602,179682,1,0,0,"kosicky kraj, kosice - ostatne",31
5600,179620,1,0,16,"kosicky kraj, velke kapusany",88
5601,179621,1,0,18,"kosicky kraj, kosice - okolie",90
5604,179810,1,1,0,"zilinsky kraj, martin",81
5605,179867,1,1,20,"trenciansky kraj, povazska bystrica",64
5603,179800,1,0,18,"trenciansky kraj, trencin",17
5606,179916,1,0,18,"trenciansky kraj, prievidza",69
5608,180002,1,1,21,"zilinsky kraj, martin",79
5607,179948,1,1,22,"zilinsky kraj, martin",66
5609,180093,1,1,22,"zilinsky kraj, martin",71
5611,180230,1,0,26,"trnavsky kraj, galanta",53
5613,180275,1,1,22,"zilinsky kraj, zilina",71
5612,180235,1,0,19,"trenciansky kraj, puchov",76
5610,180221,1,1,0,"bratislavsky kraj, malacky",79
5615,180319,1,0,20,"kosicky kraj, spisska nova ves",16
5614,180298,1,0,19,"bratislavsky kraj, bratislava - okolie",90
5616,180384,1,0,0,"zilinsky kraj, martin",71
5618,180482,1,1,24,"presovsky kraj, humenne",60
5619,180503,1,0,18,"banskobystricky kraj, zvolen",84
5617,180396,1,0,17,"banskobystricky kraj, zvolen",47
5622,180573,1,1,33,"bratislavsky kraj, bratislava - ostatne",12
5621,180547,1,0,0,"presovsky kraj, poprad",26
5620,180525,1,0,0,"trnavsky kraj, dunajska streda",34
5623,180635,1,0,11,"nitriansky kraj, nitra",72
5625,180712,1,1,21,"nitriansky kraj, nove zamky",88
5624,180638,1,0,0,"nitriansky kraj, surany",78
5627,180931,1,1,18,"bratislavsky kraj, malacky",52
5626,180820,0,1,7,"kosicky kraj, trebisov",69
5628,180950,0,1,37,"trnavsky kraj, dunajska streda",12
5629,181008,1,1,19,"bratislavsky kraj, malacky",55
5631,181276,1,0,16,"banskobystricky kraj, zvolen",88
5632,181278,1,0,17,"banskobystricky kraj, zvolen",45
5633,181333,1,1,0,"bratislavsky kraj, bratislava - ostatne",60
5630,181272,1,1,20,"banskobystricky kraj, zvolen",17
5634,181350,1,1,24,"presovsky kraj, levoca",59
5635,181449,1,0,23,"trenciansky kraj, povazska bystrica",14
5637,181622,1,0,23,"banskobystricky kraj, velky krtis",71
5636,181557,1,0,0,"presovsky kraj, svidnik",98
5639,181742,1,0,19,"zahranicie, zahranicie - gb",34
5638,181703,1,1,20,"trnavsky kraj, galanta",53
5641,181921,1,0,22,"trenciansky kraj, handlova",66
5640,181826,1,0,22,"banskobystricky kraj, rimavska sobota",74
5643,181956,1,0,14,"presovsky kraj, sabinov",93
5642,181948,1,0,0,"trenciansky kraj, trencin",62
5645,182074,1,0,18,"trenciansky kraj, prievidza",40
5644,181975,1,0,17,"zilinsky kraj, turcianske teplice",69
5647,182168,1,0,21,"trenciansky kraj, trencin",71
5646,182158,1,0,0,"zilinsky kraj, dolny kubin",78
5649,182201,1,0,0,"zilinsky kraj, tvrdosin",26
5650,182240,1,0,21,"trnavsky kraj, piestany",83
5652,182282,1,0,18,"nitriansky kraj, komarno",81
5648,182175,1,1,19,"trenciansky kraj, prievidza",59
5654,182327,1,1,19,"trenciansky kraj, prievidza",55
5655,182358,1,0,16,"zilinsky kraj, martin",57
5653,182320,0,1,0,"nitriansky kraj, levice",66
5656,182361,1,0,0,"trenciansky kraj, puchov",21
5658,182416,1,0,18,"presovsky kraj, stara lubovna",57
5657,182403,1,0,19,"zilinsky kraj, martin",66
5651,182265,1,0,0,"kosicky kraj, strazske",74
5660,182544,1,1,22,"trenciansky kraj, trencin",48
5659,182467,1,1,0,"trnavsky kraj, trnava",72
5662,182618,1,1,0,"banskobystricky kraj, kremnica",78
5661,182558,1,1,15,"kosicky kraj, spisska nova ves",69
5663,182845,1,1,20,"nitriansky kraj, sahy",22
5665,183034,0,0,0,"kosicky kraj, kosice - zapad",31
5666,183087,1,1,38,"kosicky kraj, kosice - sever",38
5669,183139,1,0,18,"banskobystricky kraj, krupina",12
5670,183141,1,1,0,"kosicky kraj, kosice - sidlisko tahanovce",43
5668,183134,1,1,0,"banskobystricky kraj, velky krtis",64
5671,183145,1,0,32,"zahranicie, zahranicie - ostatne",83
5664,182939,1,1,18,"presovsky kraj, vranov nad toplou",76
5667,183098,0,1,25,"zahranicie, zahranicie - gb",16
5673,183291,1,0,19,"banskobystricky kraj, zarnovica",34
5672,183158,1,1,18,"zilinsky kraj, namestovo",72
5675,183407,1,0,17,"nitriansky kraj, zlate moravce",36
5676,183425,1,1,21,"kosicky kraj, spisska nova ves",55
5678,183572,1,1,0,"nitriansky kraj, sala",79
5677,183520,1,1,20,"kosicky kraj, kosice - krasna nad hornadom",79
5679,183573,1,0,17,"nitriansky kraj, nove zamky",81
5674,183404,1,1,20,"nitriansky kraj, nove zamky",52
5680,183755,1,0,0,"nitriansky kraj, sala",66
5682,183779,1,0,22,"trenciansky kraj, trencin",66
5681,183764,1,0,0,"trnavsky kraj, galanta",50
5683,183816,1,1,26,"zilinsky kraj, trstena",59
5685,183859,0,1,0,"nitriansky kraj, komarno",69
5686,183893,1,0,14,"nitriansky kraj, nove zamky",91
5687,183894,1,0,0,"nitriansky kraj, hurbanovo",22
5684,183823,1,0,17,"nitriansky kraj, hurbanovo",88
5688,183895,1,1,17,"nitriansky kraj, nove zamky",50
5691,184022,1,0,13,"banskobystricky kraj, rimavska sobota",28
5692,184024,1,0,17,"banskobystricky kraj, rimavska sobota",88
5690,183993,1,0,17,"kosicky kraj, roznava",74
5689,183985,1,0,14,"banskobystricky kraj, revuca",69
5696,184067,1,1,0,"kosicky kraj, roznava",64
5699,184098,1,1,19,"kosicky kraj, roznava",48
5697,184089,1,0,0,"banskobystricky kraj, tornala",12
5698,184091,1,1,18,"kosicky kraj, roznava",91
5703,184145,1,1,17,"presovsky kraj, levoca",31
5693,184047,1,0,0,"trnavsky kraj, galanta",79
5702,184133,1,1,21,"presovsky kraj, svidnik",69
5700,184107,0,1,25,"presovsky kraj, hanusovce nad toplou",52
5701,184108,1,1,22,"zahranicie, zahranicie - gb",12
5694,184062,1,1,23,"zahranicie, zahranicie - usa",16
5695,184063,1,0,16,"banskobystricky kraj, tornala",12
5708,184306,1,1,16,"banskobystricky kraj, rimavska sobota",14
5706,184209,1,0,17,"presovsky kraj, presov",64
5709,184311,0,1,31,"banskobystricky kraj, velky krtis",31
5710,184340,1,0,20,"banskobystricky kraj, detva",64
5705,184195,1,1,15,"banskobystricky kraj, banska bystrica",88
5707,184304,1,1,19,"banskobystricky kraj, tornala",12
5704,184184,1,1,24,"nitriansky kraj, nove zamky",55
5712,184502,1,0,18,"banskobystricky kraj, zvolen",34
5711,184363,1,0,20,"zahranicie, zahranicie - ostatne",76
5713,184507,1,0,20,"banskobystricky kraj, ziar nad hronom",48
5716,184595,1,1,0,"presovsky kraj, giraltovce",91
5718,184637,0,1,0,"zahranicie, zahranicie - ostatne",76
5714,184571,1,1,21,"presovsky kraj, bardejov",93
5715,184572,1,1,0,"nitriansky kraj, nove zamky",79
5721,184696,1,0,20,"trenciansky kraj, nova dubnica",45
5717,184604,1,1,0,"ceska republika, cz - vysocina",50
5720,184689,1,1,28,"banskobystricky kraj, kremnica",69
5722,184701,1,1,0,"zahranicie, zahranicie - gb",34
5723,184702,1,1,21,"nitriansky kraj, nove zamky",57
5719,184678,1,0,19,"banskobystricky kraj, sliac",69
5724,184753,1,1,17,"kosicky kraj, michalovce",33
5725,184915,1,1,0,"trenciansky kraj, trencin",76
5726,184917,0,1,24,"zahranicie, zahranicie - ostatne",69
5727,184950,1,1,18,"kosicky kraj, kosice - okolie",86
5728,184978,1,1,16,"trenciansky kraj, trencin",72
5729,185021,1,1,19,"trenciansky kraj, trencin",90
5730,185125,1,0,22,"banskobystricky kraj, banska bystrica",60
5732,185272,0,0,17,"presovsky kraj, kezmarok",36
5731,185160,1,1,21,"trenciansky kraj, trencin",31
5734,185393,1,0,16,"nitriansky kraj, nove zamky",28
5736,185465,1,0,18,"presovsky kraj, stara lubovna",52
5737,185476,0,0,18,"trnavsky kraj, galanta",67
5738,185494,1,1,0,"zilinsky kraj, namestovo",21
5733,185384,1,1,19,"zahranicie, zahranicie - gb",64
5735,185422,1,0,18,"zahranicie, zahranicie - ostatne",52
5739,185572,0,1,23,"nitriansky kraj, zeliezovce",57
5742,185689,1,0,0,"kosicky kraj, kosice - ostatne",88
5740,185636,1,1,28,"trnavsky kraj, piestany",71
5741,185638,1,1,18,"trnavsky kraj, vrbove",45
5743,185756,1,0,0,"zahranicie, zahranicie - australia",88
5744,185764,1,0,22,"nitriansky kraj, levice",66
5748,185858,1,0,18,"zahranicie, zahranicie - ostatne",12
5745,185790,1,1,20,"ceska republika, cz - ostravsky kraj",14
5749,185902,1,1,0,"trnavsky kraj, piestany",48
5747,185830,1,0,24,"bratislavsky kraj, bratislava - ruzinov",78
5751,185977,0,1,0,"bratislavsky kraj, bratislava - stare mesto",29
5746,185803,1,1,0,"nitriansky kraj, levice",71
5750,185951,1,0,20,"nitriansky kraj, levice",60
5752,186043,1,1,20,"nitriansky kraj, levice",36
5753,186159,1,0,17,"zilinsky kraj, martin",79
5754,186233,1,0,0,"banskobystricky kraj, zvolen",40
5757,186397,1,1,20,"zahranicie, zahranicie - ostatne",57
5755,186312,1,0,16,"ceska republika, cz - ustecky kraj",76
5758,186454,1,1,17,"bratislavsky kraj, bratislava - nove mesto",88
5756,186381,1,0,0,"banskobystricky kraj, velky krtis",100
5760,186489,1,0,21,"banskobystricky kraj, banska bystrica",72
5759,186477,1,1,21,"nitriansky kraj, levice",52
5761,186509,1,0,17,"nitriansky kraj, nitra",26
5762,186905,1,0,21,"banskobystricky kraj, detva",72
5764,187039,1,1,21,"nitriansky kraj, nitra",12
5763,187002,1,1,18,"presovsky kraj, humenne",45
5765,187107,1,0,19,"kosicky kraj, kralovsky chlmec",76
5766,187190,1,0,18,"presovsky kraj, sabinov",22
5768,187219,1,0,19,"nitriansky kraj, nitra",64
5767,187214,1,0,14,"kosicky kraj, roznava",47
5769,187323,1,1,15,"trenciansky kraj, partizanske",88
5770,187382,1,0,15,"presovsky kraj, lipany",57
5771,187388,1,1,18,"presovsky kraj, presov",78
5773,187519,1,1,18,"trnavsky kraj, galanta",81
5775,187621,1,1,15,"zahranicie, zahranicie - gb",67
5774,187616,1,1,18,"bratislavsky kraj, malacky",97
5772,187514,1,0,18,"trenciansky kraj, handlova",69
5777,187714,1,1,17,"nitriansky kraj, zeliezovce",17
5776,187632,1,1,19,"nitriansky kraj, levice",64
5778,187787,1,0,19,"banskobystricky kraj, nova bana",83
5779,188151,1,0,17,"presovsky kraj, poprad",14
5780,188236,1,0,0,"zilinsky kraj, ruzomberok",33
5781,188297,1,1,0,"zilinsky kraj, namestovo",66
5782,188299,1,0,18,"presovsky kraj, presov",21
5783,188477,1,0,15,"zahranicie, zahranicie - gb",95
5784,188495,1,1,17,"trenciansky kraj, partizanske",66
5787,188581,0,1,0,"bratislavsky kraj, bratislava - ruzinov",86
5790,188641,1,0,0,"trenciansky kraj, banovce nad bebravou",71
5788,188587,1,1,0,"kosicky kraj, kosice - ostatne",72
5789,188594,1,0,17,"bratislavsky kraj, senec",76
5791,188645,1,0,16,"banskobystricky kraj, velky krtis",78
5785,188558,1,1,28,"bratislavsky kraj, senec",69
5786,188561,1,0,21,"nitriansky kraj, komarno",21
5793,188719,1,0,0,"nitriansky kraj, nove zamky",69
5792,188654,1,0,0,"banskobystricky kraj, ziar nad hronom",48
5798,188928,1,0,0,"trnavsky kraj, galanta",71
5795,188858,1,0,17,"presovsky kraj, lipany",28
5796,188861,1,0,0,"trnavsky kraj, trnava",62
5800,189018,1,0,0,"zilinsky kraj, namestovo",60
5797,188893,1,0,0,"nitriansky kraj, vrable",66
5799,188947,1,0,17,"trenciansky kraj, prievidza",86
5794,188786,1,0,0,"zahranicie, zahranicie - francuzsko",66
5801,189126,1,1,20,"kosicky kraj, trebisov",28
5802,189204,1,1,0,"nitriansky kraj, nove zamky",76
5803,189229,1,1,0,"zilinsky kraj, zilina",19
5805,189287,1,0,15,"nitriansky kraj, nove zamky",50
5806,189291,1,1,22,"nitriansky kraj, nove zamky",64
5807,189297,1,1,20,"nitriansky kraj, komarno",76
5808,189393,1,0,0,"zahranicie, zahranicie - usa",91
5804,189266,1,0,16,"kosicky kraj, spisska nova ves",19
5811,189580,1,1,22,"trnavsky kraj, piestany",36
5809,189484,1,1,23,"trenciansky kraj, handlova",67
5813,189647,1,1,21,"trnavsky kraj, piestany",71
5810,189536,1,0,22,"kosicky kraj, kosice - okolie",14
5812,189623,1,0,18,"nitriansky kraj, sala",71
5814,189782,1,1,0,"trenciansky kraj, myjava",67
5815,189798,1,0,16,"presovsky kraj, vranov nad toplou",67
5816,189896,1,1,27,"zahranicie, zahranicie - rakusko",81
5817,190019,1,0,19,"trenciansky kraj, prievidza",78
5818,190053,1,1,18,"presovsky kraj, presov",74
5821,190205,1,1,21,"presovsky kraj, vranov nad toplou",72
5822,190249,1,1,18,"zilinsky kraj, namestovo",84
5819,190118,1,1,21,"presovsky kraj, humenne",45
5820,190122,1,0,17,"banskobystricky kraj, jelsava",55
5825,190337,1,1,17,"nitriansky kraj, nove zamky",83
5823,190296,1,0,17,"nitriansky kraj, nove zamky",26
5824,190304,1,0,20,"trnavsky kraj, trnava",24
5826,190352,1,0,0,"trenciansky kraj, prievidza",86
5827,190356,1,0,18,"trenciansky kraj, prievidza",71
5828,190363,1,0,16,"nitriansky kraj, zlate moravce",98
5830,190552,1,0,19,"banskobystricky kraj, banska bystrica",14
5831,190554,1,0,19,"banskobystricky kraj, banska bystrica",55
5832,190630,0,1,28,"banskobystricky kraj, detva",28
5833,190631,1,1,21,"bratislavsky kraj, senec",71
5834,190642,1,0,14,"kosicky kraj, trebisov",81
5829,190522,1,0,17,"banskobystricky kraj, banska bystrica",81
5835,190767,1,1,19,"presovsky kraj, poprad",74
5837,190826,1,0,17,"kosicky kraj, kosice - sever",86
5840,191073,1,1,19,"nitriansky kraj, vrable",21
5838,191069,1,1,17,"nitriansky kraj, nove zamky",40
5839,191070,1,1,19,"zahranicie, zahranicie - ostatne",12
5836,190796,1,1,0,"zahranicie, zahranicie - gb",19
5841,191084,1,1,19,"banskobystricky kraj, detva",81
5843,191211,0,0,0,"banskobystricky kraj, banska bystrica",67
5842,191097,1,1,19,"nitriansky kraj, nove zamky",84
5844,191267,1,1,18,"kosicky kraj, trebisov",86
5845,191275,1,0,20,"banskobystricky kraj, lucenec",69
5847,191476,1,1,20,"kosicky kraj, kosice - okolie",66
5848,191479,1,0,17,"banskobystricky kraj, brezno",47
5849,191499,1,1,24,"trnavsky kraj, skalica",12
5846,191384,1,0,22,"zahranicie, zahranicie - nemecko",81
5850,191618,1,1,19,"presovsky kraj, poprad",59
5851,191691,0,1,0,"bratislavsky kraj, bratislava - podunaj. biskupice",22
5853,191781,1,0,16,"kosicky kraj, trebisov",52
5854,191825,1,0,0,"presovsky kraj, giraltovce",66
5852,191774,1,0,0,"kosicky kraj, trebisov",48
5856,191952,1,1,20,"nitriansky kraj, nitra",86
5857,191963,1,0,19,"zilinsky kraj, namestovo",76
5858,192004,1,0,0,"banskobystricky kraj, lucenec",17
5860,192023,1,1,19,"nitriansky kraj, sala",67
5861,192027,1,1,23,"nitriansky kraj, sala",55
5855,191878,1,0,22,"zahranicie, zahranicie - gb",84
5859,192011,1,0,0,"zahranicie, zahranicie - rakusko",81
5864,192182,1,1,17,"nitriansky kraj, sala",19
5867,192229,1,1,19,"nitriansky kraj, sala",60
5869,192257,1,1,0,"nitriansky kraj, sala",60
5862,192096,1,0,19,"nitriansky kraj, sala",74
5870,192259,1,0,19,"nitriansky kraj, sala",78
5863,192178,1,0,20,"presovsky kraj, presov",74
5868,192231,1,0,20,"nitriansky kraj, sala",60
5865,192222,1,0,0,"nitriansky kraj, sala",66
5866,192224,1,0,20,"nitriansky kraj, sala",12
5872,192485,1,1,16,"trenciansky kraj, povazska bystrica",22
5871,192475,1,1,0,"nitriansky kraj, nove zamky",14
5873,192610,1,1,18,"presovsky kraj, levoca",67
5874,192647,1,1,15,"presovsky kraj, bardejov",50
5875,192664,1,0,18,"zahranicie, zahranicie - ostatne",69
5877,192727,1,1,18,"nitriansky kraj, topolcany",90
5876,192718,1,0,0,"presovsky kraj, stara lubovna",21
5879,192916,0,0,18,"presovsky kraj, sabinov",86
5880,192994,1,0,18,"banskobystricky kraj, zvolen",59
5878,192899,1,0,18,"banskobystricky kraj, zvolen",66
5881,193024,1,0,18,"presovsky kraj, bardejov",67
5882,193149,0,0,0,"zahranicie, zahranicie - gb",57
5883,193267,1,0,16,"bratislavsky kraj, bratislava - stare mesto",84
5884,193268,1,0,16,"banskobystricky kraj, hnusta",90
5885,193281,1,0,16,"zilinsky kraj, ruzomberok",45
5886,193286,1,1,21,"zilinsky kraj, ruzomberok",74
5888,193375,1,1,0,"nitriansky kraj, nove zamky",53
5887,193288,1,1,17,"presovsky kraj, sabinov",69
5891,193561,1,0,19,"trenciansky kraj, brezova pod bradlom",22
5889,193461,1,0,22,"banskobystricky kraj, revuca",71
5890,193559,1,0,0,"bratislavsky kraj, bratislava - karlova ves",66
5892,193608,1,1,0,"zahranicie, zahranicie - ostatne",12
5893,193696,1,0,20,"nitriansky kraj, topolcany",71
5894,193725,1,1,18,"presovsky kraj, podolinec",71
5896,193998,1,0,18,"trenciansky kraj, nove mesto nad vahom",34
5895,193945,1,0,18,"trenciansky kraj, trencin",12
5899,194075,1,0,17,"zilinsky kraj, namestovo",88
5898,194064,1,0,14,"kosicky kraj, kosice - juh",74
5900,194179,1,0,19,"nitriansky kraj, nove zamky",60
5901,194193,1,0,0,"banskobystricky kraj, banska bystrica",81
5897,194024,1,0,18,"kosicky kraj, kosice - krasna nad hornadom",72
5902,194218,1,0,16,"zilinsky kraj, namestovo",95
5903,194219,1,0,17,"zilinsky kraj, namestovo",84
5904,194247,1,0,15,"nitriansky kraj, sturovo",81
5905,194274,1,0,18,"zilinsky kraj, namestovo",81
5906,194417,1,0,22,"nitriansky kraj, nove zamky",71
5907,194619,1,1,21,"nitriansky kraj, topolcany",79
5910,194763,1,0,17,"presovsky kraj, kezmarok",19
5908,194710,1,0,0,"presovsky kraj, presov",76
5909,194715,1,0,17,"zilinsky kraj, bytca",43
5912,195211,1,0,18,"bratislavsky kraj, senec",83
5911,194999,1,0,26,"trnavsky kraj, trnava",55
5913,195278,1,1,0,"banskobystricky kraj, banska bystrica",22
5914,195377,1,1,19,"trnavsky kraj, galanta",38
5915,195417,1,1,0,"kosicky kraj, kosice - juh",22
5916,195693,1,1,20,"trenciansky kraj, trencin",78
5917,195754,1,1,17,"nitriansky kraj, topolcany",76
5918,195788,1,1,21,"kosicky kraj, kosice - okolie",12
5920,195847,1,1,17,"trenciansky kraj, novaky",78
5919,195789,1,0,19,"presovsky kraj, poprad",79
5921,195861,1,0,21,"banskobystricky kraj, hnusta",31
5922,195869,1,1,18,"zahranicie, zahranicie - nemecko",66
5925,196042,1,0,0,"trnavsky kraj, senica",52
5923,195881,1,0,0,"kosicky kraj, spisska nova ves",67
5924,195882,1,0,17,"kosicky kraj, gelnica",26
5926,196177,1,1,29,"nitriansky kraj, topolcany",62
5927,196288,1,1,20,"presovsky kraj, presov",69
5928,196449,1,1,21,"presovsky kraj, poprad",62
5931,196759,1,0,0,"banskobystricky kraj, rimavska sobota",48
5929,196680,1,0,21,"kosicky kraj, gelnica",90
5932,196804,1,1,0,"trenciansky kraj, trencin",24
5930,196745,1,0,0,"zahranicie, zahranicie - usa",28
5933,196887,1,1,0,"kosicky kraj, trebisov",64
5936,196999,1,1,20,"banskobystricky kraj, poltar",72
5934,196896,1,1,20,"presovsky kraj, presov",48
5935,196947,1,0,18,"banskobystricky kraj, banska bystrica",81
5937,197036,1,1,17,"kosicky kraj, spisska nova ves",90
5938,197083,1,1,20,"banskobystricky kraj, poltar",78
5939,197314,1,0,21,"trenciansky kraj, trencin",14
5940,197352,1,0,19,"banskobystricky kraj, banska bystrica",64
5943,197501,1,0,18,"banskobystricky kraj, zvolen",60
5944,197596,1,0,21,"banskobystricky kraj, banska bystrica",47
5941,197460,1,1,20,"banskobystricky kraj, zvolen",76
5942,197489,1,0,14,"presovsky kraj, lipany",40
5945,197686,1,1,15,"presovsky kraj, svidnik",95
5946,197687,1,0,0,"zahranicie, zahranicie - ostatne",38
5947,197726,1,1,21,"trenciansky kraj, nove mesto nad vahom",12
5948,198048,1,1,0,"trenciansky kraj, partizanske",59
5949,198071,1,1,20,"nitriansky kraj, topolcany",60
5950,198154,1,1,0,"trnavsky kraj, senica",83
5952,198243,1,0,0,"presovsky kraj, stara lubovna",62
5953,198321,1,1,0,"zahranicie, zahranicie - ostatne",78
5951,198225,1,1,0,"trnavsky kraj, senica",84
5954,198340,1,1,28,"presovsky kraj, humenne",78
5957,198421,1,0,17,"trenciansky kraj, nove mesto nad vahom",21
5955,198358,1,1,0,"trenciansky kraj, nove mesto nad vahom",22
5958,198441,1,0,18,"kosicky kraj, michalovce",83
5956,198380,1,1,0,"trnavsky kraj, galanta",12
5959,198680,1,1,0,"presovsky kraj, poprad",22
5960,198696,1,1,18,"presovsky kraj, poprad",67
5961,198775,1,1,0,"trenciansky kraj, povazska bystrica",78
5962,198901,1,1,19,"presovsky kraj, stara lubovna",72
5963,198907,1,0,0,"presovsky kraj, stara lubovna",71
5964,199024,1,1,0,"trnavsky kraj, skalica",69
5965,199033,1,1,32,"banskobystricky kraj, poltar",66
5966,199144,1,0,21,"presovsky kraj, poprad",69
5967,199207,1,0,16,"banskobystricky kraj, banska bystrica",21
5968,199253,1,0,21,"kosicky kraj, kosice - zapad",12
5969,199327,1,1,22,"trenciansky kraj, povazska bystrica",16
5970,199387,1,0,18,"banskobystricky kraj, banska bystrica",60
5972,199637,1,1,22,"banskobystricky kraj, sliac",28
5973,199641,1,0,0,"banskobystricky kraj, banska bystrica",24
5977,199719,1,1,19,"presovsky kraj, presov",64
5974,199665,1,0,25,"kosicky kraj, velke kapusany",38
5975,199671,1,0,41,"nitriansky kraj, nitra",12
5978,199822,1,0,24,"banskobystricky kraj, lucenec",67
5971,199605,1,1,18,"nitriansky kraj, komarno",21
5976,199709,1,0,0,"trenciansky kraj, trencin",16
5979,199959,1,0,0,"banskobystricky kraj, lucenec",60
5981,200138,1,0,17,"presovsky kraj, kezmarok",78
5983,200178,1,1,22,"trenciansky kraj, prievidza",74
5982,200147,1,0,15,"nitriansky kraj, nitra",12
5980,200107,1,0,24,"trnavsky kraj, galanta",60
5984,200254,1,0,26,"nitriansky kraj, zeliezovce",59
5985,200284,1,0,0,"kosicky kraj, spisska nova ves",88
5986,200420,1,0,0,"nitriansky kraj, zlate moravce",74
5988,200567,1,1,0,"trenciansky kraj, puchov",16
5989,200763,1,0,0,"nitriansky kraj, nove zamky",26
5987,200534,1,0,0,"kosicky kraj, spisska nova ves",66
5990,200778,1,1,0,"zahranicie, zahranicie - gb",64
5992,200794,1,0,0,"presovsky kraj, bardejov",74
5991,200785,1,0,15,"presovsky kraj, bardejov",84
5993,200908,1,1,31,"bratislavsky kraj, bratislava - petrzalka",64
5994,200935,1,1,21,"presovsky kraj, bardejov",14
5995,201109,1,1,20,"nitriansky kraj, sahy",69
5996,201211,0,1,23,"bratislavsky kraj, bratislava - petrzalka",72
5999,201333,1,0,0,"banskobystricky kraj, lucenec",22
5998,201280,1,1,28,"nitriansky kraj, komarno",62
5997,201221,1,1,40,"banskobystricky kraj, rimavska sobota",29
6000,201395,1,1,0,"banskobystricky kraj, lucenec",22
6001,201473,1,0,0,"presovsky kraj, spisske podhradie",24
6002,201540,1,1,0,"zilinsky kraj, martin",76
6005,201796,1,1,21,"kosicky kraj, roznava",71
6004,201787,1,0,18,"kosicky kraj, kralovsky chlmec",71
6003,201659,1,1,0,"banskobystricky kraj, lucenec",66
6006,201818,1,0,0,"banskobystricky kraj, tornala",59
6007,201914,1,0,20,"trenciansky kraj, dubnica nad vahom",66
6008,201950,1,1,22,"nitriansky kraj, vrable",52
6009,201957,1,1,19,"nitriansky kraj, nove zamky",64
6010,202176,1,0,20,"nitriansky kraj, komarno",69
6011,202323,1,0,15,"kosicky kraj, spisska nova ves",90
6013,202443,1,1,22,"kosicky kraj, kosice - okolie",83
6015,202550,1,1,19,"trnavsky kraj, galanta",78
6014,202539,1,1,17,"presovsky kraj, lipany",74
6012,202437,1,1,0,"trenciansky kraj, trencin",71
6016,202673,1,1,0,"nitriansky kraj, komarno",64
6017,202792,1,1,17,"nitriansky kraj, nove zamky",83
6018,202854,1,1,19,"trnavsky kraj, galanta",76
6024,202996,1,1,21,"nitriansky kraj, nove zamky",26
6025,203002,1,0,18,"nitriansky kraj, nove zamky",76
6020,202925,1,1,20,"nitriansky kraj, nove zamky",14
6021,202926,1,0,0,"nitriansky kraj, hurbanovo",53
6026,203005,1,0,19,"nitriansky kraj, nove zamky",14
6023,202993,1,1,19,"nitriansky kraj, komarno",71
6028,203117,1,0,0,"nitriansky kraj, nove zamky",71
6022,202980,1,0,0,"nitriansky kraj, vrable",83
6030,203222,1,0,0,"nitriansky kraj, nove zamky",12
6031,203223,1,0,17,"trnavsky kraj, galanta",79
6019,202918,1,0,18,"nitriansky kraj, nove zamky",12
6029,203164,1,1,0,"bratislavsky kraj, bratislava - nove mesto",12
6034,203266,1,1,21,"nitriansky kraj, komarno",47
6027,203112,1,1,22,"nitriansky kraj, nove zamky",71
6035,203269,1,0,0,"nitriansky kraj, nove zamky",52
6032,203231,1,1,22,"nitriansky kraj, nove zamky",74
6033,203233,1,1,0,"zahranicie, zahranicie - usa",59
6036,203270,1,0,0,"nitriansky kraj, komarno",48
6037,203272,1,0,0,"nitriansky kraj, nove zamky",60
6043,203341,1,1,23,"trnavsky kraj, galanta",81
6039,203328,1,1,18,"nitriansky kraj, nove zamky",78
6040,203330,1,0,0,"nitriansky kraj, komarno",62
6038,203279,1,1,21,"nitriansky kraj, komarno",83
6041,203333,1,0,18,"nitriansky kraj, komarno",64
6042,203334,1,0,0,"bratislavsky kraj, bratislava - devinska nova ves",76
6044,203405,1,1,0,"kosicky kraj, medzev",17
6045,203475,1,0,0,"nitriansky kraj, nove zamky",74
6046,203515,0,0,0,"trnavsky kraj, dunajska streda",97
6047,203882,1,0,20,"nitriansky kraj, nove zamky",48
6048,204084,1,0,15,"presovsky kraj, snina",12
6050,204798,1,1,21,"kosicky kraj, kosice - sidlisko tahanovce",14
6049,204703,0,1,19,"banskobystricky kraj, rimavska sobota",40
6052,204901,1,1,0,"kosicky kraj, moldava nad bodvou",67
6051,204895,1,1,22,"kosicky kraj, kosice - stare mesto",57
6056,205112,1,0,15,"bratislavsky kraj, malacky",90
6054,205041,0,0,14,"banskobystricky kraj, zvolen",78
6055,205108,1,0,17,"trenciansky kraj, prievidza",17
6053,204960,1,1,21,"kosicky kraj, kosice - zapad",60
6057,205387,1,1,0,"kosicky kraj, michalovce",78
6059,205621,1,0,0,"presovsky kraj, bardejov",95
6058,205511,1,1,19,"zahranicie, zahranicie - nemecko",79
6060,205630,1,0,18,"presovsky kraj, svidnik",76
6062,205679,1,0,0,"presovsky kraj, bardejov",83
6066,205788,1,1,0,"presovsky kraj, svidnik",71
6061,205642,0,0,0,"bratislavsky kraj, bratislava - petrzalka",84
6065,205779,1,1,20,"presovsky kraj, presov",76
6063,205721,1,0,18,"bratislavsky kraj, malacky",12
6069,205864,1,0,0,"presovsky kraj, lipany",55
6064,205724,1,1,0,"bratislavsky kraj, malacky",26
6071,205937,1,1,0,"presovsky kraj, bardejov",60
6072,205960,1,0,18,"presovsky kraj, hanusovce nad toplou",17
6070,205929,1,0,0,"zilinsky kraj, trstena",69
6067,205840,1,0,18,"zilinsky kraj, dolny kubin",31
6074,206033,1,0,16,"zilinsky kraj, ruzomberok",19
6073,205989,1,0,0,"trenciansky kraj, prievidza",36
6068,205844,1,0,16,"presovsky kraj, bardejov",78
6075,206092,1,0,15,"banskobystricky kraj, zvolen",97
6076,206331,1,0,18,"presovsky kraj, poprad",17
6077,206360,1,0,35,"bratislavsky kraj, bratislava - petrzalka",17
6078,206399,1,0,16,"banskobystricky kraj, zvolen",78
6079,206660,1,0,18,"presovsky kraj, stropkov",62
6080,206798,1,0,18,"trnavsky kraj, vrbove",16
6081,206929,1,1,20,"trnavsky kraj, piestany",76
6082,206936,1,0,18,"banskobystricky kraj, hrinova",17
6083,207068,1,1,24,"banskobystricky kraj, filakovo",36
6085,207196,1,1,16,"zilinsky kraj, namestovo",83
6084,207172,1,1,21,"presovsky kraj, levoca",72
6086,207321,1,0,20,"trenciansky kraj, povazska bystrica",24
6087,207389,1,0,17,"trnavsky kraj, gbely",74
6088,207450,1,0,0,"zahranicie, zahranicie - ostatne",19
6090,207634,1,1,24,"banskobystricky kraj, hnusta",74
6089,207595,1,1,19,"nitriansky kraj, zeliezovce",72
6091,207704,1,1,20,"banskobystricky kraj, banska bystrica",59
6092,207771,1,0,19,"nitriansky kraj, surany",53
6093,207805,1,0,0,"trenciansky kraj, trencin",81
6094,208012,1,0,22,"presovsky kraj, poprad",57
6095,208013,1,1,19,"nitriansky kraj, nitra",79
6097,208068,1,0,18,"zahranicie, zahranicie - usa",78
6099,208128,1,1,18,"presovsky kraj, poprad",34
6096,208060,1,0,0,"zahranicie, zahranicie - ostatne",72
6100,208154,1,1,23,"trnavsky kraj, gbely",59
6098,208123,0,1,0,"zahranicie, zahranicie - gb",33
6102,208354,1,0,15,"kosicky kraj, velke kapusany",76
6103,208415,1,1,0,"trenciansky kraj, prievidza",41
6101,208342,1,1,19,"banskobystricky kraj, filakovo",24
6104,208638,1,0,19,"kosicky kraj, kosice - zapad",69
6105,208712,1,0,22,"presovsky kraj, poprad",76
6108,208885,1,0,17,"banskobystricky kraj, zvolen",83
6107,208874,1,0,0,"nitriansky kraj, zeliezovce",79
6106,208830,1,0,31,"banskobystricky kraj, brezno",12
6110,209117,1,0,18,"presovsky kraj, poprad",12
6109,209114,1,0,17,"kosicky kraj, kosice - saca",43
6111,209135,0,1,0,"presovsky kraj, poprad",33
6112,209136,1,1,0,"presovsky kraj, poprad",66
6113,209270,1,1,0,"presovsky kraj, poprad",26
6114,209287,0,0,18,"banskobystricky kraj, zvolen",28
6115,209334,1,0,19,"banskobystricky kraj, detva",21
6116,209338,0,1,32,"presovsky kraj, presov",12
6117,209438,1,0,19,"presovsky kraj, humenne",74
6118,209478,1,1,0,"zilinsky kraj, martin",66
6122,209656,1,1,0,"zahranicie, zahranicie - gb",83
6120,209642,1,1,18,"kosicky kraj, kosice - juh",81
6123,209657,1,1,19,"kosicky kraj, spisska nova ves",72
6119,209556,1,1,19,"kosicky kraj, kosice - okolie",17
6121,209648,1,0,19,"presovsky kraj, stara lubovna",69
6124,209745,0,0,0,"presovsky kraj, bardejov",95
6125,209899,1,0,0,"zahranicie, zahranicie - gb",33
6126,209911,1,0,0,"zilinsky kraj, liptovsky mikulas",50
6128,210001,1,0,17,"zahranicie, zahranicie - gb",57
6127,209952,1,1,21,"bratislavsky kraj, bratislava - karlova ves",64
6129,210039,1,1,0,"zilinsky kraj, liptovsky mikulas",47
6130,210115,1,1,21,"presovsky kraj, levoca",43
6136,210212,1,0,0,"presovsky kraj, stropkov",24
6134,210189,1,0,22,"kosicky kraj, kosice - krasna nad hornadom",55
6131,210117,1,0,0,"kosicky kraj, spisske vlachy",71
6133,210177,0,0,0,"zahranicie, zahranicie - gb",90
6132,210119,1,0,20,"kosicky kraj, spisska nova ves",55
6137,210222,1,0,0,"presovsky kraj, kezmarok",12
6138,210392,1,1,0,"trenciansky kraj, prievidza",53
6135,210208,1,1,13,"trenciansky kraj, handlova",79
6142,210576,1,1,18,"trenciansky kraj, povazska bystrica",76
6139,210547,1,1,31,"presovsky kraj, humenne",67
6146,210708,1,1,16,"kosicky kraj, kralovsky chlmec",74
6140,210552,0,1,28,"nitriansky kraj, nitra",12
6145,210669,1,1,0,"zahranicie, zahranicie - ostatne",64
6147,210766,1,1,21,"trnavsky kraj, velky meder",12
6143,210621,1,0,0,"trenciansky kraj, handlova",26
6141,210569,1,0,19,"banskobystricky kraj, hrinova",67
6148,210788,1,1,0,"nitriansky kraj, komarno",86
6144,210624,1,1,20,"trenciansky kraj, prievidza",62
6150,210812,1,0,20,"banskobystricky kraj, rimavska sobota",79
6149,210791,1,1,25,"trnavsky kraj, senica",71
6151,210921,1,1,21,"presovsky kraj, vranov nad toplou",69
6152,210925,1,0,0,"presovsky kraj, stara lubovna",62
6156,210979,1,0,21,"presovsky kraj, lipany",78
6158,211007,1,0,19,"kosicky kraj, michalovce",72
6153,210928,1,0,23,"trenciansky kraj, banovce nad bebravou",67
6154,210929,1,1,19,"trenciansky kraj, banovce nad bebravou",66
6155,210930,1,0,20,"zahranicie, zahranicie - ostatne",62
6160,211048,1,0,16,"zahranicie, zahranicie - gb",83
6157,211002,1,1,18,"kosicky kraj, michalovce",78
6161,211050,1,0,23,"presovsky kraj, sabinov",69
6159,211034,1,1,29,"ceska republika, cz - praha",24
6163,211151,1,1,23,"nitriansky kraj, nove zamky",60
6169,211249,1,1,19,"kosicky kraj, spisska nova ves",45
6164,211177,1,0,21,"presovsky kraj, stara lubovna",69
6162,211136,1,1,19,"kosicky kraj, kosice - stare mesto",64
6170,211282,1,1,24,"bratislavsky kraj, bratislava - dubravka",64
6165,211188,1,0,21,"zahranicie, zahranicie - ostatne",67
6166,211190,1,0,19,"trenciansky kraj, puchov",74
6167,211207,1,0,19,"presovsky kraj, vranov nad toplou",76
6172,211337,1,0,19,"banskobystricky kraj, hnusta",74
6168,211211,1,0,0,"presovsky kraj, humenne",52
6171,211301,1,1,0,"ceska republika, cz - pardubicky kraj",74
6173,211360,1,0,19,"presovsky kraj, stara lubovna",12
6174,211416,1,1,21,"kosicky kraj, roznava",62
6175,211551,1,0,20,"nitriansky kraj, sala",34
6180,211622,1,1,0,"bratislavsky kraj, bratislava - petrzalka",21
6176,211556,1,1,21,"nitriansky kraj, nove zamky",84
6178,211611,1,0,17,"kosicky kraj, michalovce",74
6181,211624,0,1,0,"presovsky kraj, humenne",66
6182,211655,1,1,0,"kosicky kraj, sobrance",74
6184,211685,1,0,17,"zahranicie, zahranicie - gb",31
6185,211687,1,1,0,"ceska republika, cz - ustecky kraj",79
6187,211729,1,1,16,"zahranicie, zahranicie - gb",36
6186,211692,1,1,19,"zahranicie, zahranicie - gb",74
6177,211603,1,1,19,"kosicky kraj, michalovce",71
6188,211732,1,1,18,"zahranicie, zahranicie - gb",83
6194,211816,1,1,15,"presovsky kraj, presov",57
6183,211664,1,0,18,"presovsky kraj, poprad",84
6179,211619,1,1,0,"zahranicie, zahranicie - ostatne",36
6189,211734,1,1,0,"zahranicie, zahranicie - gb",24
6190,211737,1,0,9,"zahranicie, zahranicie - gb",12
6195,211826,1,1,28,"kosicky kraj, trebisov",28
6191,211810,1,1,0,"kosicky kraj, secovce",38
6192,211811,0,0,0,"zahranicie, zahranicie - nemecko",76
6201,211959,1,1,17,"nitriansky kraj, topolcany",64
6193,211815,1,0,0,"presovsky kraj, vranov nad toplou",93
6199,211943,0,0,19,"zahranicie, zahranicie - gb",81
6196,211874,1,1,17,"presovsky kraj, presov",71
6200,211944,1,0,0,"kosicky kraj, michalovce",53
6197,211875,1,1,18,"zahranicie, zahranicie - gb",12
6204,212072,1,0,23,"presovsky kraj, podolinec",28
6208,212086,1,1,18,"presovsky kraj, bardejov",21
6205,212075,1,0,0,"presovsky kraj, vranov nad toplou",69
6202,211965,1,0,0,"banskobystricky kraj, detva",59
6206,212077,1,0,0,"trenciansky kraj, prievidza",12
6209,212090,1,1,18,"kosicky kraj, michalovce",71
6210,212093,1,1,18,"zahranicie, zahranicie - gb",74
6198,211918,1,0,0,"trenciansky kraj, prievidza",78
6211,212153,1,1,20,"zahranicie, zahranicie - gb",16
6216,212281,1,1,0,"kosicky kraj, kosice - okolie",81
6212,212256,1,1,19,"presovsky kraj, vranov nad toplou",55
6203,212007,1,1,16,"banskobystricky kraj, hnusta",67
6207,212084,1,1,0,"trnavsky kraj, galanta",14
6217,212320,1,0,21,"kosicky kraj, kosice - ostatne",64
6219,212373,1,1,0,"zahranicie, zahranicie - ostatne",78
6220,212377,1,1,18,"presovsky kraj, presov",48
6221,212378,1,1,14,"kosicky kraj, secovce",31
6223,212420,1,1,18,"zahranicie, zahranicie - gb",79
6226,212434,1,1,18,"zahranicie, zahranicie - gb",71
6228,212461,1,1,0,"kosicky kraj, michalovce",95
6224,212421,1,1,0,"kosicky kraj, kosice - krasna nad hornadom",31
6222,212380,1,0,17,"presovsky kraj, vranov nad toplou",24
6213,212273,1,1,13,"zahranicie, zahranicie - gb",47
6225,212429,1,1,18,"zahranicie, zahranicie - gb",59
6214,212275,1,0,17,"presovsky kraj, vranov nad toplou",50
6229,212466,1,1,0,"banskobystricky kraj, detva",74
6218,212349,1,0,21,"kosicky kraj, kosice - okolie",55
6230,212467,1,0,0,"presovsky kraj, bardejov",74
6215,212279,1,1,17,"ceska republika, cz - pardubicky kraj",48
6227,212436,0,1,21,"kosicky kraj, kosice - stare mesto",72
6232,212572,1,1,0,"presovsky kraj, giraltovce",21
6234,212687,1,1,20,"banskobystricky kraj, rimavska sobota",62
6233,212651,1,0,17,"banskobystricky kraj, rimavska sobota",53
6231,212488,1,0,18,"banskobystricky kraj, ziar nad hronom",17
6235,212780,1,0,18,"kosicky kraj, roznava",91
6239,212867,1,1,18,"kosicky kraj, michalovce",90
6236,212816,1,1,24,"banskobystricky kraj, krupina",28
6237,212857,0,1,21,"presovsky kraj, snina",72
6238,212859,1,1,0,"zahranicie, zahranicie - gb",83
6242,212928,1,1,0,"presovsky kraj, humenne",38
6243,212930,1,1,0,"banskobystricky kraj, brezno",59
6244,212933,1,1,19,"presovsky kraj, snina",90
6245,212934,1,1,19,"zahranicie, zahranicie - gb",78
6246,212935,1,1,22,"presovsky kraj, bardejov",76
6247,213068,0,1,0,"zahranicie, zahranicie - gb",26
6240,212923,1,1,0,"presovsky kraj, humenne",86
6241,212925,1,1,0,"kosicky kraj, michalovce",88
6249,213092,1,1,24,"ceska republika, cz - ostravsky kraj",66
6250,213152,1,0,17,"banskobystricky kraj, zvolen",76
6253,213242,1,0,0,"nitriansky kraj, nitra",69
6248,213086,1,1,40,"presovsky kraj, poprad",12
6251,213221,1,1,17,"kosicky kraj, spisska nova ves",31
6252,213223,1,1,17,"kosicky kraj, secovce",76
6254,213292,1,1,21,"kosicky kraj, michalovce",84
6255,213422,1,1,18,"ceska republika, cz - jihomoravsky kraj",64
6256,213432,1,1,17,"kosicky kraj, spisska nova ves",71
6257,213460,1,1,15,"trenciansky kraj, handlova",66
6260,213519,1,1,0,"zahranicie, zahranicie - gb",93
6258,213471,1,0,14,"banskobystricky kraj, jelsava",36
6259,213474,1,0,16,"zahranicie, zahranicie - gb",69
6263,213668,1,1,29,"presovsky kraj, stropkov",69
6262,213621,1,1,0,"zahranicie, zahranicie - ostatne",72
6261,213600,1,1,0,"trenciansky kraj, prievidza",66
6264,213722,1,1,18,"bratislavsky kraj, bratislava - ostatne",28
6267,213857,1,0,17,"presovsky kraj, presov",45
6265,213819,1,0,15,"trenciansky kraj, nove mesto nad vahom",74
6266,213854,1,0,18,"presovsky kraj, presov",60
6270,213996,1,0,20,"presovsky kraj, vranov nad toplou",59
6273,214113,1,0,32,"bratislavsky kraj, bratislava - okolie",12
6274,214126,1,1,17,"zahranicie, zahranicie - ostatne",64
6268,213928,0,0,18,"kosicky kraj, spisska nova ves",55
6275,214156,1,1,0,"kosicky kraj, trebisov",48
6272,214105,0,0,28,"kosicky kraj, kosice - ostatne",52
6271,214048,1,1,18,"trenciansky kraj, banovce nad bebravou",76
6269,213930,1,0,15,"presovsky kraj, kezmarok",52
6277,214249,1,1,0,"kosicky kraj, spisska nova ves",93
6278,214255,1,0,23,"kosicky kraj, kosice - stare mesto",53
6276,214243,1,1,22,"presovsky kraj, levoca",57
6279,214308,1,0,25,"trnavsky kraj, senica",38
6281,214341,1,1,16,"presovsky kraj, sabinov",57
6282,214377,1,1,26,"presovsky kraj, bardejov",83
6284,214509,1,1,15,"presovsky kraj, sabinov",76
6283,214440,1,0,0,"trenciansky kraj, dubnica nad vahom",48
6280,214328,1,1,18,"trenciansky kraj, banovce nad bebravou",78
6285,214639,1,1,36,"bratislavsky kraj, bratislava - ostatne",12
6286,214646,1,1,15,"zahranicie, zahranicie - ostatne",90
6289,214728,1,0,16,"bratislavsky kraj, bratislava - devinska nova ves",26
6290,214732,1,0,16,"zahranicie, zahranicie - usa",74
6291,214876,1,1,16,"presovsky kraj, vranov nad toplou",21
6288,214725,1,1,25,"bratislavsky kraj, bratislava - okolie",78
6292,214939,1,1,22,"presovsky kraj, vranov nad toplou",74
6293,214975,1,0,17,"banskobystricky kraj, lucenec",86
6287,214694,1,0,0,"banskobystricky kraj, banska bystrica",17
6294,214977,1,0,0,"zahranicie, zahranicie - gb",14
6296,215042,1,1,19,"kosicky kraj, spisska nova ves",71
6297,215076,1,1,22,"presovsky kraj, vranov nad toplou",50
6298,215118,1,0,20,"banskobystricky kraj, hrinova",69
6299,215147,1,0,0,"zahranicie, zahranicie - francuzsko",43
6300,215165,1,0,19,"zilinsky kraj, ruzomberok",76
6295,215039,1,0,0,"banskobystricky kraj, lucenec",71
6301,215283,1,0,0,"banskobystricky kraj, hrinova",60
6302,215314,1,1,24,"trnavsky kraj, skalica",71
6304,215359,1,0,0,"banskobystricky kraj, zvolen",48
6305,215375,1,1,0,"trenciansky kraj, myjava",59
6303,215348,1,1,19,"presovsky kraj, presov",78
6306,215489,1,0,18,"bratislavsky kraj, modra",52
6309,215596,1,0,0,"presovsky kraj, sabinov",14
6308,215591,1,0,24,"presovsky kraj, stara lubovna",12
6311,215650,1,0,0,"banskobystricky kraj, zvolen",83
6310,215602,1,1,40,"bratislavsky kraj, bratislava - devinska nova ves",12
6313,215691,1,1,20,"kosicky kraj, kosice - krasna nad hornadom",60
6307,215516,1,0,17,"bratislavsky kraj, bratislava - okolie",60
6312,215669,1,0,19,"bratislavsky kraj, bratislava - ostatne",83
6314,215750,1,1,28,"kosicky kraj, michalovce",12
6315,215787,1,0,20,"presovsky kraj, stara lubovna",60
6317,215947,1,0,19,"banskobystricky kraj, zvolen",74
6316,215862,1,0,24,"presovsky kraj, poprad",84
6318,215982,1,0,0,"presovsky kraj, vranov nad toplou",12
6319,216099,1,0,0,"nitriansky kraj, zlate moravce",91
6320,216153,1,1,0,"presovsky kraj, humenne",74
6321,216256,1,1,23,"presovsky kraj, humenne",12
6322,216313,1,1,21,"nitriansky kraj, vrable",24
6323,216340,1,1,21,"zahranicie, zahranicie - rakusko",17
6325,216651,1,0,0,"presovsky kraj, spisska bela",12
6326,216658,1,1,20,"nitriansky kraj, vrable",64
6324,216419,1,1,19,"trenciansky kraj, povazska bystrica",81
6328,216712,1,1,0,"nitriansky kraj, nitra",71
6329,216819,1,1,0,"presovsky kraj, stara lubovna",12
6327,216688,1,0,22,"trenciansky kraj, partizanske",28
6332,217007,1,1,0,"presovsky kraj, presov",71
6330,216944,1,0,0,"trnavsky kraj, piestany",76
6333,217083,0,1,0,"zahranicie, zahranicie - gb",79
6331,216982,1,1,21,"presovsky kraj, stara lubovna",84
6334,217111,1,1,17,"presovsky kraj, presov",60
6336,217190,1,0,17,"banskobystricky kraj, detva",62
6335,217125,1,0,20,"presovsky kraj, vranov nad toplou",67
6339,217286,1,0,19,"presovsky kraj, stara lubovna",66
6337,217212,1,1,0,"zahranicie, zahranicie - gb",21
6341,217456,1,0,20,"trenciansky kraj, partizanske",48
6338,217256,1,1,18,"zilinsky kraj, namestovo",14
6342,217467,1,1,13,"banskobystricky kraj, filakovo",24
6343,217508,1,1,22,"trenciansky kraj, prievidza",79
6340,217395,1,0,17,"zahranicie, zahranicie - ostatne",72
6344,217638,1,0,23,"trenciansky kraj, prievidza",72
6345,217743,1,1,20,"nitriansky kraj, topolcany",69
6346,217850,1,0,19,"nitriansky kraj, zlate moravce",16
6347,217910,1,1,17,"kosicky kraj, kosice - zapad",21
6348,217911,1,0,15,"zilinsky kraj, namestovo",98
6350,218020,1,0,20,"presovsky kraj, vranov nad toplou",72
6351,218071,1,0,20,"trenciansky kraj, novaky",14
6352,218072,1,0,0,"zahranicie, zahranicie - ostatne",40
6349,217961,1,0,20,"nitriansky kraj, vrable",48
6354,218285,1,1,21,"zahranicie, zahranicie - usa",72
6355,218291,1,1,22,"nitriansky kraj, vrable",81
6353,218182,1,1,22,"bratislavsky kraj, bratislava - devinska nova ves",71
6356,218321,1,1,21,"nitriansky kraj, nove zamky",67
6357,218364,1,1,25,"presovsky kraj, levoca",29
6359,218391,1,0,18,"banskobystricky kraj, banska bystrica",19
6358,218381,1,1,22,"nitriansky kraj, zeliezovce",69
6360,218396,1,0,22,"bratislavsky kraj, bratislava - podunaj. biskupice",33
6363,218597,1,1,19,"nitriansky kraj, nove zamky",26
6362,218576,1,0,21,"presovsky kraj, giraltovce",69
6361,218543,1,1,0,"nitriansky kraj, sahy",48
6365,218737,0,0,0,"trnavsky kraj, trnava",71
6364,218697,1,1,0,"presovsky kraj, levoca",81
6366,219109,1,1,26,"kosicky kraj, sobrance",66
6367,219161,1,0,21,"zilinsky kraj, martin",69
6368,219257,1,1,0,"presovsky kraj, presov",66
6369,219263,1,1,19,"zahranicie, zahranicie - gb",84
6370,219474,1,0,26,"zilinsky kraj, martin",57
6372,219617,1,1,18,"zahranicie, zahranicie - nemecko",36
6374,219632,1,1,25,"presovsky kraj, presov",71
6373,219629,1,1,25,"kosicky kraj, moldava nad bodvou",67
6371,219583,0,0,18,"trenciansky kraj, prievidza",60
6378,219772,1,0,20,"nitriansky kraj, nove zamky",50
6376,219700,1,1,0,"zahranicie, zahranicie - ostatne",72
6375,219674,1,1,19,"nitriansky kraj, topolcany",62
6379,219872,1,1,18,"nitriansky kraj, zeliezovce",60
6380,219892,1,1,0,"kosicky kraj, trebisov",88
6381,219935,0,0,18,"kosicky kraj, kosice - dargovskych hrdinov",76
6377,219759,1,0,18,"presovsky kraj, sabinov",29
6382,219982,1,0,23,"presovsky kraj, sabinov",45
6383,219985,1,1,29,"trnavsky kraj, piestany",55
6384,219989,1,0,24,"trenciansky kraj, prievidza",76
6386,220061,1,1,19,"kosicky kraj, kosice - okolie",67
6388,220172,1,0,0,"banskobystricky kraj, sliac",74
6387,220166,0,1,0,"kosicky kraj, kosice - ostatne",21
6385,220002,1,1,26,"nitriansky kraj, levice",81
6389,220294,1,1,27,"zahranicie, zahranicie - gb",64
6391,220415,1,1,19,"zilinsky kraj, trstena",67
6392,220458,1,1,23,"trenciansky kraj, dubnica nad vahom",14
6390,220331,1,0,20,"trenciansky kraj, puchov",64
6393,220487,1,0,21,"presovsky kraj, presov",60
6395,220744,1,0,16,"nitriansky kraj, nitra",90
6394,220619,1,0,12,"trenciansky kraj, nove mesto nad vahom",79
6396,220778,1,0,20,"trenciansky kraj, handlova",93
6397,220800,1,1,22,"presovsky kraj, presov",79
6398,220886,1,0,0,"zilinsky kraj, martin",14
6400,221201,1,1,23,"nitriansky kraj, levice",66
6399,221171,1,0,16,"zilinsky kraj, vrutky",72
6401,221280,0,1,0,"nitriansky kraj, komarno",19
6403,221601,1,1,21,"presovsky kraj, vranov nad toplou",41
6402,221570,1,0,19,"kosicky kraj, kosice - sidlisko tahanovce",59
6406,221645,1,1,0,"kosicky kraj, kosice - stare mesto",50
6408,221675,1,0,17,"ceska republika, cz - ostravsky kraj",71
6405,221633,1,0,0,"trenciansky kraj, povazska bystrica",64
6404,221607,1,0,0,"presovsky kraj, vranov nad toplou",66
6409,221807,1,0,19,"trenciansky kraj, nove mesto nad vahom",74
6407,221666,1,1,22,"presovsky kraj, vranov nad toplou",64
6410,221885,1,1,0,"zilinsky kraj, zilina",19
6413,221965,1,0,0,"nitriansky kraj, sala",57
6414,222022,0,1,0,"trnavsky kraj, trnava",29
6411,221933,1,0,0,"presovsky kraj, kezmarok",31
6412,221934,1,0,0,"zahranicie, zahranicie - gb",22
6415,222180,1,1,29,"banskobystricky kraj, detva",69
6416,222217,0,1,21,"nitriansky kraj, komarno",67
6417,222327,1,0,17,"presovsky kraj, poprad",59
6418,222328,1,1,16,"presovsky kraj, lipany",79
6421,222492,1,1,0,"trnavsky kraj, galanta",52
6420,222458,1,1,18,"presovsky kraj, poprad",47
6419,222443,1,0,18,"ceska republika, cz - ustecky kraj",21
6422,222618,1,1,16,"nitriansky kraj, nove zamky",90
6425,222696,1,1,0,"bratislavsky kraj, bratislava - ostatne",22
6423,222629,1,1,17,"nitriansky kraj, nitra",71
6426,222722,1,1,33,"bratislavsky kraj, bratislava - okolie",12
6424,222655,1,1,0,"banskobystricky kraj, lucenec",16
6428,222760,0,0,0,"zahranicie, zahranicie - australia",12
6427,222734,1,0,16,"trnavsky kraj, holic",12
6430,223028,1,0,0,"trenciansky kraj, partizanske",41
6429,222989,1,0,18,"trenciansky kraj, nove mesto nad vahom",62
6431,223044,1,0,0,"zilinsky kraj, turcianske teplice",62
6433,223217,1,0,0,"nitriansky kraj, surany",74
6434,223234,1,1,0,"nitriansky kraj, nitra",67
6435,223256,1,0,28,"zahranicie, zahranicie - ostatne",45
6436,223376,1,0,0,"kosicky kraj, kralovsky chlmec",47
6432,223215,1,1,22,"kosicky kraj, kosice - juh",67
6440,223607,1,0,20,"presovsky kraj, presov",71
6437,223437,1,0,0,"nitriansky kraj, kolarovo",74
6438,223519,1,0,0,"trnavsky kraj, dunajska streda",12
6442,223637,1,1,21,"nitriansky kraj, nove zamky",74
6441,223626,1,1,18,"kosicky kraj, gelnica",83
6439,223523,1,1,19,"nitriansky kraj, nove zamky",64
6446,223698,1,1,24,"presovsky kraj, bardejov",21
6449,223741,1,0,0,"nitriansky kraj, komarno",76
6450,223742,1,0,17,"nitriansky kraj, komarno",12
6451,223746,1,1,18,"zahranicie, zahranicie - australia",52
6452,223788,1,0,20,"trnavsky kraj, senica",48
6443,223675,1,1,0,"presovsky kraj, svidnik",16
6445,223686,1,0,0,"bratislavsky kraj, malacky",72
6444,223678,1,1,21,"trnavsky kraj, senica",19
6453,223804,1,0,29,"kosicky kraj, kosice - ostatne",21
6448,223716,1,0,18,"presovsky kraj, podolinec",78
6447,223709,1,1,21,"kosicky kraj, moldava nad bodvou",67
6454,223827,1,0,16,"banskobystricky kraj, rimavska sobota",90
6458,223924,1,1,19,"nitriansky kraj, nove zamky",16
6461,223937,1,0,15,"trenciansky kraj, nove mesto nad vahom",88
6459,223929,1,0,0,"nitriansky kraj, kolarovo",57
6457,223912,1,0,21,"zahranicie, zahranicie - ostatne",74
6460,223930,1,1,19,"nitriansky kraj, nove zamky",53
6465,224028,1,1,20,"nitriansky kraj, nove zamky",72
6468,224088,1,1,0,"nitriansky kraj, nove zamky",69
6466,224033,1,1,0,"nitriansky kraj, nove zamky",60
6467,224048,1,0,16,"banskobystricky kraj, rimavska sobota",59
6462,223991,1,0,17,"presovsky kraj, presov",62
6455,223884,1,0,0,"trnavsky kraj, galanta",17
6463,223993,0,0,0,"nitriansky kraj, sala",62
6456,223887,1,0,18,"nitriansky kraj, nove zamky",69
6464,224023,1,1,21,"nitriansky kraj, nove zamky",69
6469,224092,0,1,0,"nitriansky kraj, sala",69
6470,224095,1,1,20,"nitriansky kraj, nove zamky",71
6471,224097,1,1,18,"nitriansky kraj, nove zamky",60
6472,224242,0,1,19,"kosicky kraj, kosice - sidlisko tahanovce",91
6473,224246,1,0,0,"kosicky kraj, kosice - juh",33
6474,224449,1,1,19,"zahranicie, zahranicie - gb",78
6475,224454,1,0,14,"kosicky kraj, kosice - sever",71
6479,224538,1,1,15,"kosicky kraj, kosice - okolie",76
6478,224523,1,0,16,"kosicky kraj, kosice - sidlisko tahanovce",83
6476,224487,0,0,19,"kosicky kraj, kosice - zapad",60
6484,224611,1,0,19,"zahranicie, zahranicie - gb",69
6482,224598,1,0,19,"kosicky kraj, kosice - zapad",76
6486,224627,1,1,18,"presovsky kraj, presov",93
6487,224628,1,1,17,"kosicky kraj, kosice - okolie",83
6480,224559,1,0,14,"presovsky kraj, presov",93
6477,224514,1,1,20,"banskobystricky kraj, banska bystrica",21
6485,224620,1,0,18,"presovsky kraj, presov",84
6481,224579,1,1,20,"presovsky kraj, bardejov",71
6483,224604,1,1,0,"zahranicie, zahranicie - gb",97
6488,224655,1,1,17,"nitriansky kraj, nitra",74
6489,224673,0,0,0,"zahranicie, zahranicie - gb",98
6492,224794,1,0,0,"nitriansky kraj, komarno",67
6493,224809,1,1,21,"trnavsky kraj, senica",21
6490,224700,1,1,20,"presovsky kraj, giraltovce",12
6496,224836,1,0,20,"nitriansky kraj, nove zamky",62
6499,224851,0,0,19,"zahranicie, zahranicie - gb",93
6497,224837,1,1,17,"nitriansky kraj, nove zamky",79
6498,224840,1,0,18,"nitriansky kraj, sala",12
6491,224737,1,0,0,"presovsky kraj, poprad",71
6502,224896,1,1,0,"bratislavsky kraj, bratislava - petrzalka",86
6500,224873,1,1,20,"nitriansky kraj, nove zamky",53
6501,224886,1,0,20,"ceska republika, cz - ostravsky kraj",74
6495,224828,1,0,0,"nitriansky kraj, nove zamky",52
6494,224820,1,1,21,"nitriansky kraj, vrable",60
6504,225005,1,1,22,"trnavsky kraj, senica",66
6505,225019,1,0,20,"kosicky kraj, kosice - zapad",60
6508,225033,1,1,18,"kosicky kraj, kosice - stare mesto",12
6506,225020,1,0,19,"kosicky kraj, kosice - sidlisko tahanovce",71
6510,225049,1,1,0,"zahranicie, zahranicie - gb",67
6507,225030,1,1,20,"kosicky kraj, kosice - krasna nad hornadom",67
6511,225055,1,0,0,"kosicky kraj, kralovsky chlmec",50
6503,224995,1,0,13,"presovsky kraj, bardejov",98
6515,225123,1,0,19,"kosicky kraj, kosice - zapad",12
6521,225196,1,1,25,"kosicky kraj, kosice - zapad",17
6509,225043,1,0,19,"presovsky kraj, vranov nad toplou",90
6512,225068,1,1,19,"kosicky kraj, kosice - zapad",16
6519,225186,0,0,18,"nitriansky kraj, nove zamky",72
6530,225286,1,0,21,"kosicky kraj, kralovsky chlmec",74
6525,225249,1,0,18,"kosicky kraj, kosice - sidlisko tahanovce",24
6531,225287,1,0,19,"presovsky kraj, svidnik",98
6516,225175,0,0,19,"trnavsky kraj, dunajska streda",74
6520,225193,1,1,19,"kosicky kraj, kosice - zapad",57
6517,225176,1,0,0,"trnavsky kraj, dunajska streda",22
6522,225199,1,1,22,"zahranicie, zahranicie - usa",19
6513,225070,1,1,22,"zahranicie, zahranicie - usa",14
6518,225178,1,0,0,"nitriansky kraj, nove zamky",79
6514,225073,1,1,20,"presovsky kraj, stara lubovna",72
6532,225331,1,1,17,"zahranicie, zahranicie - gb",24
6523,225204,1,1,37,"kosicky kraj, kosice - dargovskych hrdinov",36
6524,225205,1,0,18,"presovsky kraj, humenne",83
6526,225255,1,0,18,"kosicky kraj, kosice - zapad",62
6527,225275,1,0,0,"banskobystricky kraj, banska bystrica",66
6528,225276,1,0,0,"trnavsky kraj, galanta",45
6529,225279,1,0,17,"nitriansky kraj, komarno",59
6533,225396,1,1,19,"kosicky kraj, michalovce",71
6534,225451,1,1,19,"kosicky kraj, kosice - okolie",43
6535,225469,1,0,0,"nitriansky kraj, vrable",74
6536,225470,1,0,21,"kosicky kraj, kosice - sidlisko tahanovce",16
6537,225490,1,0,0,"zahranicie, zahranicie - usa",52
6538,225621,1,1,22,"trnavsky kraj, senica",12
6540,225744,1,1,21,"kosicky kraj, kosice - sever",78
6541,225783,1,0,0,"kosicky kraj, kosice - krasna nad hornadom",28
6539,225690,1,0,0,"kosicky kraj, kosice - zapad",72
6543,225993,1,0,16,"presovsky kraj, sabinov",69
6546,226036,1,1,0,"zahranicie, zahranicie - ostatne",22
6542,225879,1,0,0,"bratislavsky kraj, malacky",86
6544,226017,1,1,0,"trnavsky kraj, piestany",62
6545,226026,1,0,18,"zahranicie, zahranicie - francuzsko",12
6547,226126,0,1,0,"nitriansky kraj, nitra",16
6549,226157,1,0,0,"nitriansky kraj, komarno",83
6548,226155,1,0,21,"ceska republika, cz - plzensky kraj",74
6550,226208,1,0,17,"zilinsky kraj, trstena",78
6552,226266,1,0,16,"zilinsky kraj, namestovo",52
6551,226215,1,0,21,"bratislavsky kraj, bratislava - petrzalka",69
6554,226373,1,1,17,"zilinsky kraj, namestovo",90
6553,226287,1,0,20,"presovsky kraj, vranov nad toplou",57
6555,226548,1,0,0,"banskobystricky kraj, sliac",57
6558,226696,1,1,19,"trnavsky kraj, gbely",21
6557,226626,1,1,0,"nitriansky kraj, sturovo",59
6556,226602,1,0,19,"trenciansky kraj, povazska bystrica",12
6559,226786,1,0,16,"banskobystricky kraj, brezno",71
6562,226816,1,0,0,"banskobystricky kraj, filakovo",38
6564,226952,1,0,13,"ceska republika, cz - praha",84
6563,226844,1,1,24,"trnavsky kraj, senica",16
6560,226799,1,0,18,"trnavsky kraj, senica",71
6565,227043,1,0,19,"presovsky kraj, kezmarok",69
6561,226809,1,1,18,"trnavsky kraj, senica",17
6566,227074,1,0,19,"trenciansky kraj, nova dubnica",14
6567,227168,0,0,0,"presovsky kraj, kezmarok",53
6570,227276,1,0,15,"nitriansky kraj, levice",76
6571,227417,1,0,21,"nitriansky kraj, levice",69
6569,227264,1,0,0,"trenciansky kraj, prievidza",100
6572,227492,1,0,20,"nitriansky kraj, levice",69
6568,227205,1,1,22,"nitriansky kraj, levice",76
6573,227599,1,0,20,"trnavsky kraj, gbely",74
6574,227702,1,0,0,"zahranicie, zahranicie - ostatne",43
6575,227761,1,1,18,"zilinsky kraj, namestovo",52
6577,227849,1,0,17,"zilinsky kraj, namestovo",19
6576,227812,1,1,0,"zilinsky kraj, namestovo",31
6578,227957,1,0,13,"zahranicie, zahranicie - kanada",60
6579,227996,1,1,0,"trnavsky kraj, galanta",66
6580,228051,1,0,21,"trenciansky kraj, nova dubnica",57
6581,228080,1,1,0,"nitriansky kraj, levice",64
6583,228244,1,0,22,"banskobystricky kraj, velky krtis",79
6584,228272,1,1,25,"nitriansky kraj, levice",72
6585,228289,1,0,14,"nitriansky kraj, nove zamky",79
6582,228150,1,0,14,"zilinsky kraj, namestovo",98
6586,228320,0,1,18,"kosicky kraj, spisska nova ves",55
6587,228370,1,1,17,"zilinsky kraj, namestovo",31
6590,228503,1,0,0,"kosicky kraj, roznava",67
6588,228488,1,1,0,"zilinsky kraj, namestovo",86
6593,228663,1,1,20,"kosicky kraj, medzev",84
6591,228598,1,1,0,"bratislavsky kraj, bratislava - stare mesto",16
6592,228608,1,0,0,"kosicky kraj, kosice - okolie",69
6589,228493,1,0,15,"nitriansky kraj, vrable",55
6594,228767,1,0,18,"zilinsky kraj, dolny kubin",91
6595,228821,1,0,20,"trenciansky kraj, trencin",41
6598,228921,1,0,17,"trenciansky kraj, partizanske",90
6596,228853,1,0,0,"zahranicie, zahranicie - ostatne",14
6602,229066,1,1,20,"trnavsky kraj, senica",60
6599,228971,1,1,18,"nitriansky kraj, nitra",69
6600,228983,1,0,0,"nitriansky kraj, nitra",90
6601,229062,1,1,20,"trnavsky kraj, senica",29
6597,228870,1,1,21,"nitriansky kraj, topolcany",59
6603,229108,1,1,0,"nitriansky kraj, surany",91
6604,229239,0,1,0,"trnavsky kraj, trnava",55
6606,229411,1,0,19,"presovsky kraj, vranov nad toplou",59
6605,229378,1,0,19,"presovsky kraj, stropkov",71
6607,229503,1,0,18,"presovsky kraj, vranov nad toplou",17
6608,229550,1,1,19,"trenciansky kraj, novaky",71
6611,229790,1,1,21,"kosicky kraj, spisska nova ves",64
6609,229603,1,0,17,"presovsky kraj, vranov nad toplou",71
6613,229855,1,0,21,"zahranicie, zahranicie - gb",67
6614,229872,1,0,17,"presovsky kraj, presov",57
6610,229765,1,1,18,"trenciansky kraj, prievidza",16
6612,229823,1,0,20,"banskobystricky kraj, lucenec",60
6620,230005,1,1,20,"banskobystricky kraj, rimavska sobota",71
6615,229917,1,0,30,"banskobystricky kraj, poltar",72
6616,229931,1,0,0,"presovsky kraj, presov",55
6617,229946,1,1,21,"zahranicie, zahranicie - rakusko",62
6623,230118,1,1,16,"kosicky kraj, kosice - okolie",72
6625,230135,1,0,18,"presovsky kraj, vranov nad toplou",86
6622,230096,1,1,14,"presovsky kraj, presov",62
6618,229975,1,1,20,"presovsky kraj, sabinov",16
6628,230221,1,1,19,"presovsky kraj, bardejov",88
6629,230225,1,0,19,"banskobystricky kraj, rimavska sobota",67
6619,229980,1,1,0,"banskobystricky kraj, lucenec",74
6621,230076,1,1,21,"presovsky kraj, poprad",71
6630,230254,1,1,14,"kosicky kraj, spisske vlachy",40
6624,230130,1,1,0,"kosicky kraj, trebisov",66
6631,230290,1,1,18,"trenciansky kraj, puchov",55
6626,230213,1,1,22,"banskobystricky kraj, filakovo",40
6632,230294,1,1,22,"kosicky kraj, velke kapusany",12
6627,230217,1,1,21,"presovsky kraj, bardejov",81
6637,230477,1,0,0,"banskobystricky kraj, filakovo",50
6633,230324,1,0,16,"presovsky kraj, poprad",71
6638,230480,1,1,19,"kosicky kraj, michalovce",72
6635,230410,1,0,0,"trenciansky kraj, puchov",16
6636,230474,1,1,23,"zilinsky kraj, liptovsky mikulas",81
6634,230398,1,1,23,"trnavsky kraj, dunajska streda",78
6639,230582,1,1,38,"zilinsky kraj, zilina",67
6640,230706,1,0,19,"trenciansky kraj, prievidza",71
6642,230807,1,0,16,"presovsky kraj, vranov nad toplou",31
6641,230805,1,0,18,"presovsky kraj, humenne",67
6643,231044,1,0,18,"presovsky kraj, vranov nad toplou",71
6644,231250,1,0,15,"presovsky kraj, svidnik",81
6645,231372,1,1,20,"nitriansky kraj, komarno",69
6646,231373,1,0,18,"presovsky kraj, presov",84
6647,231752,1,1,24,"nitriansky kraj, sala",76
6648,231786,1,1,0,"nitriansky kraj, nitra",67
6650,232069,0,0,19,"kosicky kraj, michalovce",72
6652,232161,1,0,0,"presovsky kraj, stara lubovna",66
6649,232034,1,0,26,"zahranicie, zahranicie - ostatne",64
6651,232153,1,0,19,"zilinsky kraj, martin",24
6653,232323,1,0,19,"banskobystricky kraj, lucenec",86
6657,232370,0,1,19,"nitriansky kraj, sahy",71
6654,232330,0,1,18,"banskobystricky kraj, zvolen",84
6658,232444,1,1,22,"nitriansky kraj, levice",59
6655,232337,1,1,0,"nitriansky kraj, nitra",52
6656,232339,1,1,23,"nitriansky kraj, vrable",38
6659,232453,1,1,0,"presovsky kraj, poprad",21
6664,232756,1,1,21,"bratislavsky kraj, bratislava - karlova ves",12
6665,232757,1,0,18,"nitriansky kraj, zeliezovce",72
6661,232603,1,0,21,"zilinsky kraj, trstena",22
6662,232646,1,1,29,"kosicky kraj, kosice - stare mesto",79
6660,232588,1,1,23,"banskobystricky kraj, tornala",69
6666,232866,1,1,17,"banskobystricky kraj, rimavska sobota",14
6663,232709,1,1,19,"nitriansky kraj, zeliezovce",41
6667,232915,1,0,0,"banskobystricky kraj, velky krtis",17
6668,232919,1,1,22,"trenciansky kraj, prievidza",12
6670,233041,1,0,17,"presovsky kraj, presov",59
6669,233031,1,0,0,"presovsky kraj, lipany",53
6672,233165,1,1,23,"zilinsky kraj, martin",38
6671,233067,1,1,0,"trnavsky kraj, senica",31
6673,233225,1,1,20,"trenciansky kraj, trencin",69
6674,233284,1,0,21,"zilinsky kraj, ruzomberok",60
6677,233345,1,0,24,"nitriansky kraj, nitra",60
6676,233339,1,1,20,"nitriansky kraj, levice",67
6675,233321,1,1,17,"nitriansky kraj, topolcany",66
6681,233492,1,0,19,"banskobystricky kraj, velky krtis",86
6678,233464,1,0,0,"trnavsky kraj, galanta",59
6683,233574,1,0,17,"trnavsky kraj, trnava",71
6684,233576,1,1,18,"banskobystricky kraj, velky krtis",84
6679,233469,1,1,0,"presovsky kraj, presov",72
6680,233470,1,1,19,"zahranicie, zahranicie - nemecko",66
6685,233613,1,0,20,"trenciansky kraj, trencin",69
6682,233535,1,0,18,"zilinsky kraj, namestovo",81
6686,233615,1,1,20,"trenciansky kraj, trencin",64
6687,233742,1,0,18,"banskobystricky kraj, velky krtis",86
6688,233783,1,1,22,"trenciansky kraj, trencin",60
6690,233894,1,1,19,"nitriansky kraj, levice",83
6691,233977,1,0,22,"nitriansky kraj, vrable",38
6689,233820,1,1,0,"zahranicie, zahranicie - ostatne",12
6692,234020,1,1,17,"banskobystricky kraj, filakovo",12
6695,234444,1,1,0,"kosicky kraj, gelnica",71
6696,234497,1,0,23,"presovsky kraj, humenne",95
6694,234326,1,0,18,"kosicky kraj, spisska nova ves",28
6697,234500,1,0,0,"kosicky kraj, spisska nova ves",60
6698,234516,1,1,0,"kosicky kraj, roznava",95
6699,234517,1,1,21,"nitriansky kraj, nove zamky",78
6700,234543,1,0,0,"banskobystricky kraj, banska bystrica",34
6693,234312,1,0,20,"trenciansky kraj, trencin",72
6701,234647,1,0,0,"presovsky kraj, presov",21
6702,234683,1,0,20,"zilinsky kraj, namestovo",59
6706,234768,1,1,20,"nitriansky kraj, zlate moravce",74
6705,234712,1,1,18,"trnavsky kraj, senica",71
6703,234689,1,1,0,"trnavsky kraj, galanta",17
6707,234778,1,0,12,"zilinsky kraj, zilina",12
6704,234702,1,0,19,"zilinsky kraj, ruzomberok",95
6710,234920,0,1,0,"zilinsky kraj, namestovo",98
6708,234890,1,0,0,"zahranicie, zahranicie - ostatne",33
6709,234898,1,0,18,"nitriansky kraj, nitra",16
6711,234959,1,1,19,"trenciansky kraj, povazska bystrica",67
6712,235073,1,0,16,"kosicky kraj, kosice - barca",33
6714,235156,1,1,21,"zilinsky kraj, ruzomberok",60
6713,235107,1,1,24,"presovsky kraj, presov",69
6715,235159,1,0,22,"banskobystricky kraj, detva",79
6716,235177,1,0,19,"zilinsky kraj, liptovsky mikulas",76
6717,235324,0,1,0,"zilinsky kraj, martin",14
6718,235359,1,1,0,"trenciansky kraj, trencin",71
6720,235621,1,0,22,"nitriansky kraj, surany",78
6719,235599,1,1,18,"presovsky kraj, presov",59
6721,236210,1,1,19,"zahranicie, zahranicie - ostatne",64
6723,236401,1,0,19,"trenciansky kraj, povazska bystrica",69
6722,236332,1,1,22,"trenciansky kraj, prievidza",14
6726,236531,1,1,28,"banskobystricky kraj, lucenec",57
6725,236519,1,1,0,"banskobystricky kraj, rimavska sobota",12
6724,236490,1,0,22,"trenciansky kraj, prievidza",26
6728,236719,1,0,23,"trnavsky kraj, senica",71
6730,236838,1,0,0,"kosicky kraj, michalovce",16
6727,236638,1,0,0,"kosicky kraj, kosice - zapad",12
6729,236835,1,0,18,"banskobystricky kraj, rimavska sobota",74
6731,237005,1,0,18,"zilinsky kraj, ruzomberok",67
6733,237047,1,0,19,"kosicky kraj, michalovce",33
6734,237051,1,0,0,"kosicky kraj, michalovce",29
6735,237081,0,0,18,"bratislavsky kraj, bratislava - okolie",72
6736,237084,1,1,20,"kosicky kraj, michalovce",57
6737,237100,1,0,0,"kosicky kraj, michalovce",69
6738,237118,1,0,25,"bratislavsky kraj, malacky",62
6732,237045,1,0,0,"kosicky kraj, michalovce",55
6739,237236,1,1,19,"kosicky kraj, michalovce",79
6740,237362,1,0,17,"bratislavsky kraj, malacky",86
6741,237391,1,1,19,"zilinsky kraj, martin",31
6742,237408,1,1,22,"nitriansky kraj, levice",67
6743,237447,1,1,0,"trnavsky kraj, trnava",12
6744,237474,1,1,0,"trnavsky kraj, senica",78
6749,237646,1,1,0,"banskobystricky kraj, filakovo",22
6747,237635,1,1,0,"banskobystricky kraj, filakovo",14
6745,237592,1,0,16,"nitriansky kraj, nove zamky",86
6750,237676,1,1,0,"trenciansky kraj, novaky",62
6746,237595,1,0,15,"nitriansky kraj, zeliezovce",69
6748,237643,1,0,16,"banskobystricky kraj, filakovo",69
6755,237828,1,0,21,"trenciansky kraj, partizanske",67
6756,237871,1,1,18,"nitriansky kraj, topolcany",67
6751,237684,1,1,24,"nitriansky kraj, topolcany",19
6752,237686,1,0,18,"zilinsky kraj, martin",60
6753,237757,1,0,0,"trenciansky kraj, prievidza",69
6754,237802,1,0,17,"presovsky kraj, presov",98
6757,238042,1,1,23,"nitriansky kraj, levice",66
6759,238113,1,0,18,"nitriansky kraj, levice",71
6758,238092,1,1,19,"banskobystricky kraj, rimavska sobota",12
6763,238231,0,0,0,"banskobystricky kraj, rimavska sobota",48
6765,238262,1,0,16,"banskobystricky kraj, rimavska sobota",60
6764,238237,1,0,18,"trnavsky kraj, senica",55
6760,238125,1,1,18,"bratislavsky kraj, malacky",74
6761,238191,0,0,18,"trnavsky kraj, senica",16
6762,238229,1,0,16,"banskobystricky kraj, rimavska sobota",62
6768,238471,1,1,0,"banskobystricky kraj, rimavska sobota",81
6766,238430,1,1,0,"kosicky kraj, michalovce",78
6767,238431,1,1,23,"banskobystricky kraj, rimavska sobota",57
6769,238508,1,1,25,"nitriansky kraj, levice",66
6770,238554,1,0,22,"trenciansky kraj, prievidza",81
6771,238629,1,1,20,"zahranicie, zahranicie - ostatne",69
6773,238711,1,1,18,"trnavsky kraj, senica",64
6772,238706,0,0,22,"banskobystricky kraj, rimavska sobota",48
6776,238981,0,1,21,"presovsky kraj, kezmarok",66
6774,238858,1,1,0,"presovsky kraj, vranov nad toplou",88
6775,238967,1,1,0,"presovsky kraj, vranov nad toplou",91
6777,239090,1,1,20,"presovsky kraj, svidnik",83
6778,239166,1,1,20,"trnavsky kraj, trnava",26
6779,239223,1,1,0,"zahranicie, zahranicie - gb",41
6780,239267,1,0,16,"presovsky kraj, kezmarok",90
6782,239312,1,1,21,"ceska republika, cz - liberecky kraj",28
6783,239314,1,1,22,"zahranicie, zahranicie - ostatne",22
6781,239291,1,1,22,"nitriansky kraj, levice",67
6785,239478,1,1,19,"trenciansky kraj, povazska bystrica",78
6787,239538,1,1,16,"bratislavsky kraj, bratislava - ruzinov",14
6786,239486,1,1,0,"trnavsky kraj, holic",72
6788,239566,1,0,0,"banskobystricky kraj, filakovo",79
6784,239366,0,1,0,"trenciansky kraj, prievidza",72
6789,239585,1,1,24,"trnavsky kraj, galanta",69
6790,239655,1,1,25,"banskobystricky kraj, banska bystrica",12
6793,239798,1,1,18,"trenciansky kraj, nove mesto nad vahom",43
6796,239881,1,0,0,"trnavsky kraj, dunajska streda",17
6794,239858,0,0,0,"kosicky kraj, kosice - okolie",95
6791,239675,1,0,0,"banskobystricky kraj, filakovo",16
6795,239863,1,1,0,"kosicky kraj, kosice - okolie",16
6797,239892,1,1,0,"trnavsky kraj, dunajska streda",14
6792,239681,1,1,24,"trnavsky kraj, piestany",66
6800,240056,1,0,21,"nitriansky kraj, nove zamky",22
6798,239995,1,1,20,"kosicky kraj, sobrance",88
6799,239996,1,1,20,"presovsky kraj, vranov nad toplou",90
6803,240127,1,1,19,"kosicky kraj, spisske vlachy",16
6802,240101,0,1,18,"zahranicie, zahranicie - gb",76
6804,240176,1,1,21,"zahranicie, zahranicie - gb",69
6805,240177,1,1,21,"zahranicie, zahranicie - francuzsko",71
6801,240088,1,1,24,"trenciansky kraj, nove mesto nad vahom",66
6807,240407,1,1,18,"trnavsky kraj, senica",74
6808,240409,1,0,17,"bratislavsky kraj, bratislava - dubravka",83
6806,240209,1,0,0,"trenciansky kraj, novaky",19
6809,240440,1,0,0,"trnavsky kraj, senica",28
6810,240443,1,0,0,"trnavsky kraj, skalica",21
6811,240501,1,1,21,"trnavsky kraj, piestany",38
6812,240541,1,1,23,"nitriansky kraj, topolcany",24
6813,240560,1,0,0,"presovsky kraj, stara lubovna",59
6816,240678,1,1,0,"kosicky kraj, gelnica",47
6814,240626,1,0,15,"presovsky kraj, presov",19
6815,240629,1,1,18,"trenciansky kraj, trencin",34
6818,240857,1,0,0,"kosicky kraj, gelnica",72
6820,240886,1,0,0,"nitriansky kraj, nitra",83
6819,240872,1,0,0,"trnavsky kraj, piestany",71
6824,240979,1,0,20,"zahranicie, zahranicie - francuzsko",71
6825,240981,1,0,0,"kosicky kraj, michalovce",28
6821,240970,1,1,0,"zahranicie, zahranicie - gb",81
6822,240973,0,0,0,"kosicky kraj, michalovce",24
6830,241057,1,1,21,"presovsky kraj, vranov nad toplou",93
6823,240974,1,1,16,"kosicky kraj, sobrance",79
6817,240837,1,0,0,"zahranicie, zahranicie - ostatne",41
6826,241001,1,0,0,"trnavsky kraj, senica",29
6827,241002,1,0,0,"trnavsky kraj, senica",76
6828,241012,1,1,0,"trnavsky kraj, vrbove",64
6831,241070,1,1,0,"kosicky kraj, kosice - zapad",72
6829,241017,1,0,17,"trenciansky kraj, povazska bystrica",21
6833,241168,1,0,19,"trnavsky kraj, trnava",43
6834,241205,0,1,0,"nitriansky kraj, levice",60
6832,241073,1,0,17,"kosicky kraj, kosice - okolie",72
6836,241254,1,0,17,"zilinsky kraj, ruzomberok",69
6835,241210,1,1,20,"trnavsky kraj, vrbove",71
6837,241351,1,1,23,"trenciansky kraj, prievidza",64
6839,241502,1,1,20,"kosicky kraj, michalovce",93
6838,241495,0,0,0,"bratislavsky kraj, bratislava - ostatne",50
6843,241592,1,0,22,"kosicky kraj, michalovce",69
6844,241593,1,1,0,"kosicky kraj, michalovce",74
6845,241625,0,0,20,"presovsky kraj, svidnik",69
6846,241640,1,0,19,"presovsky kraj, snina",12
6847,241702,1,0,0,"nitriansky kraj, sahy",71
6840,241583,0,0,21,"kosicky kraj, michalovce",84
6841,241587,1,1,0,"presovsky kraj, vranov nad toplou",88
6850,241788,1,1,0,"zahranicie, zahranicie - francuzsko",19
6842,241588,1,0,20,"zahranicie, zahranicie - francuzsko",84
6851,241793,1,0,20,"banskobystricky kraj, velky krtis",71
6848,241783,1,1,22,"trnavsky kraj, dunajska streda",67
6849,241784,1,1,0,"banskobystricky kraj, velky krtis",71
6852,241910,1,0,20,"trenciansky kraj, prievidza",83
6853,241939,1,0,22,"nitriansky kraj, sahy",12
6855,242059,1,0,16,"banskobystricky kraj, ziar nad hronom",60
6854,242053,0,0,19,"banskobystricky kraj, velky krtis",62
6861,242251,1,1,18,"nitriansky kraj, surany",31
6856,242170,1,1,20,"trnavsky kraj, senica",60
6862,242288,1,1,0,"trnavsky kraj, dunajska streda",17
6860,242249,1,0,0,"kosicky kraj, spisska nova ves",81
6857,242197,1,1,19,"banskobystricky kraj, velky krtis",24
6863,242369,1,0,0,"presovsky kraj, giraltovce",91
6858,242217,1,1,0,"trnavsky kraj, senica",62
6859,242220,1,0,0,"bratislavsky kraj, modra",81
6864,242464,1,0,0,"nitriansky kraj, sahy",21
6865,242465,1,1,33,"zahranicie, zahranicie - ostatne",12
6866,242467,1,1,19,"banskobystricky kraj, velky krtis",53
6867,242607,1,1,0,"nitriansky kraj, levice",67
6868,242667,1,0,16,"zilinsky kraj, martin",86
6870,242809,1,0,29,"banskobystricky kraj, sliac",88
6869,242681,1,1,23,"zilinsky kraj, martin",55
6871,242811,1,1,29,"trnavsky kraj, sladkovicovo",17
6872,242813,1,1,10,"kosicky kraj, michalovce",72
6873,242851,1,0,0,"zahranicie, zahranicie - usa",26
6874,242861,1,0,17,"kosicky kraj, kosice - sidlisko tahanovce",33
6875,242970,1,1,21,"kosicky kraj, krompachy",60
6876,243066,1,1,17,"trnavsky kraj, trnava",76
6877,243260,1,0,20,"trenciansky kraj, prievidza",71
6879,243482,1,0,14,"nitriansky kraj, nove zamky",78
6878,243480,1,0,15,"zahranicie, zahranicie - ostatne",71
6880,243574,1,0,10,"presovsky kraj, medzilaborce",81
6882,243737,1,1,0,"ceska republika, cz - stredni cechy",60
6883,243738,1,0,0,"nitriansky kraj, nitra",76
6881,243702,1,1,16,"banskobystricky kraj, banska bystrica",78
6884,243881,1,0,0,"banskobystricky kraj, zvolen",45
6885,244084,1,1,19,"zilinsky kraj, martin",78
6886,244291,1,0,18,"banskobystricky kraj, rimavska sobota",62
6888,244726,1,0,22,"trnavsky kraj, hlohovec",66
6889,244791,1,0,17,"presovsky kraj, vranov nad toplou",57
6887,244707,1,1,0,"trnavsky kraj, senica",21
6892,245015,1,0,17,"presovsky kraj, presov",84
6890,244934,1,1,19,"trenciansky kraj, myjava",76
6894,245086,1,0,18,"trnavsky kraj, skalica",57
6893,245081,1,0,0,"trnavsky kraj, skalica",72
6891,245010,1,1,18,"trnavsky kraj, skalica",76
6896,245207,1,1,20,"banskobystricky kraj, banska bystrica",14
6897,245274,1,1,21,"trnavsky kraj, holic",71
6895,245142,1,0,16,"presovsky kraj, poprad",79
6898,245324,1,0,0,"kosicky kraj, roznava",90
6901,245436,1,0,0,"trnavsky kraj, samorin",66
6900,245390,1,0,16,"trnavsky kraj, skalica",71
6899,245384,1,1,0,"banskobystricky kraj, tornala",83
6902,245522,1,0,16,"banskobystricky kraj, tornala",12
6903,245537,0,1,0,"kosicky kraj, kosice - zapad",22
6906,245704,1,0,16,"zahranicie, zahranicie - nemecko",90
6904,245591,1,1,22,"kosicky kraj, kosice - sidlisko tahanovce",74
6905,245609,1,1,29,"banskobystricky kraj, banska stiavnica",12
6908,245806,1,0,22,"banskobystricky kraj, ziar nad hronom",36
6907,245793,1,0,0,"kosicky kraj, strazske",43
6909,245908,1,0,16,"trnavsky kraj, samorin",72
6910,246122,1,0,0,"banskobystricky kraj, filakovo",57
6911,246131,1,1,29,"zahranicie, zahranicie - rakusko",45
6912,246155,1,0,20,"zahranicie, zahranicie - ostatne",81
6913,246159,1,0,23,"nitriansky kraj, nitra",76
6914,246165,1,0,16,"presovsky kraj, vranov nad toplou",76
6915,246175,1,1,24,"presovsky kraj, stara lubovna",71
6916,246452,1,0,18,"banskobystricky kraj, rimavska sobota",71
6917,246558,1,1,21,"presovsky kraj, stara lubovna",67
6918,246588,1,1,0,"presovsky kraj, stara lubovna",41
6919,246622,1,0,17,"banskobystricky kraj, banska bystrica",19
6920,246633,1,0,21,"presovsky kraj, stara lubovna",57
6923,246782,1,0,18,"presovsky kraj, stara lubovna",69
6922,246754,1,1,41,"banskobystricky kraj, rimavska sobota",12
6921,246717,1,0,15,"bratislavsky kraj, senec",91
6924,246861,1,0,18,"bratislavsky kraj, malacky",84
6926,247039,1,0,0,"banskobystricky kraj, hnusta",84
6927,247208,1,1,21,"trnavsky kraj, piestany",72
6925,246974,1,0,17,"trnavsky kraj, senica",45
6928,247348,1,1,0,"trnavsky kraj, trnava",55
6932,247636,1,0,0,"banskobystricky kraj, tornala",26
6933,247667,1,1,19,"zilinsky kraj, trstena",76
6929,247527,1,0,20,"presovsky kraj, sabinov",71
6931,247633,1,0,34,"trenciansky kraj, partizanske",81
6930,247616,1,0,0,"kosicky kraj, kosice - krasna nad hornadom",67
6934,247811,1,1,21,"bratislavsky kraj, malacky",43
6935,247888,1,1,20,"zilinsky kraj, martin",57
6937,248026,1,1,18,"presovsky kraj, stara lubovna",71
6936,248014,1,0,18,"kosicky kraj, kosice - krasna nad hornadom",79
6938,248079,1,0,16,"presovsky kraj, presov",38
6939,248456,1,0,18,"kosicky kraj, kosice - sidlisko tahanovce",79
6940,248538,1,1,19,"presovsky kraj, presov",57
6941,248552,0,0,15,"zahranicie, zahranicie - gb",71
6942,248573,1,0,20,"nitriansky kraj, levice",24
6943,248609,1,1,21,"trnavsky kraj, senica",71
6946,248806,1,0,19,"trenciansky kraj, nove mesto nad vahom",60
6945,248799,1,1,20,"trenciansky kraj, myjava",76
6944,248742,1,0,18,"trenciansky kraj, banovce nad bebravou",17
6947,248872,1,1,0,"nitriansky kraj, sahy",78
6949,248898,1,0,18,"presovsky kraj, presov",67
6957,248911,1,0,19,"banskobystricky kraj, tornala",79
6950,248899,1,0,0,"banskobystricky kraj, tornala",22
6948,248877,1,0,16,"zilinsky kraj, rajec",12
6951,248902,1,0,17,"banskobystricky kraj, rimavska sobota",16
6952,248904,1,1,16,"banskobystricky kraj, detva",81
6953,248905,1,0,21,"nitriansky kraj, nove zamky",64
6958,248949,1,1,17,"kosicky kraj, krompachy",83
6954,248907,1,0,0,"banskobystricky kraj, rimavska sobota",81
6955,248908,0,0,18,"banskobystricky kraj, rimavska sobota",78
6956,248909,1,0,0,"banskobystricky kraj, banska bystrica",21
6959,249153,1,0,0,"banskobystricky kraj, tornala",79
6960,249155,0,0,0,"presovsky kraj, vranov nad toplou",67
6961,249215,1,1,0,"nitriansky kraj, nitra",74
6964,249302,1,0,0,"banskobystricky kraj, tornala",57
6966,249335,1,1,25,"kosicky kraj, kosice - zapad",28
6962,249296,1,1,19,"kosicky kraj, kosice - zapad",64
6969,249364,1,1,22,"kosicky kraj, kosice - zapad",67
6963,249299,1,0,16,"kosicky kraj, spisska nova ves",33
6965,249312,1,0,0,"trnavsky kraj, dunajska streda",62
6972,249421,1,0,21,"kosicky kraj, kosice - zapad",57
6967,249343,1,0,20,"kosicky kraj, roznava",72
6970,249395,1,0,0,"banskobystricky kraj, tornala",33
6971,249397,1,0,18,"banskobystricky kraj, tornala",55
6968,249345,1,0,0,"zilinsky kraj, tvrdosin",50
6973,249662,1,1,19,"nitriansky kraj, nove zamky",47
6974,249707,1,0,18,"banskobystricky kraj, rimavska sobota",55
6976,249871,1,1,21,"nitriansky kraj, nove zamky",57
6979,249902,1,0,24,"trenciansky kraj, prievidza",66
6978,249889,1,1,19,"zahranicie, zahranicie - usa",71
6981,250008,1,0,18,"nitriansky kraj, nitra",43
6975,249795,1,0,0,"zahranicie, zahranicie - usa",33
6977,249885,0,0,16,"banskobystricky kraj, filakovo",76
6980,250000,1,1,19,"presovsky kraj, bardejov",45
6984,250216,0,1,22,"presovsky kraj, presov",12
6982,250192,1,1,22,"presovsky kraj, stara lubovna",71
6985,250239,1,1,35,"kosicky kraj, michalovce",55
6983,250199,1,0,0,"banskobystricky kraj, rimavska sobota",22
6986,250331,1,0,18,"banskobystricky kraj, rimavska sobota",78
6987,250414,1,1,21,"bratislavsky kraj, bratislava - nove mesto",66
6988,250442,1,1,24,"banskobystricky kraj, zvolen",21
6992,250561,1,0,19,"kosicky kraj, kosice - okolie",79
6989,250509,1,1,21,"kosicky kraj, kosice - dargovskych hrdinov",43
6993,250585,1,0,17,"presovsky kraj, presov",29
6991,250557,1,0,21,"kosicky kraj, kosice - sidlisko tahanovce",72
6990,250539,1,1,19,"presovsky kraj, presov",14
6994,250646,1,0,15,"bratislavsky kraj, malacky",78
6996,250721,0,0,17,"kosicky kraj, kosice - okolie",91
6997,250751,1,0,21,"presovsky kraj, giraltovce",43
6999,250864,1,0,0,"zahranicie, zahranicie - gb",29
7001,250922,1,0,0,"presovsky kraj, poprad",66
6995,250680,1,0,18,"zilinsky kraj, trstena",12
7000,250874,1,0,17,"kosicky kraj, kosice - krasna nad hornadom",31
6998,250785,1,0,19,"zilinsky kraj, namestovo",66
7002,251075,1,1,18,"bratislavsky kraj, bratislava - okolie",64
7003,251164,1,0,18,"nitriansky kraj, nitra",38
7004,251166,1,1,18,"trenciansky kraj, prievidza",24
7005,251199,1,0,19,"zahranicie, zahranicie - ostatne",69
7006,251205,0,1,0,"kosicky kraj, kosice - zapad",78
7009,251327,1,1,22,"trenciansky kraj, prievidza",47
7007,251230,1,1,22,"trenciansky kraj, prievidza",64
7008,251232,1,1,0,"trenciansky kraj, prievidza",64
7010,251371,1,0,0,"banskobystricky kraj, lucenec",40
7011,251448,1,0,18,"banskobystricky kraj, zvolen",16
7013,251476,1,0,0,"presovsky kraj, lipany",14
7012,251474,1,0,18,"banskobystricky kraj, krupina",67
7014,251627,1,0,24,"nitriansky kraj, zlate moravce",55
7016,251658,1,0,20,"nitriansky kraj, zlate moravce",48
7015,251639,0,0,18,"trenciansky kraj, trencin",69
7018,251771,1,1,0,"trnavsky kraj, senica",59
7019,251794,0,0,0,"banskobystricky kraj, zvolen",93
7017,251742,1,1,20,"nitriansky kraj, zlate moravce",59
7024,252076,1,0,0,"banskobystricky kraj, zvolen",16
7021,251980,1,0,0,"zilinsky kraj, liptovsky mikulas",76
7022,251981,1,0,18,"banskobystricky kraj, rimavska sobota",28
7020,251923,1,0,19,"banskobystricky kraj, zvolen",50
7025,252099,1,0,19,"presovsky kraj, sabinov",76
7023,252014,1,1,26,"zahranicie, zahranicie - nemecko",52
7027,252436,1,1,18,"trnavsky kraj, senica",64
7026,252358,1,0,20,"nitriansky kraj, nitra",71
7029,252572,1,1,0,"trenciansky kraj, prievidza",64
7030,252579,1,1,0,"trenciansky kraj, prievidza",33
7028,252517,1,1,0,"kosicky kraj, roznava",93
7031,252636,1,1,0,"kosicky kraj, moldava nad bodvou",72
7032,252674,1,0,0,"trenciansky kraj, nove mesto nad vahom",81
7033,252875,1,1,36,"banskobystricky kraj, hrinova",78
7034,252984,1,1,0,"trnavsky kraj, trnava",55
7036,253107,1,1,21,"trnavsky kraj, piestany",72
7035,253049,1,0,0,"trnavsky kraj, skalica",71
7037,253221,1,0,17,"nitriansky kraj, topolcany",12
7039,253535,1,1,17,"presovsky kraj, vranov nad toplou",69
7040,253591,1,0,19,"trenciansky kraj, banovce nad bebravou",45
7038,253470,1,0,19,"nitriansky kraj, sturovo",81
7042,254102,1,0,29,"nitriansky kraj, nove zamky",60
7043,254135,1,1,16,"zahranicie, zahranicie - usa",17
7041,253858,1,0,25,"nitriansky kraj, nitra",81
7044,254169,1,1,29,"kosicky kraj, spisska nova ves",57
7048,254263,1,0,24,"zahranicie, zahranicie - ostatne",41
7045,254241,1,1,18,"banskobystricky kraj, velky krtis",69
7046,254242,1,0,22,"kosicky kraj, krompachy",67
7047,254246,1,1,16,"presovsky kraj, sabinov",21
7049,254392,1,0,15,"banskobystricky kraj, tornala",95
7050,254465,1,0,21,"presovsky kraj, levoca",71
7051,254507,1,1,27,"kosicky kraj, spisska nova ves",72
7052,254675,1,0,13,"banskobystricky kraj, tornala",12
7057,254733,1,0,15,"presovsky kraj, bardejov",90
7055,254705,1,1,17,"trenciansky kraj, trencin",64
7056,254711,1,0,17,"kosicky kraj, spisska nova ves",83
7053,254694,1,0,19,"kosicky kraj, kosice - sidlisko tahanovce",78
7054,254697,1,0,0,"banskobystricky kraj, tornala",79
7058,254846,1,0,22,"banskobystricky kraj, rimavska sobota",22
7061,255077,1,0,0,"zahranicie, zahranicie - ostatne",64
7059,254937,1,0,0,"trenciansky kraj, banovce nad bebravou",60
7062,255098,1,0,0,"presovsky kraj, poprad",76
7063,255212,1,0,18,"banskobystricky kraj, banska bystrica",57
7060,255055,1,1,0,"trenciansky kraj, nove mesto nad vahom",19
7064,255391,1,0,0,"banskobystricky kraj, rimavska sobota",69
7065,255403,1,1,19,"trnavsky kraj, trnava",72
7066,255556,1,1,18,"trenciansky kraj, povazska bystrica",83
7070,255603,1,0,39,"presovsky kraj, humenne",76
7071,255605,1,0,0,"presovsky kraj, presov",74
7068,255591,1,0,20,"presovsky kraj, humenne",79
7072,255648,1,1,0,"presovsky kraj, humenne",12
7069,255594,0,1,0,"zahranicie, zahranicie - gb",28
7075,255692,1,0,15,"banskobystricky kraj, rimavska sobota",86
7067,255560,1,0,0,"zahranicie, zahranicie - gb",57
7076,255698,1,1,29,"presovsky kraj, humenne",57
7074,255688,0,0,0,"banskobystricky kraj, filakovo",19
7077,255699,1,1,20,"presovsky kraj, humenne",71
7073,255656,1,0,18,"presovsky kraj, humenne",72
7079,255725,0,1,0,"banskobystricky kraj, rimavska sobota",16
7080,255728,0,1,22,"banskobystricky kraj, rimavska sobota",24
7082,255917,1,0,25,"zahranicie, zahranicie - gb",62
7081,255909,1,0,0,"presovsky kraj, snina",72
7083,255920,1,0,0,"zahranicie, zahranicie - gb",84
7078,255719,1,0,0,"banskobystricky kraj, rimavska sobota",48
7084,256014,1,0,0,"banskobystricky kraj, revuca",88
7085,256043,0,0,23,"kosicky kraj, secovce",76
7086,256045,1,0,18,"presovsky kraj, snina",52
7087,256048,1,0,0,"zahranicie, zahranicie - gb",55
7092,256160,1,0,20,"bratislavsky kraj, bratislava - karlova ves",47
7088,256093,1,1,18,"kosicky kraj, velke kapusany",83
7089,256148,1,1,25,"banskobystricky kraj, velky krtis",67
7090,256149,1,0,15,"nitriansky kraj, nove zamky",60
7091,256151,1,0,22,"kosicky kraj, kosice - barca",12
7095,256252,1,0,20,"presovsky kraj, presov",29
7093,256194,1,0,15,"nitriansky kraj, nitra",14
7094,256198,1,1,26,"kosicky kraj, spisska nova ves",57
7096,256320,1,0,18,"presovsky kraj, kezmarok",29
7097,256465,1,0,15,"banskobystricky kraj, filakovo",66
7098,256493,1,0,16,"nitriansky kraj, topolcany",67
7102,256579,1,0,0,"kosicky kraj, moldava nad bodvou",84
7099,256499,0,0,18,"trnavsky kraj, senica",74
7105,256593,1,0,18,"presovsky kraj, presov",14
7103,256582,1,0,0,"presovsky kraj, presov",38
7100,256514,1,0,15,"banskobystricky kraj, filakovo",19
7107,256697,1,1,22,"presovsky kraj, presov",69
7104,256587,1,0,17,"zahranicie, zahranicie - usa",50
7101,256575,1,0,0,"kosicky kraj, roznava",31
7108,256745,0,0,0,"kosicky kraj, kosice - zapad",67
7106,256642,1,0,16,"banskobystricky kraj, rimavska sobota",14
7109,256782,1,0,0,"kosicky kraj, kosice - ostatne",43
7111,257086,1,0,16,"banskobystricky kraj, zvolen",29
7110,257075,1,0,17,"presovsky kraj, presov",14
7112,257118,1,0,18,"nitriansky kraj, levice",28
7114,257241,1,0,0,"trnavsky kraj, holic",57
7113,257201,1,0,18,"trnavsky kraj, vrbove",72
7115,257277,1,0,21,"nitriansky kraj, levice",50
7117,257508,1,0,0,"kosicky kraj, kosice - okolie",28
7119,257613,1,0,0,"trnavsky kraj, galanta",69
7118,257576,1,0,0,"trnavsky kraj, galanta",66
7116,257397,1,1,20,"nitriansky kraj, levice",66
7120,257821,1,0,14,"zilinsky kraj, namestovo",97
7121,257837,1,1,0,"banskobystricky kraj, rimavska sobota",17
7122,257839,1,0,0,"banskobystricky kraj, rimavska sobota",12
7123,257840,1,1,0,"banskobystricky kraj, rimavska sobota",57
7127,257926,1,0,17,"trnavsky kraj, trnava",64
7124,257842,1,0,9,"banskobystricky kraj, rimavska sobota",12
7130,257944,1,1,0,"banskobystricky kraj, filakovo",71
7133,257986,1,0,0,"banskobystricky kraj, rimavska sobota",57
7128,257936,1,1,20,"banskobystricky kraj, rimavska sobota",50
7129,257937,1,1,0,"banskobystricky kraj, rimavska sobota",62
7134,257991,1,1,22,"banskobystricky kraj, banska bystrica",12
7132,257985,1,1,24,"nitriansky kraj, sahy",69
7131,257950,1,0,0,"trnavsky kraj, trnava",12
7126,257925,1,1,17,"trnavsky kraj, trnava",88
7125,257893,1,0,16,"kosicky kraj, kosice - okolie",83
7136,258070,1,0,0,"banskobystricky kraj, rimavska sobota",72
7135,258052,1,1,18,"banskobystricky kraj, filakovo",60
7137,258072,1,0,18,"trnavsky kraj, galanta",14
7138,258073,1,0,16,"banskobystricky kraj, rimavska sobota",59
7140,258182,1,0,17,"kosicky kraj, kralovsky chlmec",71
7141,258183,1,0,18,"kosicky kraj, roznava",83
7139,258084,1,0,19,"trnavsky kraj, senica",41
7143,258200,1,1,21,"nitriansky kraj, sturovo",12
7144,258245,0,0,16,"ceska republika, cz - ostravsky kraj",12
7142,258193,1,0,20,"banskobystricky kraj, rimavska sobota",57
7148,258318,1,0,23,"banskobystricky kraj, rimavska sobota",59
7150,258347,1,0,0,"banskobystricky kraj, detva",62
7145,258295,1,1,20,"banskobystricky kraj, rimavska sobota",83
7149,258320,1,0,24,"banskobystricky kraj, tornala",81
7151,258378,1,0,16,"presovsky kraj, bardejov",45
7146,258307,1,0,19,"banskobystricky kraj, detva",71
7154,258437,1,0,25,"banskobystricky kraj, filakovo",71
7153,258424,1,1,22,"trnavsky kraj, piestany",76
7147,258315,1,0,22,"kosicky kraj, velke kapusany",12
7152,258387,1,0,0,"banskobystricky kraj, rimavska sobota",71
7156,258522,1,0,16,"banskobystricky kraj, filakovo",78
7159,258563,1,0,18,"banskobystricky kraj, rimavska sobota",78
7160,258647,1,0,16,"zilinsky kraj, namestovo",19
7157,258552,1,1,20,"banskobystricky kraj, lucenec",60
7155,258448,1,0,16,"banskobystricky kraj, velky krtis",83
7163,258677,1,1,31,"trnavsky kraj, skalica",71
7161,258664,0,1,20,"banskobystricky kraj, rimavska sobota",64
7158,258553,1,0,20,"trnavsky kraj, dunajska streda",16
7162,258667,1,1,0,"nitriansky kraj, sturovo",50
7164,258755,1,1,0,"banskobystricky kraj, rimavska sobota",16
7165,258862,1,0,15,"kosicky kraj, kosice - sidlisko tahanovce",19
7172,258980,1,0,0,"bratislavsky kraj, bratislava - karlova ves",71
7168,258963,1,1,20,"bratislavsky kraj, malacky",55
7166,258864,1,1,0,"bratislavsky kraj, bratislava - ostatne",22
7173,258983,1,0,21,"banskobystricky kraj, rimavska sobota",50
7176,259069,1,0,20,"trnavsky kraj, dunajska streda",36
7177,259074,1,1,22,"kosicky kraj, trebisov",66
7167,258958,1,0,0,"zilinsky kraj, ruzomberok",76
7169,258970,1,0,0,"banskobystricky kraj, lucenec",64
7174,259063,1,0,0,"zilinsky kraj, liptovsky mikulas",74
7178,259120,1,1,24,"banskobystricky kraj, tornala",59
7175,259064,1,0,21,"nitriansky kraj, sturovo",62
7179,259121,1,0,0,"nitriansky kraj, komarno",55
7170,258972,1,0,23,"nitriansky kraj, sturovo",66
7171,258975,0,0,18,"kosicky kraj, cierna nad tisou",40
7180,259340,1,0,16,"presovsky kraj, snina",81
7181,259356,0,1,0,"banskobystricky kraj, banska bystrica",12
7183,259385,1,0,19,"trnavsky kraj, senica",97
7184,259386,1,1,19,"trnavsky kraj, senica",66
7182,259374,1,1,22,"zahranicie, zahranicie - usa",26
7185,259405,1,1,13,"banskobystricky kraj, hnusta",16
7186,259547,1,0,0,"nitriansky kraj, nitra",66
7188,259637,1,0,0,"zahranicie, zahranicie - ostatne",29
7190,259683,1,1,0,"trnavsky kraj, senica",26
7187,259595,1,1,20,"banskobystricky kraj, filakovo",12
7193,259732,1,0,19,"kosicky kraj, kosice - okolie",79
7195,259790,1,0,18,"presovsky kraj, kezmarok",72
7189,259665,1,0,18,"kosicky kraj, trebisov",17
7191,259720,1,1,17,"bratislavsky kraj, bratislava - petrzalka",69
7194,259785,1,0,0,"nitriansky kraj, levice",79
7196,259795,1,0,0,"banskobystricky kraj, filakovo",22
7197,259841,0,0,0,"kosicky kraj, kosice - krasna nad hornadom",36
7192,259723,1,1,0,"trenciansky kraj, povazska bystrica",59
7198,259930,1,1,16,"trenciansky kraj, banovce nad bebravou",55
7199,259938,1,0,21,"trenciansky kraj, banovce nad bebravou",72
7201,260102,1,0,18,"trenciansky kraj, banovce nad bebravou",64
7202,260138,1,0,23,"trenciansky kraj, banovce nad bebravou",16
7203,260227,1,1,0,"trnavsky kraj, trnava",53
7200,260099,1,1,23,"trenciansky kraj, banovce nad bebravou",33
7204,260462,1,1,20,"trnavsky kraj, senica",62
7207,260493,0,0,0,"banskobystricky kraj, rimavska sobota",67
7208,260494,1,0,0,"banskobystricky kraj, filakovo",24
7205,260489,1,0,0,"banskobystricky kraj, rimavska sobota",24
7209,260653,1,1,22,"kosicky kraj, krompachy",74
7206,260490,1,0,20,"banskobystricky kraj, rimavska sobota",57
7210,260713,1,1,20,"trenciansky kraj, ilava",71
7211,260714,1,0,0,"trnavsky kraj, trnava",72
7213,260868,1,0,23,"banskobystricky kraj, rimavska sobota",19
7212,260854,1,1,0,"zahranicie, zahranicie - gb",67
7221,260927,1,1,20,"banskobystricky kraj, rimavska sobota",52
7214,260886,1,1,22,"banskobystricky kraj, rimavska sobota",57
7216,260918,1,0,0,"banskobystricky kraj, rimavska sobota",71
7215,260888,0,0,20,"banskobystricky kraj, filakovo",12
7217,260919,1,0,19,"banskobystricky kraj, rimavska sobota",66
7222,260946,1,0,0,"banskobystricky kraj, tornala",79
7227,261004,1,0,0,"ceska republika, cz - zlinsky kraj",72
7229,261049,1,0,21,"kosicky kraj, kosice - zapad",60
7218,260921,1,0,18,"banskobystricky kraj, rimavska sobota",67
7219,260923,1,1,21,"banskobystricky kraj, rimavska sobota",69
7220,260925,1,0,0,"banskobystricky kraj, rimavska sobota",12
7230,261085,1,1,20,"trnavsky kraj, trnava",21
7228,261045,1,1,22,"trenciansky kraj, puchov",41
7223,260949,1,1,19,"banskobystricky kraj, rimavska sobota",64
7224,260950,1,1,20,"banskobystricky kraj, rimavska sobota",31
7231,261229,1,0,18,"banskobystricky kraj, rimavska sobota",14
7225,260954,1,0,20,"banskobystricky kraj, tornala",59
7226,260955,1,1,19,"kosicky kraj, kosice - dargovskych hrdinov",71
7232,261246,0,0,0,"kosicky kraj, roznava",79
7238,261301,1,0,0,"banskobystricky kraj, rimavska sobota",67
7237,261288,0,0,0,"presovsky kraj, poprad",33
7239,261304,1,1,21,"banskobystricky kraj, rimavska sobota",36
7235,261284,1,0,16,"bratislavsky kraj, bratislava - devinska nova ves",22
7240,261309,0,0,0,"banskobystricky kraj, tornala",67
7236,261285,1,1,0,"ceska republika, cz - zlinsky kraj",71
7243,261376,1,0,18,"presovsky kraj, levoca",28
7233,261249,1,1,0,"banskobystricky kraj, rimavska sobota",41
7234,261250,0,0,18,"banskobystricky kraj, rimavska sobota",71
7244,261414,1,1,19,"trenciansky kraj, povazska bystrica",74
7245,261425,1,1,21,"zahranicie, zahranicie - kanada",60
7241,261313,0,0,19,"banskobystricky kraj, rimavska sobota",81
7242,261314,1,0,0,"banskobystricky kraj, rimavska sobota",52
7246,261429,1,0,26,"presovsky kraj, levoca",48
7251,261527,1,0,20,"kosicky kraj, cierna nad tisou",62
7252,261529,1,0,20,"trnavsky kraj, galanta",36
7253,261534,1,0,19,"zahranicie, zahranicie - francuzsko",71
7247,261461,1,0,0,"ceska republika, cz - zlinsky kraj",79
7249,261510,1,0,0,"trenciansky kraj, ilava",19
7256,261631,1,0,0,"banskobystricky kraj, rimavska sobota",57
7248,261463,1,0,0,"presovsky kraj, levoca",79
7250,261525,1,0,22,"trnavsky kraj, galanta",45
7254,261613,1,1,24,"banskobystricky kraj, rimavska sobota",57
7257,261682,1,0,0,"banskobystricky kraj, tornala",76
7258,261683,1,1,20,"zahranicie, zahranicie - usa",74
7259,261710,1,1,0,"banskobystricky kraj, rimavska sobota",60
7255,261622,1,0,24,"kosicky kraj, roznava",60
7260,261715,0,1,19,"banskobystricky kraj, tornala",36
7261,261798,1,1,20,"kosicky kraj, roznava",69
7262,261822,1,0,20,"banskobystricky kraj, rimavska sobota",64
7264,261849,1,1,0,"kosicky kraj, roznava",53
7265,261855,1,1,20,"banskobystricky kraj, rimavska sobota",47
7263,261831,1,0,0,"zahranicie, zahranicie - francuzsko",12
7267,261947,1,0,17,"presovsky kraj, bardejov",84
7268,262009,1,1,0,"zahranicie, zahranicie - nemecko",81
7272,262067,1,1,25,"banskobystricky kraj, filakovo",41
7274,262083,1,1,23,"ceska republika, cz - praha",47
7270,262046,1,0,22,"banskobystricky kraj, rimavska sobota",66
7266,261940,1,0,21,"presovsky kraj, presov",69
7269,262019,1,0,19,"banskobystricky kraj, rimavska sobota",97
7276,262105,1,1,0,"zahranicie, zahranicie - nemecko",71
7277,262118,1,0,20,"banskobystricky kraj, tornala",64
7271,262058,1,0,0,"banskobystricky kraj, tornala",33
7279,262173,1,1,24,"nitriansky kraj, komarno",22
7275,262086,0,0,0,"presovsky kraj, levoca",24
7278,262162,1,1,24,"nitriansky kraj, sturovo",64
7273,262078,1,1,0,"presovsky kraj, snina",69
7280,262233,0,1,0,"presovsky kraj, presov",57
7282,262366,1,1,19,"banskobystricky kraj, rimavska sobota",74
7281,262273,1,0,0,"presovsky kraj, humenne",60
7283,262552,1,0,19,"kosicky kraj, kosice - stare mesto",72
7287,262817,1,1,21,"kosicky kraj, velke kapusany",60
7288,262818,1,0,0,"kosicky kraj, kralovsky chlmec",69
7289,262822,0,0,15,"kosicky kraj, kosice - okolie",78
7284,262743,1,0,20,"bratislavsky kraj, bratislava - raca",62
7290,262866,1,0,21,"kosicky kraj, kralovsky chlmec",12
7291,262870,1,1,21,"kosicky kraj, kosice - okolie",66
7292,262874,1,1,0,"kosicky kraj, moldava nad bodvou",67
7293,262875,1,0,22,"kosicky kraj, moldava nad bodvou",64
7285,262792,1,1,25,"trnavsky kraj, velky meder",17
7294,262955,1,0,18,"kosicky kraj, kosice - okolie",64
7286,262812,1,0,17,"kosicky kraj, roznava",43
7295,262960,1,0,0,"kosicky kraj, roznava",38
7296,262963,1,0,0,"kosicky kraj, roznava",66
7297,263140,1,0,19,"trenciansky kraj, puchov",69
7298,263257,1,1,19,"banskobystricky kraj, rimavska sobota",19
7299,263260,1,1,18,"banskobystricky kraj, rimavska sobota",24
7300,263263,1,0,18,"banskobystricky kraj, filakovo",79
7302,263342,1,0,18,"banskobystricky kraj, lucenec",67
7303,263350,1,0,21,"trenciansky kraj, prievidza",17
7301,263333,1,0,19,"trenciansky kraj, prievidza",71
7304,263354,0,0,18,"trenciansky kraj, handlova",43
7305,263396,1,0,21,"trenciansky kraj, prievidza",36
7306,263528,1,1,25,"trenciansky kraj, prievidza",62
7307,263590,1,0,0,"kosicky kraj, roznava",91
7310,263794,1,0,20,"nitriansky kraj, nitra",29
7311,263796,1,0,0,"nitriansky kraj, topolcany",81
7309,263739,1,1,0,"kosicky kraj, kosice - stare mesto",88
7308,263640,1,1,20,"banskobystricky kraj, velky krtis",67
7312,263835,1,1,0,"banskobystricky kraj, tornala",16
7313,263904,1,0,19,"zilinsky kraj, martin",71
7315,264264,1,0,19,"trenciansky kraj, prievidza",12
7314,264132,1,1,0,"trenciansky kraj, prievidza",79
7317,264366,1,0,16,"trenciansky kraj, puchov",12
7319,264468,1,0,17,"banskobystricky kraj, banska bystrica",33
7318,264462,1,0,17,"zahranicie, zahranicie - gb",48
7320,264512,1,0,13,"kosicky kraj, spisske vlachy",28
7316,264356,1,1,19,"trnavsky kraj, dunajska streda",47
7322,264587,1,0,0,"presovsky kraj, presov",33
7321,264583,1,1,26,"zahranicie, zahranicie - nemecko",71
7323,264624,1,1,27,"nitriansky kraj, sahy",74
7324,264650,1,1,22,"banskobystricky kraj, lucenec",66
7326,264707,1,0,17,"presovsky kraj, stara lubovna",26
7325,264681,1,0,28,"banskobystricky kraj, filakovo",12
7327,264739,1,1,0,"zahranicie, zahranicie - ostatne",91
7328,264862,1,0,0,"banskobystricky kraj, zvolen",91
7330,265022,1,1,21,"trenciansky kraj, nove mesto nad vahom",71
7329,264987,1,0,18,"trenciansky kraj, puchov",41
7331,265108,1,0,20,"banskobystricky kraj, filakovo",69
7332,265166,1,0,16,"banskobystricky kraj, zvolen",78
7336,265283,1,1,20,"kosicky kraj, spisske vlachy",71
7333,265184,1,0,20,"trenciansky kraj, puchov",69
7335,265224,1,0,27,"kosicky kraj, kosice - sever",86
7334,265189,1,0,18,"trenciansky kraj, puchov",69
7338,265393,1,0,18,"trenciansky kraj, prievidza",16
7342,265471,1,0,20,"nitriansky kraj, surany",36
7340,265435,1,1,21,"zilinsky kraj, namestovo",71
7343,265538,1,0,19,"zilinsky kraj, namestovo",64
7344,265549,1,1,0,"kosicky kraj, spisska nova ves",12
7337,265375,1,0,17,"banskobystricky kraj, zvolen",84
7347,265578,1,1,23,"presovsky kraj, vranov nad toplou",71
7341,265452,1,0,0,"trnavsky kraj, galanta",22
7339,265420,1,0,24,"zahranicie, zahranicie - rakusko",69
7348,265593,1,1,17,"bratislavsky kraj, malacky",66
7346,265566,1,1,0,"presovsky kraj, vranov nad toplou",71
7350,265652,1,0,16,"trenciansky kraj, puchov",78
7345,265557,1,0,19,"nitriansky kraj, levice",33
7349,265620,1,1,21,"kosicky kraj, kosice - juh",62
7353,265897,1,1,21,"kosicky kraj, krompachy",79
7351,265841,1,0,18,"trenciansky kraj, prievidza",66
7352,265842,1,1,18,"trnavsky kraj, piestany",74
7354,266186,1,0,14,"kosicky kraj, medzev",71
7357,266236,1,1,21,"zahranicie, zahranicie - ostatne",66
7355,266198,1,1,0,"kosicky kraj, kosice - ostatne",64
7361,266359,1,1,0,"trenciansky kraj, puchov",88
7358,266238,1,0,0,"trenciansky kraj, trencin",60
7356,266235,1,0,0,"trenciansky kraj, nove mesto nad vahom",55
7359,266240,1,1,21,"trenciansky kraj, stara tura",57
7360,266290,1,0,0,"kosicky kraj, cierna nad tisou",57
7362,266443,1,1,18,"ceska republika, cz - plzensky kraj",19
7366,266733,1,1,19,"banskobystricky kraj, rimavska sobota",17
7367,266734,1,0,0,"banskobystricky kraj, filakovo",69
7363,266693,1,1,18,"banskobystricky kraj, rimavska sobota",36
7369,266777,1,1,23,"banskobystricky kraj, tornala",19
7368,266766,1,0,20,"banskobystricky kraj, tornala",52
7364,266728,0,0,0,"banskobystricky kraj, lucenec",43
7365,266729,1,0,17,"banskobystricky kraj, rimavska sobota",19
7371,267035,1,1,25,"kosicky kraj, gelnica",43
7370,266804,1,1,19,"trnavsky kraj, hlohovec",88
7376,267275,1,0,15,"presovsky kraj, snina",66
7372,267117,1,1,17,"zilinsky kraj, namestovo",62
7374,267234,1,1,0,"kosicky kraj, velke kapusany",76
7373,267161,1,0,0,"presovsky kraj, bardejov",62
7379,267348,1,1,17,"presovsky kraj, stropkov",16
7380,267350,1,1,18,"trenciansky kraj, dubnica nad vahom",81
7382,267406,1,1,17,"presovsky kraj, giraltovce",69
7384,267436,1,1,0,"presovsky kraj, stara lubovna",21
7381,267396,1,1,0,"kosicky kraj, kosice - okolie",16
7377,267323,1,0,0,"banskobystricky kraj, rimavska sobota",33
7378,267325,1,0,23,"banskobystricky kraj, filakovo",53
7385,267469,1,1,22,"trnavsky kraj, galanta",67
7383,267415,1,0,17,"trenciansky kraj, puchov",74
7390,267543,1,1,19,"trnavsky kraj, galanta",64
7375,267270,1,1,24,"banskobystricky kraj, tornala",72
7386,267493,1,0,17,"trenciansky kraj, povazska bystrica",67
7387,267508,1,0,0,"banskobystricky kraj, tornala",40
7388,267512,1,1,23,"banskobystricky kraj, rimavska sobota",21
7392,267604,0,0,0,"kosicky kraj, trebisov",62
7393,267680,1,0,20,"trnavsky kraj, galanta",12
7389,267518,1,0,29,"zahranicie, zahranicie - ostatne",16
7391,267600,1,0,17,"kosicky kraj, trebisov",24
7394,267701,1,0,15,"kosicky kraj, medzev",86
7396,267904,1,0,18,"kosicky kraj, spisska nova ves",19
7395,267896,1,1,20,"trenciansky kraj, puchov",29
7398,267984,1,0,0,"banskobystricky kraj, poltar",48
7400,268071,1,1,22,"trnavsky kraj, skalica",84
7402,268142,1,0,19,"nitriansky kraj, topolcany",64
7401,268131,1,0,0,"trnavsky kraj, galanta",66
7399,268063,0,0,16,"presovsky kraj, sabinov",90
7397,267944,1,1,0,"trenciansky kraj, puchov",72
7403,268168,1,0,18,"trnavsky kraj, galanta",66
7405,268355,1,0,24,"presovsky kraj, humenne",72
7407,268386,1,0,23,"trenciansky kraj, prievidza",62
7406,268360,1,1,25,"trnavsky kraj, piestany",60
7404,268285,1,0,24,"nitriansky kraj, levice",67
7408,268415,1,1,23,"nitriansky kraj, zlate moravce",52
7410,268520,1,1,30,"banskobystricky kraj, rimavska sobota",66
7409,268497,1,0,15,"zahranicie, zahranicie - gb",62
7411,268786,1,0,0,"trenciansky kraj, brezova pod bradlom",81
7412,268870,1,0,0,"nitriansky kraj, nitra",55
7414,269065,1,0,0,"presovsky kraj, vranov nad toplou",93
7415,269066,1,0,16,"kosicky kraj, michalovce",91
7416,269083,1,0,0,"presovsky kraj, sabinov",91
7417,269092,1,0,0,"bratislavsky kraj, bratislava - ruzinov",16
7421,269224,1,0,0,"zahranicie, zahranicie - nemecko",17
7418,269175,1,0,18,"kosicky kraj, spisska nova ves",17
7413,269009,0,0,19,"presovsky kraj, vranov nad toplou",45
7422,269341,1,1,20,"presovsky kraj, kezmarok",71
7419,269211,1,0,16,"presovsky kraj, poprad",17
7420,269213,1,0,17,"presovsky kraj, poprad",12
7423,269348,1,0,19,"presovsky kraj, poprad",12
7425,269416,1,0,20,"bratislavsky kraj, bratislava - petrzalka",62
7424,269355,1,0,15,"kosicky kraj, kosice - okolie",72
7426,269483,1,1,0,"kosicky kraj, spisska nova ves",52
7427,269485,1,0,24,"trenciansky kraj, povazska bystrica",12
7429,269591,1,0,0,"presovsky kraj, presov",36
7428,269572,1,0,18,"trenciansky kraj, puchov",17
7430,269607,1,0,18,"kosicky kraj, gelnica",12
7431,269870,1,0,16,"banskobystricky kraj, lucenec",83
7432,269927,1,0,18,"presovsky kraj, presov",45
7436,269988,1,0,0,"presovsky kraj, lipany",31
7437,270071,1,0,18,"kosicky kraj, trebisov",66
7438,270093,1,1,18,"kosicky kraj, gelnica",76
7434,269953,1,0,19,"presovsky kraj, presov",60
7433,269937,1,1,35,"banskobystricky kraj, rimavska sobota",60
7439,270112,1,1,19,"presovsky kraj, presov",53
7435,269984,1,1,0,"zahranicie, zahranicie - ostatne",16
7440,270240,1,0,17,"kosicky kraj, gelnica",33
7443,270471,1,0,18,"trenciansky kraj, nove mesto nad vahom",78
7441,270269,1,0,19,"kosicky kraj, kosice - okolie",79
7445,270742,0,0,0,"presovsky kraj, lipany",17
7442,270449,1,0,0,"kosicky kraj, moldava nad bodvou",60
7447,270856,1,0,18,"banskobystricky kraj, ziar nad hronom",12
7446,270832,1,1,21,"zahranicie, zahranicie - francuzsko",48
7444,270728,0,0,19,"presovsky kraj, humenne",83
7448,270865,1,0,18,"presovsky kraj, humenne",71
7449,270876,1,0,18,"trenciansky kraj, partizanske",83
7450,270954,1,1,16,"trenciansky kraj, banovce nad bebravou",59
7451,271111,1,0,22,"zilinsky kraj, trstena",59
7452,271115,1,1,21,"kosicky kraj, kosice - okolie",21
7454,271158,1,0,17,"zilinsky kraj, namestovo",29
7453,271119,1,1,15,"presovsky kraj, vranov nad toplou",59
7460,271233,1,1,16,"trenciansky kraj, povazska bystrica",79
7456,271196,1,1,0,"trenciansky kraj, prievidza",71
7463,271280,1,0,0,"kosicky kraj, kosice - juh",45
7462,271269,1,1,0,"nitriansky kraj, zeliezovce",64
7467,271322,1,0,15,"zahranicie, zahranicie - gb",40
7457,271206,1,0,19,"trenciansky kraj, prievidza",29
7468,271325,1,1,18,"trnavsky kraj, dunajska streda",59
7464,271299,1,0,0,"nitriansky kraj, nove zamky",45
7455,271182,1,1,31,"nitriansky kraj, nove zamky",12
7458,271212,1,1,27,"nitriansky kraj, nitra",72
7465,271318,1,0,0,"trenciansky kraj, trencianske teplice",19
7469,271328,1,1,16,"kosicky kraj, spisska nova ves",14
7471,271411,1,0,16,"kosicky kraj, spisska nova ves",14
7461,271243,1,1,0,"zilinsky kraj, dolny kubin",79
7459,271227,1,0,19,"trenciansky kraj, prievidza",33
7472,271418,1,0,14,"banskobystricky kraj, tornala",79
7473,271444,1,0,0,"nitriansky kraj, komarno",19
7475,271476,1,0,0,"zahranicie, zahranicie - ostatne",67
7474,271462,1,0,0,"zilinsky kraj, dolny kubin",47
7466,271320,1,0,0,"nitriansky kraj, nove zamky",62
7477,271487,1,0,17,"kosicky kraj, kralovsky chlmec",74
7478,271489,1,0,0,"zahranicie, zahranicie - gb",28
7476,271483,1,1,17,"zahranicie, zahranicie - gb",88
7470,271334,1,0,18,"nitriansky kraj, nitra",71
7481,271520,1,1,16,"banskobystricky kraj, ziar nad hronom",83
7479,271494,1,1,18,"kosicky kraj, spisska nova ves",14
7486,271636,0,0,0,"kosicky kraj, michalovce",81
7482,271589,0,0,19,"kosicky kraj, michalovce",19
7485,271634,1,0,0,"zahranicie, zahranicie - gb",19
7483,271593,1,0,16,"presovsky kraj, presov",41
7480,271515,1,0,21,"zahranicie, zahranicie - gb",76
7484,271600,1,0,14,"zahranicie, zahranicie - gb",72
7487,271663,1,0,17,"zahranicie, zahranicie - gb",83
7489,271783,1,0,21,"nitriansky kraj, sala",17
7490,271785,1,1,19,"nitriansky kraj, nitra",90
7491,271835,0,0,16,"zahranicie, zahranicie - gb",24
7492,271853,1,0,0,"zahranicie, zahranicie - gb",91
7488,271763,0,0,0,"presovsky kraj, snina",86
7496,271966,1,0,0,"kosicky kraj, michalovce",40
7493,271886,1,0,21,"zilinsky kraj, martin",50
7495,271960,1,0,0,"presovsky kraj, presov",52
7494,271918,1,1,0,"bratislavsky kraj, bratislava - okolie",40
7499,272176,0,0,0,"zahranicie, zahranicie - gb",17
7503,272273,0,0,17,"zahranicie, zahranicie - francuzsko",40
7498,272112,1,1,19,"trnavsky kraj, piestany",72
7497,272082,0,0,17,"kosicky kraj, michalovce",93
7500,272182,1,0,20,"presovsky kraj, presov",74
7505,272334,1,0,0,"presovsky kraj, presov",84
7501,272186,1,1,19,"zahranicie, zahranicie - ostatne",26
7504,272295,1,0,0,"trenciansky kraj, puchov",72
7513,272431,1,0,0,"banskobystricky kraj, banska bystrica",14
7502,272189,1,1,20,"zahranicie, zahranicie - ostatne",84
7506,272335,0,0,19,"kosicky kraj, michalovce",88
7511,272421,1,0,15,"zahranicie, zahranicie - gb",91
7507,272336,1,0,15,"kosicky kraj, spisska nova ves",21
7508,272337,1,1,25,"kosicky kraj, kosice - okolie",43
7512,272422,1,1,0,"zahranicie, zahranicie - ostatne",45
7509,272340,0,0,0,"zahranicie, zahranicie - ostatne",50
7516,272570,1,0,0,"presovsky kraj, bardejov",88
7514,272481,0,0,19,"kosicky kraj, kosice - dargovskych hrdinov",38
7518,272597,1,1,20,"nitriansky kraj, komarno",47
7517,272586,1,0,21,"trenciansky kraj, partizanske",76
7510,272354,1,0,0,"zahranicie, zahranicie - gb",88
7519,272672,1,1,0,"banskobystricky kraj, lucenec",24
7515,272483,0,0,0,"zahranicie, zahranicie - gb",98
7520,272740,1,0,19,"kosicky kraj, spisska nova ves",60
7522,272755,1,0,17,"zahranicie, zahranicie - francuzsko",40
7523,272806,1,1,18,"nitriansky kraj, nitra",88
7521,272744,1,1,0,"nitriansky kraj, sala",83
7525,272838,1,0,0,"trenciansky kraj, puchov",19
7524,272833,1,0,19,"trenciansky kraj, puchov",14
7526,272852,1,1,16,"kosicky kraj, michalovce",83
7528,272896,1,0,16,"presovsky kraj, bardejov",79
7529,272944,1,1,20,"banskobystricky kraj, rimavska sobota",14
7527,272879,1,1,24,"zahranicie, zahranicie - ostatne",40
7530,273063,1,0,19,"trenciansky kraj, trencin",48
7531,273074,1,1,33,"banskobystricky kraj, zvolen",55
7532,273211,1,1,22,"kosicky kraj, kosice - okolie",76
7533,273227,1,0,20,"presovsky kraj, levoca",47
7535,273316,1,0,22,"kosicky kraj, kosice - sever",14
7534,273293,1,0,17,"presovsky kraj, humenne",31
7536,273354,1,0,18,"kosicky kraj, kosice - krasna nad hornadom",24
7537,273472,1,0,0,"presovsky kraj, humenne",74
7539,273607,0,0,0,"presovsky kraj, humenne",55
7540,273651,0,1,17,"presovsky kraj, vranov nad toplou",79
7538,273565,1,0,18,"trenciansky kraj, partizanske",62
7544,273830,1,0,0,"bratislavsky kraj, bratislava - okolie",69
7541,273761,1,1,16,"zahranicie, zahranicie - gb",57
7542,273772,1,0,18,"trenciansky kraj, povazska bystrica",52
7545,273920,1,0,21,"presovsky kraj, spisske podhradie",71
7547,273979,1,1,0,"kosicky kraj, spisska nova ves",29
7548,274022,1,0,16,"zilinsky kraj, tvrdosin",83
7546,273927,0,1,0,"presovsky kraj, humenne",14
7543,273821,1,0,0,"trenciansky kraj, povazska bystrica",45
7550,274071,1,1,17,"presovsky kraj, sabinov",24
7549,274049,1,0,18,"trenciansky kraj, trencin",71
7551,274433,1,0,16,"zilinsky kraj, namestovo",98
7553,274520,1,0,18,"presovsky kraj, presov",16
7555,274583,1,1,0,"trnavsky kraj, trnava",57
7552,274470,1,0,19,"banskobystricky kraj, krupina",67
7556,274728,1,1,18,"kosicky kraj, secovce",62
7557,274762,1,0,18,"presovsky kraj, presov",62
7554,274571,1,0,18,"banskobystricky kraj, detva",16
7559,274862,1,0,16,"zilinsky kraj, namestovo",91
7560,274878,1,0,20,"nitriansky kraj, nitra",28
7558,274804,1,0,19,"presovsky kraj, humenne",66
7561,274914,1,0,0,"nitriansky kraj, levice",36
7566,275177,1,1,24,"nitriansky kraj, komarno",14
7563,275136,0,1,0,"trnavsky kraj, galanta",33
7562,275008,1,1,17,"trenciansky kraj, trencin",79
7568,275253,1,0,0,"zahranicie, zahranicie - gb",91
7571,275269,1,1,21,"trnavsky kraj, dunajska streda",47
7569,275255,1,0,18,"nitriansky kraj, komarno",47
7570,275256,1,0,0,"nitriansky kraj, komarno",57
7567,275214,0,1,27,"nitriansky kraj, komarno",64
7575,275299,1,0,0,"nitriansky kraj, komarno",71
7578,275342,1,0,20,"nitriansky kraj, kolarovo",60
7572,275291,1,0,0,"nitriansky kraj, kolarovo",74
7573,275292,1,0,17,"nitriansky kraj, komarno",67
7576,275333,1,1,23,"nitriansky kraj, komarno",12
7580,275372,1,1,21,"nitriansky kraj, komarno",79
7574,275293,1,0,0,"nitriansky kraj, komarno",55
7564,275172,1,0,17,"nitriansky kraj, komarno",74
7581,275375,1,1,18,"nitriansky kraj, komarno",26
7565,275175,1,1,0,"nitriansky kraj, hurbanovo",71
7577,275339,1,0,0,"nitriansky kraj, komarno",31
7582,275411,1,0,18,"nitriansky kraj, komarno",83
7583,275412,1,0,0,"nitriansky kraj, komarno",84
7579,275360,1,0,20,"presovsky kraj, humenne",19
7584,275427,1,0,19,"presovsky kraj, kezmarok",74
7586,275626,1,1,23,"kosicky kraj, roznava",62
7585,275542,1,1,20,"banskobystricky kraj, banska bystrica",67
7587,275666,1,0,0,"zahranicie, zahranicie - ostatne",86
7590,276016,1,0,0,"zilinsky kraj, namestovo",12
7588,275786,1,0,19,"trenciansky kraj, puchov",26
7592,276097,1,0,17,"ceska republika, cz - ustecky kraj",60
7593,276098,1,0,20,"banskobystricky kraj, banska bystrica",14
7589,276005,1,0,20,"presovsky kraj, vranov nad toplou",69
7591,276029,1,0,0,"kosicky kraj, kosice - zapad",53
7594,276367,1,0,19,"presovsky kraj, presov",14
7595,276396,1,0,16,"zilinsky kraj, namestovo",79
7596,276426,1,0,21,"zahranicie, zahranicie - gb",12
7597,276466,1,1,0,"zilinsky kraj, namestovo",81
7599,276693,1,0,21,"kosicky kraj, spisska nova ves",79
7598,276593,1,0,0,"nitriansky kraj, nitra",48
7601,276827,1,0,0,"zahranicie, zahranicie - francuzsko",88
7600,276789,1,0,0,"nitriansky kraj, nitra",14
7602,276904,1,0,20,"kosicky kraj, roznava",67
7604,277045,1,1,25,"kosicky kraj, roznava",41
7603,276926,1,1,24,"kosicky kraj, kosice - okolie",76
7606,277092,1,1,0,"nitriansky kraj, sturovo",59
7605,277065,1,1,0,"zahranicie, zahranicie - ostatne",72
7607,277148,1,0,17,"presovsky kraj, vranov nad toplou",79
7610,277322,0,1,0,"zahranicie, zahranicie - ostatne",14
7611,277343,1,1,21,"presovsky kraj, svidnik",90
7608,277168,1,0,24,"bratislavsky kraj, bratislava - dubravka",41
7609,277294,1,0,20,"kosicky kraj, kralovsky chlmec",79
7612,277430,1,1,0,"trenciansky kraj, nove mesto nad vahom",74
7613,277578,1,1,21,"presovsky kraj, stropkov",83
7614,277592,1,0,0,"trnavsky kraj, piestany",12
7616,277801,1,1,19,"kosicky kraj, kosice - okolie",62
7617,277909,1,0,0,"trenciansky kraj, trencin",62
7619,277925,1,0,23,"banskobystricky kraj, filakovo",50
7615,277792,0,0,18,"banskobystricky kraj, tornala",76
7618,277919,1,0,0,"trenciansky kraj, trencin",60
7622,278101,1,0,21,"presovsky kraj, levoca",67
7620,277927,1,0,25,"banskobystricky kraj, rimavska sobota",79
7621,278017,1,0,19,"presovsky kraj, stara lubovna",64
7625,278229,1,0,22,"kosicky kraj, kosice - okolie",71
7626,278279,1,0,22,"kosicky kraj, kosice - sever",71
7624,278217,1,0,0,"trenciansky kraj, trencin",66
7623,278130,1,0,0,"presovsky kraj, vranov nad toplou",81
7627,278387,1,0,16,"banskobystricky kraj, tornala",19
7628,278478,0,0,21,"kosicky kraj, kralovsky chlmec",72
7629,278480,1,0,20,"nitriansky kraj, komarno",69
7631,278506,1,0,20,"presovsky kraj, sabinov",24
7632,278507,1,0,19,"trenciansky kraj, trencin",55
7633,278522,1,0,17,"trnavsky kraj, galanta",67
7630,278488,1,0,0,"trenciansky kraj, trencin",74
7636,278582,1,0,18,"presovsky kraj, snina",81
7637,278597,1,0,19,"banskobystricky kraj, zvolen",22
7634,278533,1,0,19,"banskobystricky kraj, zvolen",72
7635,278534,1,0,18,"banskobystricky kraj, zvolen",72
7638,278646,0,0,19,"kosicky kraj, michalovce",81
7639,278705,1,0,20,"zahranicie, zahranicie - gb",91
7640,278735,1,0,0,"banskobystricky kraj, krupina",62
7643,278793,1,0,20,"kosicky kraj, michalovce",69
7644,278855,1,0,18,"trenciansky kraj, trencin",88
7641,278772,1,0,0,"banskobystricky kraj, krupina",71
7642,278773,1,0,19,"banskobystricky kraj, krupina",64
7645,278963,1,0,17,"bratislavsky kraj, bratislava - ostatne",40
7649,279049,1,0,20,"nitriansky kraj, levice",84
7647,279025,1,1,22,"kosicky kraj, cierna nad tisou",81
7650,279050,1,1,17,"presovsky kraj, bardejov",67
7648,279039,0,0,0,"zahranicie, zahranicie - usa",17
7646,278978,1,1,31,"zahranicie, zahranicie - rakusko",47
7651,279186,1,0,17,"trenciansky kraj, puchov",45
7655,279332,1,0,17,"trenciansky kraj, nove mesto nad vahom",59
7653,279312,1,0,18,"kosicky kraj, michalovce",50
7652,279279,1,1,22,"banskobystricky kraj, zvolen",76
7654,279327,1,1,16,"zilinsky kraj, liptovsky mikulas",69
7656,279421,1,1,21,"presovsky kraj, levoca",59
7658,279448,1,0,14,"kosicky kraj, michalovce",24
7659,279571,1,0,15,"kosicky kraj, sobrance",97
7657,279428,1,1,23,"kosicky kraj, spisska nova ves",64
7662,280021,1,0,17,"nitriansky kraj, levice",72
7660,279882,1,1,26,"nitriansky kraj, nitra",17
7663,280055,1,0,0,"bratislavsky kraj, bratislava - karlova ves",12
7664,280113,0,0,0,"presovsky kraj, stropkov",88
7661,280000,1,1,21,"banskobystricky kraj, zvolen",71
7667,280277,0,0,18,"kosicky kraj, trebisov",86
7665,280153,1,0,23,"presovsky kraj, sabinov",62
7668,280382,1,1,18,"presovsky kraj, poprad",71
7669,280444,0,0,0,"zahranicie, zahranicie - gb",12
7666,280274,0,0,19,"kosicky kraj, michalovce",83
7670,280503,1,0,18,"zahranicie, zahranicie - gb",84
7674,280533,1,0,15,"kosicky kraj, trebisov",59
7678,280562,1,0,20,"kosicky kraj, spisska nova ves",47
7679,280565,1,1,0,"bratislavsky kraj, bratislava - nove mesto",47
7671,280509,1,0,0,"presovsky kraj, presov",12
7681,280611,1,1,21,"kosicky kraj, spisska nova ves",45
7682,280640,1,0,19,"banskobystricky kraj, zvolen",47
7680,280583,0,0,0,"kosicky kraj, kosice - okolie",78
7672,280529,0,0,0,"zahranicie, zahranicie - gb",91
7677,280558,1,0,20,"presovsky kraj, bardejov",62
7673,280530,1,0,0,"kosicky kraj, michalovce",64
7675,280538,1,0,19,"banskobystricky kraj, zarnovica",26
7676,280539,1,0,17,"banskobystricky kraj, ziar nad hronom",38
7683,280691,1,0,19,"zilinsky kraj, trstena",66
7684,280745,1,1,20,"trenciansky kraj, prievidza",53
7685,280862,1,1,20,"kosicky kraj, kosice - sidlisko tahanovce",81
7687,280979,1,0,20,"kosicky kraj, kosice - okolie",86
7688,281164,1,0,0,"kosicky kraj, michalovce",52
7686,280964,1,1,0,"presovsky kraj, levoca",74
7689,281331,1,1,18,"trenciansky kraj, puchov",14
7692,281494,1,0,0,"zilinsky kraj, namestovo",12
7690,281334,1,0,19,"trenciansky kraj, puchov",67
7693,281537,1,1,21,"zilinsky kraj, namestovo",60
7691,281473,1,1,20,"presovsky kraj, bardejov",76
7694,281619,1,0,19,"nitriansky kraj, kolarovo",47
7695,281623,0,0,23,"kosicky kraj, kralovsky chlmec",52
7696,281624,1,0,0,"trnavsky kraj, dunajska streda",29
7697,281726,1,1,21,"trnavsky kraj, galanta",50
7698,281734,1,0,0,"presovsky kraj, levoca",71
7699,281735,1,1,23,"kosicky kraj, spisska nova ves",78
7701,281784,1,0,30,"kosicky kraj, kosice - zapad",62
7700,281770,1,0,20,"banskobystricky kraj, ziar nad hronom",83
7702,281851,1,1,20,"presovsky kraj, bardejov",43
7704,281896,1,1,19,"zahranicie, zahranicie - gb",86
7703,281862,1,0,22,"kosicky kraj, kosice - okolie",78
7705,281973,1,1,21,"trenciansky kraj, handlova",19
7708,282076,1,0,13,"banskobystricky kraj, filakovo",16
7709,282123,0,0,16,"presovsky kraj, vranov nad toplou",57
7712,282199,1,0,0,"banskobystricky kraj, filakovo",16
7706,281999,1,1,0,"bratislavsky kraj, bratislava - ruzinov",14
7714,282301,1,1,0,"banskobystricky kraj, filakovo",21
7710,282149,1,0,0,"banskobystricky kraj, lucenec",53
7711,282150,1,0,0,"banskobystricky kraj, filakovo",67
7715,282316,1,1,0,"presovsky kraj, presov",81
7713,282294,1,0,16,"banskobystricky kraj, filakovo",24
7707,282073,1,0,14,"banskobystricky kraj, rimavska sobota",24
7716,282337,1,0,18,"presovsky kraj, vranov nad toplou",81
7717,282345,1,0,0,"kosicky kraj, michalovce",74
7720,282459,1,0,0,"kosicky kraj, michalovce",22
7718,282371,1,0,0,"presovsky kraj, humenne",93
7719,282373,1,0,17,"kosicky kraj, kosice - okolie",93
7726,282535,1,1,20,"banskobystricky kraj, zvolen",81
7722,282509,0,0,19,"kosicky kraj, michalovce",69
7729,282619,1,0,17,"presovsky kraj, vranov nad toplou",93
7733,282661,1,0,19,"zahranicie, zahranicie - gb",26
7727,282567,0,0,0,"zahranicie, zahranicie - francuzsko",83
7721,282492,1,0,0,"nitriansky kraj, nitra",72
7728,282570,1,0,0,"kosicky kraj, kosice - zapad",22
7730,282623,0,0,17,"kosicky kraj, kosice - okolie",79
7734,282666,0,0,0,"zahranicie, zahranicie - gb",88
7723,282521,1,0,19,"kosicky kraj, trebisov",67
7731,282655,1,0,17,"nitriansky kraj, hurbanovo",84
7735,282686,1,1,0,"kosicky kraj, kosice - stare mesto",83
7724,282523,0,0,17,"kosicky kraj, michalovce",71
7732,282656,1,0,17,"zilinsky kraj, martin",83
7736,282725,1,0,16,"trenciansky kraj, prievidza",86
7725,282525,1,0,0,"kosicky kraj, kosice - okolie",66
7737,282741,1,0,0,"presovsky kraj, giraltovce",59
7738,282888,1,0,0,"trnavsky kraj, dunajska streda",81
7739,282890,0,0,18,"presovsky kraj, bardejov",84
7741,283039,1,1,0,"zahranicie, zahranicie - usa",12
7740,282915,1,0,21,"presovsky kraj, humenne",84
7742,283053,1,0,19,"banskobystricky kraj, lucenec",50
7743,283081,1,1,21,"kosicky kraj, krompachy",17
7744,283197,1,0,23,"ceska republika, cz - plzensky kraj",43
7745,283200,1,0,24,"banskobystricky kraj, banska bystrica",62
7746,283215,1,0,0,"zahranicie, zahranicie - gb",33
7747,283238,1,0,18,"banskobystricky kraj, tornala",12
7748,283330,1,1,0,"kosicky kraj, kosice - saca",74
7749,283411,1,0,17,"presovsky kraj, sabinov",79
7751,283546,1,0,0,"bratislavsky kraj, senec",74
7752,283552,1,1,0,"trenciansky kraj, puchov",74
7750,283538,1,0,17,"zilinsky kraj, ruzomberok",86
7756,283687,1,1,23,"bratislavsky kraj, bratislava - ruzinov",79
7754,283617,1,0,18,"banskobystricky kraj, jelsava",79
7757,283706,1,0,0,"zahranicie, zahranicie - gb",81
7753,283590,1,0,22,"trenciansky kraj, handlova",55
7755,283667,0,1,41,"bratislavsky kraj, bratislava - raca",19
7760,283923,0,1,19,"presovsky kraj, bardejov",78
7758,283883,1,0,0,"bratislavsky kraj, bratislava - petrzalka",28
7759,283884,1,0,23,"presovsky kraj, humenne",19
7761,283946,1,0,33,"trenciansky kraj, povazska bystrica",64
7765,284042,1,0,0,"trenciansky kraj, prievidza",81
7764,284034,1,0,0,"zahranicie, zahranicie - gb",52
7766,284081,0,0,19,"presovsky kraj, snina",81
7763,284017,1,0,0,"banskobystricky kraj, tornala",72
7767,284150,1,0,0,"kosicky kraj, roznava",83
7768,284254,1,0,41,"banskobystricky kraj, banska stiavnica",33
7769,284271,1,0,21,"zahranicie, zahranicie - ostatne",22
7770,284315,1,1,22,"kosicky kraj, kosice - sever",69
7762,283995,1,1,22,"presovsky kraj, sabinov",55
7772,284388,1,0,0,"banskobystricky kraj, revuca",93
7773,284389,1,0,26,"trenciansky kraj, nove mesto nad vahom",90
7771,284380,1,0,19,"trenciansky kraj, trencin",64
7774,284445,0,0,0,"trnavsky kraj, sladkovicovo",60
7775,284856,1,0,0,"presovsky kraj, svidnik",69
7777,284922,1,0,19,"presovsky kraj, stropkov",67
7778,284966,1,0,0,"zahranicie, zahranicie - kanada",81
7776,284861,1,0,18,"presovsky kraj, svidnik",19
7779,284994,1,1,19,"trnavsky kraj, vrbove",12
7780,285056,1,1,18,"presovsky kraj, svidnik",12
7781,285070,1,1,21,"zilinsky kraj, namestovo",59
7782,285113,1,1,16,"zahranicie, zahranicie - gb",71
7784,285257,1,1,0,"zahranicie, zahranicie - nemecko",72
7783,285190,0,0,17,"kosicky kraj, kosice - okolie",40
7787,285466,1,0,22,"bratislavsky kraj, bratislava - karlova ves",43
7790,285526,0,1,17,"kosicky kraj, moldava nad bodvou",90
7789,285519,1,0,0,"zahranicie, zahranicie - ostatne",91
7786,285387,1,0,15,"presovsky kraj, snina",93
7793,285587,1,0,21,"presovsky kraj, humenne",72
7791,285550,1,0,15,"presovsky kraj, bardejov",97
7792,285551,1,0,18,"presovsky kraj, svidnik",83
7785,285372,1,1,21,"nitriansky kraj, sala",12
7788,285477,1,0,17,"kosicky kraj, kosice - zapad",41
7800,285738,1,0,17,"nitriansky kraj, nove zamky",17
7799,285724,1,0,0,"kosicky kraj, kosice - okolie",67
7796,285698,0,0,0,"presovsky kraj, humenne",97
7797,285701,1,0,19,"presovsky kraj, giraltovce",24
7798,285703,1,0,19,"presovsky kraj, bardejov",95
7795,285684,1,0,0,"bratislavsky kraj, bratislava - dubravka",14
7802,285891,1,0,20,"kosicky kraj, kosice - okolie",62
7801,285862,1,1,20,"nitriansky kraj, topolcany",64
7794,285629,1,1,22,"presovsky kraj, humenne",67
7803,286007,1,0,18,"banskobystricky kraj, detva",50
7805,286082,1,1,0,"kosicky kraj, kosice - zapad",64
7807,286142,1,0,0,"trenciansky kraj, trencin",71
7808,286147,1,0,17,"kosicky kraj, michalovce",31
7806,286136,1,0,0,"kosicky kraj, kosice - stare mesto",84
7810,286201,1,0,17,"kosicky kraj, trebisov",86
7804,286049,1,1,0,"banskobystricky kraj, detva",50
7809,286199,0,0,0,"zahranicie, zahranicie - gb",97
7812,286321,1,0,18,"presovsky kraj, sabinov",66
7811,286301,1,0,18,"banskobystricky kraj, velky krtis",26
7814,286463,1,0,13,"zahranicie, zahranicie - gb",90
7813,286331,1,1,26,"banskobystricky kraj, rimavska sobota",50
7815,286572,1,1,18,"banskobystricky kraj, zvolen",84
7816,286573,1,0,0,"kosicky kraj, kosice - zapad",26
7818,286849,1,0,18,"kosicky kraj, velke kapusany",71
7817,286844,1,0,17,"trnavsky kraj, dunajska streda",69
7819,286905,1,0,26,"presovsky kraj, vranov nad toplou",31
7822,287044,1,0,18,"bratislavsky kraj, bratislava - dubravka",72
7820,287036,1,0,0,"bratislavsky kraj, bratislava - vrakuna",93
7821,287038,0,0,16,"zahranicie, zahranicie - gb",33
7825,287236,1,0,20,"nitriansky kraj, topolcany",33
7826,287240,1,0,19,"trnavsky kraj, galanta",21
7827,287302,1,0,0,"presovsky kraj, kezmarok",38
7829,287336,1,0,0,"kosicky kraj, velke kapusany",29
7823,287182,1,0,19,"nitriansky kraj, nitra",66
7830,287363,1,0,18,"presovsky kraj, bardejov",72
7824,287232,1,0,21,"nitriansky kraj, sala",53
7828,287325,1,1,21,"nitriansky kraj, sala",69
7831,287380,1,1,19,"nitriansky kraj, nitra",74
7833,287577,1,0,19,"bratislavsky kraj, bratislava - okolie",69
7834,287711,1,0,21,"kosicky kraj, kosice - stare mesto",36
7832,287544,1,0,22,"kosicky kraj, kralovsky chlmec",53
7838,287941,0,0,0,"nitriansky kraj, sahy",16
7839,287943,1,1,0,"nitriansky kraj, sahy",69
7840,287946,1,0,0,"nitriansky kraj, sahy",74
7841,287947,0,0,18,"nitriansky kraj, sahy",29
7835,287850,1,0,22,"trnavsky kraj, dunajska streda",67
7837,287937,1,0,21,"nitriansky kraj, sahy",22
7836,287922,1,0,23,"nitriansky kraj, zeliezovce",57
7843,288101,1,0,18,"nitriansky kraj, sahy",14
7844,288102,1,0,0,"bratislavsky kraj, bratislava - ostatne",83
7842,288044,1,1,21,"kosicky kraj, spisska nova ves",50
7845,288296,1,0,19,"trenciansky kraj, puchov",26
7846,288327,1,0,20,"banskobystricky kraj, detva",38
7847,288374,1,1,17,"zilinsky kraj, namestovo",16
7849,288484,1,0,19,"trenciansky kraj, banovce nad bebravou",55
7848,288470,1,0,0,"trenciansky kraj, banovce nad bebravou",81
7850,288546,1,0,0,"presovsky kraj, svidnik",24
7851,288562,1,0,0,"banskobystricky kraj, lucenec",36
7854,288740,1,0,20,"nitriansky kraj, sahy",62
7853,288727,1,0,0,"nitriansky kraj, sahy",79
7855,288811,1,0,0,"nitriansky kraj, sahy",76
7852,288565,1,0,0,"trenciansky kraj, prievidza",14
7858,288901,1,1,18,"trnavsky kraj, galanta",48
7857,288877,1,0,0,"nitriansky kraj, sahy",83
7856,288869,1,0,21,"nitriansky kraj, sahy",22
7859,288955,1,0,0,"presovsky kraj, presov",79
7860,289024,1,1,18,"bratislavsky kraj, bratislava - dubravka",88
7861,289032,1,1,19,"trnavsky kraj, galanta",59
7865,289140,1,0,0,"trnavsky kraj, galanta",69
7862,289086,1,0,18,"trnavsky kraj, galanta",31
7863,289088,1,0,22,"zahranicie, zahranicie - usa",67
7866,289280,1,0,0,"zahranicie, zahranicie - usa",93
7864,289092,1,1,20,"bratislavsky kraj, senec",71
7867,289329,1,0,20,"banskobystricky kraj, banska bystrica",38
7868,289478,1,0,0,"presovsky kraj, humenne",24
7869,289483,1,0,22,"zahranicie, zahranicie - gb",26
7870,289570,1,1,20,"nitriansky kraj, sahy",66
7876,289737,1,0,23,"kosicky kraj, spisska nova ves",67
7871,289629,1,0,20,"banskobystricky kraj, lucenec",74
7872,289630,1,0,0,"kosicky kraj, trebisov",69
7873,289631,1,0,0,"presovsky kraj, humenne",19
7875,289700,1,0,27,"bratislavsky kraj, bratislava - vajnory",84
7874,289694,1,0,0,"nitriansky kraj, sahy",81
7877,289755,1,1,0,"nitriansky kraj, levice",71
7878,289816,0,0,18,"kosicky kraj, michalovce",47
7879,289819,1,0,26,"bratislavsky kraj, bratislava - petrzalka",64
7881,289928,1,0,0,"banskobystricky kraj, ziar nad hronom",12
7880,289913,1,0,19,"kosicky kraj, dobsina",72
7882,290138,1,1,0,"nitriansky kraj, zlate moravce",28
7883,290239,1,0,0,"zilinsky kraj, cadca",79
7884,290335,1,0,17,"nitriansky kraj, nove zamky",21
7885,290336,1,1,21,"nitriansky kraj, nove zamky",69
7887,290462,1,0,17,"nitriansky kraj, nove zamky",21
7886,290394,1,0,0,"trnavsky kraj, dunajska streda",86
7889,290570,1,0,31,"trenciansky kraj, nove mesto nad vahom",78
7888,290565,0,1,0,"presovsky kraj, humenne",24
7892,290645,1,1,17,"presovsky kraj, snina",64
7890,290620,1,1,21,"nitriansky kraj, levice",76
7891,290623,1,0,21,"nitriansky kraj, levice",72
7894,290932,1,1,0,"presovsky kraj, stara lubovna",88
7893,290878,1,0,0,"presovsky kraj, vranov nad toplou",55
7896,291117,1,0,0,"zahranicie, zahranicie - australia",19
7898,291168,1,0,20,"zahranicie, zahranicie - australia",71
7895,291065,1,1,19,"trenciansky kraj, nove mesto nad vahom",14
7897,291149,1,1,18,"presovsky kraj, stropkov",67
7902,291274,1,0,0,"presovsky kraj, vranov nad toplou",21
7903,291305,0,0,0,"kosicky kraj, secovce",26
7899,291172,1,1,16,"bratislavsky kraj, bratislava - nove mesto",34
7901,291224,0,1,0,"bratislavsky kraj, bratislava - ruzinov",60
7904,291327,1,0,17,"presovsky kraj, bardejov",67
7900,291194,1,0,0,"presovsky kraj, humenne",74
7905,291370,0,1,16,"zahranicie, zahranicie - gb",100
7907,291498,1,0,0,"zahranicie, zahranicie - usa",88
7906,291484,1,1,21,"nitriansky kraj, hurbanovo",50
7908,291752,1,0,0,"kosicky kraj, kosice - okolie",64
7912,291827,1,0,18,"presovsky kraj, stara lubovna",52
7911,291797,1,0,0,"zilinsky kraj, trstena",21
7913,291860,1,1,17,"zahranicie, zahranicie - gb",50
7914,291919,0,0,0,"zahranicie, zahranicie - gb",83
7916,291978,1,0,20,"nitriansky kraj, nitra",38
7917,291993,1,0,0,"presovsky kraj, snina",74
7915,291930,1,0,16,"banskobystricky kraj, dudince",84
7909,291793,1,0,0,"zilinsky kraj, trstena",16
7918,291997,1,0,0,"bratislavsky kraj, malacky",34
7910,291794,1,0,17,"zilinsky kraj, trstena",12
7919,292100,1,1,17,"nitriansky kraj, nove zamky",79
7920,292148,1,0,0,"nitriansky kraj, nove zamky",79
7921,292154,1,1,21,"zilinsky kraj, trstena",12
7922,292481,1,1,18,"presovsky kraj, vranov nad toplou",86
7923,292693,1,0,21,"kosicky kraj, kralovsky chlmec",79
7924,292852,1,0,18,"kosicky kraj, trebisov",21
7927,292944,1,0,18,"zahranicie, zahranicie - usa",28
7928,292945,1,0,18,"presovsky kraj, presov",83
7926,292879,1,0,0,"presovsky kraj, presov",12
7925,292870,1,1,19,"trenciansky kraj, handlova",34
7929,293244,1,1,19,"trenciansky kraj, povazska bystrica",12
7930,293504,1,0,19,"kosicky kraj, kosice - zapad",67
7931,293592,1,0,17,"kosicky kraj, kosice - stare mesto",84
7934,293720,1,0,20,"kosicky kraj, kosice - zapad",55
7933,293710,1,0,19,"presovsky kraj, bardejov",64
7932,293678,1,0,1,"presovsky kraj, stropkov",12
7935,293806,1,0,18,"kosicky kraj, trebisov",69
7936,293822,1,0,18,"zilinsky kraj, tvrdosin",21
7937,293826,1,0,19,"banskobystricky kraj, tornala",78
7938,293904,1,0,17,"trenciansky kraj, partizanske",84
7939,293989,1,0,19,"trenciansky kraj, trencin",62
7940,294009,1,0,0,"zilinsky kraj, namestovo",19
7941,294167,0,1,23,"kosicky kraj, kosice - sidlisko tahanovce",53
7942,294202,1,0,17,"kosicky kraj, sobrance",86
7943,294354,1,1,0,"trenciansky kraj, puchov",64
7944,294781,1,1,21,"nitriansky kraj, nitra",71
7945,294792,1,0,0,"trenciansky kraj, puchov",67
7946,294931,1,0,29,"trenciansky kraj, prievidza",81
7947,295015,1,1,23,"kosicky kraj, kosice - okolie",31
7948,295025,1,0,21,"ceska republika, cz - praha",14
7949,295232,1,0,0,"kosicky kraj, kosice - sidlisko tahanovce",17
7950,295269,1,1,18,"kosicky kraj, kosice - stare mesto",90
7951,295326,1,1,0,"trenciansky kraj, trencin",24
7952,295345,1,0,0,"banskobystricky kraj, lucenec",57
7954,295591,0,1,0,"kosicky kraj, trebisov",71
7953,295572,1,1,17,"trenciansky kraj, prievidza",79
7957,295696,1,0,21,"presovsky kraj, snina",76
7956,295685,1,0,16,"presovsky kraj, snina",60
7959,295762,1,0,18,"trenciansky kraj, prievidza",21
7958,295749,1,1,0,"trenciansky kraj, trencin",41
7955,295680,1,0,19,"kosicky kraj, trebisov",72
7960,295776,1,1,20,"trenciansky kraj, trencin",72
7961,295896,1,0,20,"trenciansky kraj, nova dubnica",12
7962,295941,1,1,0,"trenciansky kraj, nemsova",66
7963,296109,1,0,21,"zahranicie, zahranicie - ostatne",12
7964,296521,1,0,0,"nitriansky kraj, zlate moravce",52
7965,296550,1,0,20,"kosicky kraj, kosice - sidlisko tahanovce",28
7966,296587,1,1,16,"bratislavsky kraj, bratislava - petrzalka",81
7967,296655,1,1,19,"trenciansky kraj, trencin",78
7969,296728,1,1,19,"trenciansky kraj, prievidza",22
7968,296713,1,1,16,"zilinsky kraj, ruzomberok",62
7970,296794,1,1,0,"presovsky kraj, snina",69
7972,296860,0,0,0,"kosicky kraj, michalovce",91
7973,296893,1,0,0,"trnavsky kraj, skalica",31
7974,296975,1,0,18,"presovsky kraj, vranov nad toplou",52
7971,296831,1,0,17,"zahranicie, zahranicie - ostatne",17
7975,297064,1,0,21,"presovsky kraj, presov",71
7976,297131,1,0,19,"zilinsky kraj, namestovo",84
7977,297324,1,0,22,"banskobystricky kraj, banska bystrica",36
7978,297425,1,0,28,"bratislavsky kraj, bratislava - podunaj. biskupice",21
7980,297484,1,1,15,"kosicky kraj, trebisov",22
7979,297445,1,0,0,"nitriansky kraj, komarno",40
7981,297549,1,1,19,"presovsky kraj, presov",72
7982,297581,1,1,23,"nitriansky kraj, komarno",66
7983,297597,1,0,18,"presovsky kraj, presov",12
7985,297752,1,0,20,"nitriansky kraj, sala",52
7987,297827,1,0,19,"presovsky kraj, presov",26
7984,297626,1,0,0,"presovsky kraj, levoca",43
7986,297825,1,0,0,"presovsky kraj, presov",26
7989,297954,1,0,18,"presovsky kraj, presov",31
7990,297955,1,0,19,"presovsky kraj, levoca",19
7988,297853,1,0,18,"presovsky kraj, presov",69
7991,298055,1,0,16,"zilinsky kraj, namestovo",21
7993,298201,1,0,0,"zahranicie, zahranicie - kanada",16
7992,298138,1,0,21,"presovsky kraj, sabinov",47
7995,298336,1,0,19,"banskobystricky kraj, banska bystrica",14
7994,298242,1,0,0,"presovsky kraj, presov",84
7996,298603,1,0,28,"zahranicie, zahranicie - gb",45
7997,298731,1,0,19,"trnavsky kraj, skalica",66
7998,298802,1,0,17,"nitriansky kraj, topolcany",60
7999,298813,1,0,21,"presovsky kraj, svidnik",12
8000,299042,1,1,20,"trenciansky kraj, prievidza",12
8002,299073,1,1,0,"nitriansky kraj, komarno",40
8001,299061,1,0,19,"zilinsky kraj, dolny kubin",64
8005,299431,1,0,0,"presovsky kraj, stropkov",50
8004,299403,1,1,21,"banskobystricky kraj, poltar",78
8007,299596,1,0,0,"trnavsky kraj, galanta",74
8006,299525,1,1,24,"kosicky kraj, kosice - zapad",66
8008,299597,1,0,19,"presovsky kraj, svidnik",64
8009,299630,1,1,21,"presovsky kraj, presov",71
8003,299366,1,0,18,"trenciansky kraj, prievidza",59
8010,299686,1,0,17,"trenciansky kraj, partizanske",31
8015,299851,1,0,18,"trenciansky kraj, prievidza",66
8016,299862,1,0,18,"zahranicie, zahranicie - gb",100
8014,299847,1,0,19,"zahranicie, zahranicie - francuzsko",84
8017,299895,1,0,20,"presovsky kraj, poprad",66
8011,299785,1,0,20,"presovsky kraj, humenne",78
8012,299787,0,0,0,"ceska republika, cz - praha",22
8013,299788,1,0,19,"trenciansky kraj, dubnica nad vahom",67
8018,300116,1,0,20,"kosicky kraj, velke kapusany",71
8019,300383,1,0,16,"trnavsky kraj, piestany",22
8020,300384,1,0,19,"trenciansky kraj, prievidza",66
8021,300618,1,0,21,"presovsky kraj, humenne",33
8024,300786,1,0,20,"trenciansky kraj, dubnica nad vahom",14
8022,300640,1,0,14,"presovsky kraj, stara lubovna",91
8025,300794,1,1,0,"trenciansky kraj, dubnica nad vahom",50
8023,300745,1,0,17,"kosicky kraj, trebisov",71
8026,300866,1,0,19,"trenciansky kraj, dubnica nad vahom",22
8030,301174,1,0,19,"banskobystricky kraj, velky krtis",64
8029,301151,0,0,16,"zahranicie, zahranicie - gb",76
8027,300989,1,0,21,"kosicky kraj, michalovce",67
8028,301046,1,0,0,"trnavsky kraj, galanta",52
8031,301256,1,1,19,"trenciansky kraj, prievidza",62
8032,301339,1,0,21,"ceska republika, cz - pardubicky kraj",69
8033,301472,1,1,0,"banskobystricky kraj, velky krtis",47
8034,301484,1,0,0,"zahranicie, zahranicie - ostatne",74
8035,301493,1,0,19,"presovsky kraj, poprad",84
8037,301745,1,0,0,"presovsky kraj, sabinov",36
8038,301749,0,0,0,"presovsky kraj, kezmarok",91
8039,301790,1,1,0,"kosicky kraj, medzev",38
8036,301738,1,0,19,"trenciansky kraj, puchov",64
8040,301932,1,0,20,"zahranicie, zahranicie - kanada",69
8041,302035,1,1,18,"trenciansky kraj, povazska bystrica",88
8042,302093,1,1,23,"kosicky kraj, kosice - okolie",64
8043,302375,1,0,0,"kosicky kraj, kosice - juh",66
8044,302422,1,1,0,"presovsky kraj, svidnik",50
8046,302587,1,0,17,"trnavsky kraj, samorin",53
8049,302701,1,1,0,"kosicky kraj, velke kapusany",53
8047,302650,1,1,21,"trenciansky kraj, dubnica nad vahom",17
8048,302665,0,0,19,"kosicky kraj, velke kapusany",81
8051,302734,0,0,20,"trnavsky kraj, dunajska streda",26
8050,302727,1,0,0,"trnavsky kraj, dunajska streda",34
8045,302549,1,0,19,"nitriansky kraj, nitra",55
8052,302844,1,1,0,"kosicky kraj, kosice - sidlisko tahanovce",12
8054,302935,1,1,0,"zahranicie, zahranicie - gb",19
8053,302847,1,1,20,"zilinsky kraj, namestovo",17
8055,303100,1,0,0,"zilinsky kraj, tvrdosin",81
8056,303274,1,0,0,"banskobystricky kraj, revuca",86
8058,303496,1,0,18,"kosicky kraj, kralovsky chlmec",16
8057,303442,1,0,0,"zilinsky kraj, liptovsky hradok",88
8061,303633,1,1,18,"trenciansky kraj, trencin",62
8059,303578,1,1,18,"trenciansky kraj, trencin",74
8060,303623,1,0,15,"zilinsky kraj, namestovo",93
8062,303804,1,0,0,"trenciansky kraj, trencin",66
8064,303875,1,0,20,"trenciansky kraj, ilava",66
8063,303833,1,1,22,"presovsky kraj, levoca",81
8065,303994,1,0,18,"kosicky kraj, michalovce",76
8067,304029,1,0,0,"kosicky kraj, moldava nad bodvou",79
8066,304000,1,0,19,"presovsky kraj, snina",12
8068,304238,1,0,18,"trenciansky kraj, trencin",78
8070,304296,1,0,0,"kosicky kraj, trebisov",78
8069,304242,1,0,17,"kosicky kraj, kralovsky chlmec",26
8071,304343,1,0,18,"presovsky kraj, presov",62
8073,304407,1,1,19,"trenciansky kraj, puchov",67
8074,304424,1,0,0,"trenciansky kraj, partizanske",14
8072,304378,1,0,0,"kosicky kraj, kosice - stare mesto",31
8075,304517,1,0,14,"presovsky kraj, poprad",78
8076,304600,0,0,17,"presovsky kraj, sabinov",33
8077,305066,1,0,18,"nitriansky kraj, topolcany",28
8079,305082,1,0,20,"nitriansky kraj, topolcany",69
8078,305069,1,1,22,"nitriansky kraj, topolcany",60
8081,305167,1,0,0,"nitriansky kraj, komarno",72
8082,305282,1,0,17,"kosicky kraj, michalovce",19
8080,305154,1,0,19,"bratislavsky kraj, malacky",69
8083,305283,1,1,0,"kosicky kraj, velke kapusany",81
8084,305312,1,0,21,"nitriansky kraj, levice",19
8085,305329,1,0,0,"kosicky kraj, kralovsky chlmec",53
8086,305336,1,1,0,"kosicky kraj, velke kapusany",22
8087,305339,1,0,19,"kosicky kraj, cierna nad tisou",55
8090,305478,1,0,28,"trnavsky kraj, skalica",74
8092,305581,1,0,18,"zilinsky kraj, tvrdosin",76
8088,305466,1,0,0,"kosicky kraj, michalovce",21
8089,305469,1,0,18,"kosicky kraj, michalovce",53
8091,305571,1,0,19,"nitriansky kraj, komarno",14
8095,305647,0,0,19,"kosicky kraj, michalovce",91
8093,305619,0,1,18,"kosicky kraj, velke kapusany",81
8094,305623,1,1,20,"presovsky kraj, vranov nad toplou",34
8098,305746,1,0,16,"kosicky kraj, sobrance",69
8096,305712,0,0,0,"nitriansky kraj, nove zamky",62
8099,305777,1,0,0,"kosicky kraj, kosice - okolie",69
8100,305823,1,1,0,"kosicky kraj, velke kapusany",78
8101,305825,1,0,19,"kosicky kraj, kosice - zapad",76
8108,305896,1,0,0,"zahranicie, zahranicie - ostatne",21
8109,305899,1,0,0,"zahranicie, zahranicie - gb",67
8110,305900,1,0,19,"zahranicie, zahranicie - gb",34
8111,305901,1,0,18,"nitriansky kraj, komarno",16
8112,305927,1,0,0,"kosicky kraj, kralovsky chlmec",12
8113,305928,1,0,20,"kosicky kraj, kosice - okolie",71
8115,305946,1,0,18,"zilinsky kraj, namestovo",33
8097,305744,0,0,0,"kosicky kraj, michalovce",67
8106,305893,1,0,17,"kosicky kraj, michalovce",57
8102,305829,1,0,0,"kosicky kraj, kralovsky chlmec",66
8103,305830,1,0,16,"nitriansky kraj, sturovo",67
8117,306047,1,0,17,"nitriansky kraj, zeliezovce",16
8114,305936,1,0,21,"kosicky kraj, sobrance",60
8104,305835,1,0,20,"nitriansky kraj, hurbanovo",60
8118,306053,1,1,16,"nitriansky kraj, nitra",83
8107,305895,1,1,20,"zahranicie, zahranicie - gb",88
8105,305865,1,0,20,"zahranicie, zahranicie - gb",81
8116,305970,1,1,25,"nitriansky kraj, nove zamky",69
8119,306289,1,1,19,"trenciansky kraj, povazska bystrica",71
8120,306491,1,0,17,"zilinsky kraj, namestovo",55
8122,306534,1,0,19,"presovsky kraj, kezmarok",57
8123,306706,1,1,21,"kosicky kraj, gelnica",12
8121,306502,1,0,16,"kosicky kraj, kosice - zapad",81
8124,306715,1,0,23,"trenciansky kraj, trencin",64
8125,306996,1,0,0,"ceska republika, cz - kralovehradecky kraj",45
8127,307023,1,0,27,"ceska republika, cz - pardubicky kraj",24
8126,307016,1,1,23,"kosicky kraj, roznava",69
8129,307171,1,0,0,"banskobystricky kraj, zvolen",71
8128,307104,1,0,0,"kosicky kraj, roznava",78
8130,307208,1,0,0,"trenciansky kraj, nove mesto nad vahom",66
8131,307441,1,0,22,"kosicky kraj, kosice - zapad",52
8132,307460,1,0,18,"zilinsky kraj, dolny kubin",17
8133,307478,1,0,32,"trenciansky kraj, prievidza",24
8134,307955,1,0,0,"banskobystricky kraj, zvolen",36
8135,307978,1,0,18,"presovsky kraj, poprad",81
8137,308116,1,0,18,"kosicky kraj, kosice - zapad",83
8138,308117,1,1,35,"trnavsky kraj, dunajska streda",16
8136,308050,1,0,10,"trenciansky kraj, trencianske teplice",12
8139,308207,1,0,20,"zilinsky kraj, namestovo",67
8140,308230,1,0,22,"trnavsky kraj, trnava",59
8141,308303,1,1,18,"zilinsky kraj, liptovsky mikulas",71
8144,308612,1,1,13,"presovsky kraj, stropkov",72
8142,308471,0,1,0,"presovsky kraj, presov",74
8143,308549,1,1,22,"zilinsky kraj, dolny kubin",69
8145,308680,1,0,15,"bratislavsky kraj, pezinok",74
8146,308754,1,0,17,"zilinsky kraj, namestovo",69
8147,308894,1,0,18,"presovsky kraj, presov",12
8149,309025,1,0,17,"nitriansky kraj, sala",86
8148,308978,1,1,20,"zilinsky kraj, namestovo",91
8150,309027,1,0,18,"kosicky kraj, velke kapusany",69
8151,309242,1,0,20,"zilinsky kraj, namestovo",71
8152,309244,1,1,21,"zilinsky kraj, namestovo",19
8153,309338,1,0,17,"zahranicie, zahranicie - ostatne",69
8154,309406,1,1,18,"banskobystricky kraj, banska bystrica",19
8155,309499,0,0,0,"kosicky kraj, roznava",47
8156,309716,1,1,18,"zilinsky kraj, trstena",93
8157,309815,1,0,0,"kosicky kraj, michalovce",88
8158,309921,1,0,18,"banskobystricky kraj, krupina",34
8159,310046,1,0,19,"trenciansky kraj, banovce nad bebravou",84
8160,310169,1,1,22,"banskobystricky kraj, krupina",47
8162,310282,1,0,15,"kosicky kraj, kosice - okolie",84
8161,310258,1,0,0,"presovsky kraj, sabinov",83
8163,310427,1,0,0,"zahranicie, zahranicie - kanada",12
8164,310450,1,1,19,"trenciansky kraj, prievidza",69
8165,310594,1,1,23,"trenciansky kraj, prievidza",12
8166,310618,1,0,21,"presovsky kraj, presov",41
8169,310817,1,0,15,"banskobystricky kraj, poltar",40
8170,310834,1,1,0,"zahranicie, zahranicie - ostatne",53
8167,310773,1,1,13,"trenciansky kraj, partizanske",88
8168,310775,1,0,0,"trenciansky kraj, partizanske",84
8173,311014,1,1,0,"kosicky kraj, roznava",59
8172,311001,1,0,0,"zahranicie, zahranicie - francuzsko",16
8175,311081,1,0,19,"banskobystricky kraj, ziar nad hronom",34
8174,311052,1,1,0,"banskobystricky kraj, ziar nad hronom",64
8177,311135,1,1,16,"bratislavsky kraj, bratislava - okolie",45
8171,310918,1,0,19,"trnavsky kraj, galanta",48
8178,311153,1,1,0,"zahranicie, zahranicie - gb",14
8176,311100,1,0,0,"presovsky kraj, presov",88
8179,311247,1,1,0,"nitriansky kraj, levice",60
8181,311333,1,1,21,"zahranicie, zahranicie - gb",48
8182,311407,1,0,19,"nitriansky kraj, nove zamky",83
8180,311322,1,1,27,"trnavsky kraj, sladkovicovo",83
8183,311486,1,0,26,"nitriansky kraj, nitra",16
8184,311568,1,0,18,"banskobystricky kraj, rimavska sobota",36
8185,311575,1,0,21,"nitriansky kraj, nitra",55
8188,311889,1,0,0,"zahranicie, zahranicie - ostatne",55
8187,311841,1,0,0,"zahranicie, zahranicie - ostatne",52
8186,311790,1,0,22,"trenciansky kraj, partizanske",81
8190,311942,1,0,19,"trenciansky kraj, trencin",28
8189,311940,1,0,19,"trenciansky kraj, trencin",17
8191,311982,1,0,22,"nitriansky kraj, levice",84
8193,312243,0,1,31,"bratislavsky kraj, bratislava - stare mesto",43
8194,312291,1,0,0,"bratislavsky kraj, senec",43
8192,312236,1,0,16,"kosicky kraj, kosice - zapad",76
8195,312412,1,0,15,"kosicky kraj, michalovce",16
8197,312468,1,0,0,"trnavsky kraj, galanta",64
8198,312471,1,1,21,"trnavsky kraj, galanta",47
8200,312541,1,0,0,"trnavsky kraj, galanta",72
8196,312420,1,1,18,"zahranicie, zahranicie - kanada",50
8201,312560,1,0,18,"trnavsky kraj, galanta",69
8199,312507,1,0,18,"presovsky kraj, spisska bela",60
8202,312566,1,1,17,"trnavsky kraj, galanta",19
8203,312573,1,0,19,"kosicky kraj, strazske",53
8204,312762,1,1,0,"banskobystricky kraj, lucenec",26
8206,312874,1,1,17,"banskobystricky kraj, filakovo",81
8205,312839,1,1,18,"trenciansky kraj, partizanske",78
8207,312883,1,0,0,"banskobystricky kraj, filakovo",47
8211,313036,1,0,19,"nitriansky kraj, komarno",71
8212,313067,0,0,0,"zahranicie, zahranicie - ostatne",40
8209,312972,1,0,18,"presovsky kraj, stara lubovna",64
8210,312987,1,0,19,"zahranicie, zahranicie - gb",91
8208,312959,1,0,0,"trnavsky kraj, galanta",81
8215,313176,1,0,17,"trnavsky kraj, skalica",79
8213,313079,1,1,16,"kosicky kraj, kralovsky chlmec",64
8214,313080,1,0,17,"banskobystricky kraj, tornala",67
8216,313315,1,0,16,"kosicky kraj, medzev",64
8217,313407,1,0,17,"banskobystricky kraj, zvolen",22
8218,313477,1,0,18,"kosicky kraj, secovce",41
8219,313509,1,0,18,"zilinsky kraj, namestovo",28
8220,313588,1,0,15,"presovsky kraj, humenne",86
8223,314327,1,0,0,"presovsky kraj, sabinov",26
8221,314075,1,1,22,"banskobystricky kraj, detva",57
8225,314375,1,1,18,"presovsky kraj, sabinov",14
8224,314339,1,0,17,"presovsky kraj, vranov nad toplou",78
8222,314318,1,0,19,"kosicky kraj, kosice - okolie",22
8229,314421,1,0,0,"presovsky kraj, bardejov",59
8231,314494,1,0,22,"trnavsky kraj, gbely",69
8228,314404,1,0,9,"kosicky kraj, kosice - okolie",69
8230,314489,1,1,0,"zahranicie, zahranicie - ostatne",17
8226,314399,1,0,17,"zahranicie, zahranicie - usa",41
8227,314400,1,0,0,"banskobystricky kraj, banska bystrica",91
8234,314747,1,0,0,"nitriansky kraj, vrable",79
8232,314649,1,1,20,"presovsky kraj, stara lubovna",24
8233,314652,1,0,20,"presovsky kraj, stara lubovna",66
8236,314828,1,1,18,"nitriansky kraj, komarno",47
8235,314790,1,0,15,"nitriansky kraj, komarno",79
8237,314859,1,0,0,"banskobystricky kraj, zvolen",64
8241,314942,1,0,0,"zilinsky kraj, trstena",17
8240,314925,1,1,17,"kosicky kraj, kosice - zapad",47
8242,314947,1,1,18,"zilinsky kraj, namestovo",53
8243,315036,1,0,0,"trnavsky kraj, skalica",50
8238,314907,1,1,20,"zahranicie, zahranicie - gb",34
8239,314908,1,0,0,"zilinsky kraj, namestovo",97
8245,315124,0,0,16,"kosicky kraj, kosice - okolie",43
8244,315097,1,0,18,"trnavsky kraj, galanta",69
8246,315158,1,1,23,"kosicky kraj, kosice - juh",69
8247,315162,0,0,0,"ceska republika, cz - praha",29
8248,315200,1,0,0,"zahranicie, zahranicie - gb",98
8250,315332,1,0,19,"nitriansky kraj, komarno",69
8251,315342,1,1,19,"nitriansky kraj, komarno",64
8252,315436,1,1,0,"zahranicie, zahranicie - francuzsko",74
8253,315482,1,1,0,"kosicky kraj, roznava",66
8249,315302,1,0,16,"presovsky kraj, presov",90
8254,315558,1,0,19,"kosicky kraj, kosice - okolie",28
8255,315576,1,1,0,"kosicky kraj, kosice - okolie",64
8256,315591,1,1,22,"kosicky kraj, kosice - okolie",69
8257,315628,1,0,16,"presovsky kraj, kezmarok",33
8259,315736,1,0,23,"kosicky kraj, moldava nad bodvou",41
8258,315667,1,0,21,"presovsky kraj, svidnik",71
8260,315803,1,0,18,"kosicky kraj, kosice - stare mesto",12
8261,316066,1,0,0,"presovsky kraj, poprad",84
8262,316178,1,1,18,"trnavsky kraj, trnava",76
8265,316492,1,0,0,"banskobystricky kraj, zvolen",64
8266,316537,1,0,22,"zahranicie, zahranicie - francuzsko",52
8264,316470,1,0,0,"presovsky kraj, stropkov",28
8267,316545,1,1,0,"bratislavsky kraj, malacky",45
8263,316410,1,0,0,"nitriansky kraj, sahy",59
8269,317106,1,0,19,"nitriansky kraj, levice",79
8268,316995,1,0,0,"nitriansky kraj, komarno",83
8270,317231,1,0,0,"presovsky kraj, bardejov",57
8271,317348,1,0,0,"zilinsky kraj, namestovo",69
8272,317425,1,0,0,"zilinsky kraj, trstena",36
8273,317907,1,0,19,"nitriansky kraj, sturovo",69
8274,318060,1,0,0,"trenciansky kraj, prievidza",16
8275,318085,1,1,0,"presovsky kraj, presov",52
8277,318283,1,1,0,"trnavsky kraj, galanta",12
8279,318369,1,1,21,"trnavsky kraj, piestany",16
8278,318336,1,0,43,"zahranicie, zahranicie - rakusko",62
8280,318419,1,1,20,"zilinsky kraj, martin",76
8276,318268,1,0,17,"nitriansky kraj, nitra",36
8281,318462,1,1,38,"kosicky kraj, roznava",74
8283,318619,1,1,21,"trenciansky kraj, partizanske",72
8282,318578,1,0,0,"presovsky kraj, humenne",53
8285,318846,1,0,21,"nitriansky kraj, sahy",59
8284,318787,1,0,20,"nitriansky kraj, vrable",14
8288,319172,1,1,23,"trenciansky kraj, prievidza",71
8286,319133,1,0,0,"presovsky kraj, poprad",26
8287,319160,1,1,20,"zilinsky kraj, namestovo",24
8289,319175,1,0,20,"kosicky kraj, kosice - zapad",28
8291,319309,1,0,31,"kosicky kraj, kosice - zapad",33
8290,319282,1,1,0,"kosicky kraj, spisska nova ves",78
8292,319350,1,1,0,"kosicky kraj, velke kapusany",66
8295,319549,1,1,19,"kosicky kraj, velke kapusany",74
8294,319527,1,0,21,"kosicky kraj, kosice - sidlisko tahanovce",86
8293,319505,1,1,16,"trenciansky kraj, prievidza",83
8296,319646,1,1,19,"presovsky kraj, sabinov",50
8297,319677,1,1,18,"trenciansky kraj, prievidza",84
8298,319699,1,1,0,"ceska republika, cz - praha",81
8299,319723,0,0,18,"banskobystricky kraj, rimavska sobota",17
8300,319862,1,1,0,"zilinsky kraj, trstena",21
8301,319983,1,1,0,"kosicky kraj, kosice - dargovskych hrdinov",47
8302,320031,1,0,0,"zahranicie, zahranicie - kanada",69
8303,320064,1,0,0,"zilinsky kraj, liptovsky mikulas",66
8304,320105,1,0,0,"kosicky kraj, kosice - okolie",59
8306,320330,0,0,0,"kosicky kraj, trebisov",83
8307,320337,1,0,18,"trenciansky kraj, nove mesto nad vahom",66
8305,320320,1,0,18,"presovsky kraj, stara lubovna",74
8308,320502,1,0,18,"presovsky kraj, kezmarok",81
8310,320687,1,0,17,"presovsky kraj, vranov nad toplou",93
8309,320638,1,0,0,"kosicky kraj, michalovce",81
8312,320706,1,0,0,"kosicky kraj, spisska nova ves",31
8311,320697,1,0,0,"trnavsky kraj, senica",69
8313,320720,0,0,15,"zilinsky kraj, namestovo",97
8314,320925,1,1,0,"banskobystricky kraj, velky krtis",72
8315,320940,1,0,18,"ceska republika, cz - pardubicky kraj",26
8316,321071,1,0,19,"nitriansky kraj, topolcany",12
8317,321159,1,0,0,"kosicky kraj, kosice - okolie",26
8318,321181,1,0,21,"zilinsky kraj, ruzomberok",71
8323,321385,0,0,0,"kosicky kraj, michalovce",60
8325,321438,0,0,18,"zahranicie, zahranicie - gb",86
8326,321439,1,1,22,"banskobystricky kraj, jelsava",74
8328,321482,1,0,22,"presovsky kraj, presov",12
8319,321337,1,0,19,"presovsky kraj, snina",78
8324,321417,1,0,22,"presovsky kraj, presov",12
8320,321354,0,0,0,"ceska republika, cz - ostravsky kraj",36
8321,321355,1,0,0,"presovsky kraj, svidnik",86
8327,321449,1,0,20,"presovsky kraj, vranov nad toplou",88
8329,321491,1,0,28,"zilinsky kraj, ruzomberok",64
8322,321359,1,0,0,"presovsky kraj, stropkov",67
8331,321576,1,0,0,"banskobystricky kraj, banska bystrica",36
8330,321540,1,0,0,"presovsky kraj, vranov nad toplou",91
8333,321662,1,0,15,"kosicky kraj, kosice - zapad",81
8332,321626,1,1,19,"zilinsky kraj, trstena",57
8335,321859,1,0,0,"nitriansky kraj, sala",79
8334,321817,1,0,20,"zilinsky kraj, ruzomberok",67
8336,321905,1,0,0,"presovsky kraj, kezmarok",91
8337,322022,1,0,0,"presovsky kraj, levoca",29
8339,322088,0,0,0,"presovsky kraj, poprad",34
8338,322048,1,1,28,"nitriansky kraj, komarno",64
8340,322104,1,0,23,"nitriansky kraj, levice",45
8341,322121,0,0,22,"presovsky kraj, giraltovce",88
8342,322168,0,0,0,"zahranicie, zahranicie - australia",47
8344,322659,1,0,17,"presovsky kraj, presov",16
8343,322582,1,1,21,"presovsky kraj, kezmarok",71
8348,322730,1,0,17,"presovsky kraj, kezmarok",84
8345,322678,1,0,0,"kosicky kraj, kosice - ostatne",28
8346,322691,1,1,17,"zahranicie, zahranicie - ostatne",81
8347,322721,1,0,24,"kosicky kraj, kosice - okolie",78
8350,323018,1,1,17,"banskobystricky kraj, jelsava",78
8351,323057,1,1,17,"zahranicie, zahranicie - ostatne",74
8349,322875,1,1,20,"presovsky kraj, kezmarok",83
8354,323132,1,1,0,"zahranicie, zahranicie - gb",74
8352,323085,1,0,16,"kosicky kraj, kosice - okolie",62
8353,323097,1,1,17,"kosicky kraj, michalovce",67
8355,323144,1,1,19,"zahranicie, zahranicie - gb",84
8357,323283,1,0,0,"presovsky kraj, humenne",91
8358,323286,0,0,20,"kosicky kraj, michalovce",83
8356,323276,1,0,0,"kosicky kraj, michalovce",67
8359,323319,1,1,0,"trenciansky kraj, puchov",76
8360,323345,1,1,20,"zilinsky kraj, liptovsky mikulas",29
8363,323581,1,0,0,"kosicky kraj, strazske",55
8361,323570,1,0,0,"kosicky kraj, sobrance",31
8362,323574,1,1,18,"kosicky kraj, kosice - okolie",83
8364,323590,1,0,0,"presovsky kraj, bardejov",59
8366,323686,1,0,20,"presovsky kraj, velky saris",69
8365,323633,0,0,19,"presovsky kraj, lipany",72
8367,323720,1,0,20,"bratislavsky kraj, bratislava - dubravka",76
8370,323752,1,0,21,"kosicky kraj, michalovce",83
8368,323725,1,0,18,"presovsky kraj, stara lubovna",79
8374,323806,0,0,0,"zahranicie, zahranicie - gb",90
8371,323755,0,0,18,"kosicky kraj, michalovce",78
8372,323756,1,0,0,"kosicky kraj, kosice - okolie",74
8369,323730,1,1,0,"presovsky kraj, presov",59
8376,323831,1,0,0,"kosicky kraj, michalovce",57
8373,323800,1,1,0,"kosicky kraj, kosice - ostatne",84
8377,323899,1,0,0,"zahranicie, zahranicie - gb",76
8378,323902,0,0,0,"presovsky kraj, presov",76
8375,323816,1,1,22,"trnavsky kraj, skalica",69
8381,323988,1,0,0,"presovsky kraj, vranov nad toplou",97
8379,323905,1,0,0,"kosicky kraj, trebisov",88
8380,323907,1,0,0,"zahranicie, zahranicie - gb",60
8382,324026,1,1,0,"presovsky kraj, vranov nad toplou",72
8385,324132,1,1,0,"trenciansky kraj, handlova",74
8383,324104,1,0,19,"kosicky kraj, michalovce",67
8384,324110,1,0,19,"zahranicie, zahranicie - gb",83
8386,324195,1,0,20,"zahranicie, zahranicie - gb",79
8389,324361,1,1,18,"nitriansky kraj, komarno",71
8387,324315,1,1,0,"presovsky kraj, bardejov",45
8395,324512,1,1,23,"nitriansky kraj, levice",31
8391,324429,1,0,18,"nitriansky kraj, zeliezovce",69
8392,324444,1,1,20,"nitriansky kraj, sturovo",60
8390,324402,1,0,0,"nitriansky kraj, komarno",53
8393,324448,1,1,0,"nitriansky kraj, zeliezovce",69
8394,324450,1,0,21,"kosicky kraj, kralovsky chlmec",71
8388,324360,0,1,23,"nitriansky kraj, zeliezovce",76
8396,324666,1,0,18,"presovsky kraj, bardejov",38
8397,324672,0,0,0,"trenciansky kraj, nova dubnica",78
8398,324770,1,1,25,"trenciansky kraj, prievidza",64
8400,324875,1,1,18,"kosicky kraj, roznava",67
8399,324852,1,1,0,"kosicky kraj, roznava",34
8404,325151,1,1,0,"presovsky kraj, lipany",78
8401,324990,1,0,15,"kosicky kraj, roznava",55
8402,325129,1,1,22,"zahranicie, zahranicie - australia",67
8405,325170,0,1,22,"zahranicie, zahranicie - francuzsko",64
8403,325131,1,1,0,"zilinsky kraj, liptovsky hradok",43
8406,325338,1,0,19,"presovsky kraj, lipany",60
8407,325339,1,0,18,"presovsky kraj, lipany",86
8408,325604,1,0,22,"nitriansky kraj, nitra",67
8409,325610,0,0,0,"kosicky kraj, kosice - krasna nad hornadom",74
8411,325776,1,1,20,"presovsky kraj, vranov nad toplou",12
8410,325748,1,1,17,"trenciansky kraj, prievidza",71
8412,325985,1,1,18,"nitriansky kraj, nitra",12
8413,326238,1,1,19,"presovsky kraj, presov",71
8414,326268,1,1,20,"nitriansky kraj, nitra",71
8416,326326,1,0,47,"kosicky kraj, trebisov",62
8415,326302,1,0,109,"zahranicie, zahranicie - ostatne",12
8418,326416,1,0,16,"presovsky kraj, bardejov",33
8417,326365,1,1,0,"zahranicie, zahranicie - kanada",41
8419,326527,1,1,0,"kosicky kraj, velke kapusany",74
8420,326542,1,1,23,"kosicky kraj, spisska nova ves",66
8421,326631,1,0,18,"nitriansky kraj, vrable",74
8422,326721,1,0,18,"kosicky kraj, michalovce",69
8423,326795,1,0,20,"trenciansky kraj, prievidza",76
8424,326971,1,1,19,"trenciansky kraj, banovce nad bebravou",72
8425,327198,1,1,0,"presovsky kraj, stara lubovna",66
8426,327304,1,0,18,"presovsky kraj, stara lubovna",76
8427,327309,1,0,0,"presovsky kraj, stara lubovna",84
8428,327340,1,0,18,"presovsky kraj, stara lubovna",33
8429,327456,1,0,18,"trenciansky kraj, partizanske",14
8431,327534,1,1,20,"banskobystricky kraj, zvolen",12
8433,327633,1,1,20,"kosicky kraj, kralovsky chlmec",16
8430,327473,1,0,25,"zahranicie, zahranicie - ostatne",41
8432,327562,1,1,18,"banskobystricky kraj, velky krtis",84
8435,327828,0,1,13,"bratislavsky kraj, bratislava - karlova ves",67
8437,327871,1,0,17,"nitriansky kraj, topolcany",84
8434,327817,1,0,0,"trenciansky kraj, prievidza",50
8438,327952,1,0,18,"nitriansky kraj, sala",71
8439,328014,1,0,0,"zahranicie, zahranicie - gb",47
8436,327840,1,1,22,"kosicky kraj, roznava",48
8440,328028,1,0,0,"presovsky kraj, bardejov",71
8441,328265,1,0,17,"nitriansky kraj, nitra",72
8443,328534,1,1,0,"zilinsky kraj, trstena",98
8442,328393,1,1,20,"trenciansky kraj, bojnice",74
8444,328741,1,1,30,"trenciansky kraj, nemsova",38
8445,329017,1,0,20,"banskobystricky kraj, lucenec",60
8446,329104,1,1,19,"nitriansky kraj, hurbanovo",66
8447,329243,1,0,17,"trnavsky kraj, senica",86
8448,329317,1,1,20,"nitriansky kraj, topolcany",74
8449,329360,1,1,0,"trenciansky kraj, nemsova",14
8450,329582,1,1,0,"banskobystricky kraj, zvolen",71
8452,329630,1,1,18,"presovsky kraj, bardejov",71
8453,329644,1,1,14,"banskobystricky kraj, zvolen",88
8451,329624,1,1,22,"nitriansky kraj, zlate moravce",78
8457,330169,1,0,19,"bratislavsky kraj, bratislava - vajnory",34
8455,330110,1,0,19,"zahranicie, zahranicie - gb",67
8456,330142,0,1,16,"kosicky kraj, kosice - okolie",76
8454,330102,1,0,19,"zahranicie, zahranicie - gb",76
8458,330232,0,0,19,"presovsky kraj, vranov nad toplou",19
8459,330351,0,0,26,"bratislavsky kraj, bratislava - okolie",72
8460,330549,1,1,0,"bratislavsky kraj, bratislava - okolie",84
8461,330719,1,1,19,"presovsky kraj, stara lubovna",71
8462,330757,1,0,18,"presovsky kraj, levoca",84
8463,330883,1,0,0,"presovsky kraj, presov",21
8464,330963,1,0,18,"presovsky kraj, stara lubovna",71
8468,331172,1,1,19,"ceska republika, cz - liberecky kraj",71
8466,331164,1,0,22,"kosicky kraj, spisska nova ves",69
8465,331033,1,1,21,"presovsky kraj, stara lubovna",62
8467,331169,1,1,19,"ceska republika, cz - liberecky kraj",71
8469,331178,1,1,19,"ceska republika, cz - liberecky kraj",74
8470,331243,1,0,19,"presovsky kraj, stara lubovna",71
8471,331389,1,1,20,"presovsky kraj, stara lubovna",71
8474,331924,1,0,17,"presovsky kraj, kezmarok",45
8473,331897,1,1,21,"presovsky kraj, stara lubovna",71
8472,331821,0,0,16,"presovsky kraj, bardejov",88
8475,331955,1,0,0,"kosicky kraj, spisska nova ves",19
8476,331963,1,0,25,"kosicky kraj, moldava nad bodvou",76
8477,331978,1,0,20,"presovsky kraj, stara lubovna",71
8478,332035,1,1,23,"presovsky kraj, stara lubovna",69
8480,332123,1,1,16,"kosicky kraj, kosice - sidlisko tahanovce",50
8479,332052,1,0,0,"presovsky kraj, stara lubovna",45
8481,332127,1,0,20,"presovsky kraj, stara lubovna",53
8483,332196,1,0,23,"presovsky kraj, poprad",62
8484,332281,1,0,18,"presovsky kraj, stara lubovna",71
8487,332311,1,1,12,"kosicky kraj, kosice - okolie",83
8485,332284,1,1,0,"presovsky kraj, stara lubovna",76
8482,332170,0,0,0,"kosicky kraj, michalovce",79
8486,332294,1,0,0,"presovsky kraj, stara lubovna",69
8489,332572,1,0,21,"banskobystricky kraj, tornala",83
8490,332573,1,1,13,"banskobystricky kraj, tornala",86
8494,332661,1,0,20,"banskobystricky kraj, tornala",83
8488,332500,1,1,28,"banskobystricky kraj, tornala",60
8493,332648,1,0,17,"banskobystricky kraj, tornala",72
8492,332619,1,0,19,"presovsky kraj, vranov nad toplou",28
8491,332607,1,0,16,"nitriansky kraj, komarno",69
8500,332810,1,1,22,"kosicky kraj, kosice - juh",19
8496,332690,1,1,16,"presovsky kraj, snina",16
8495,332667,1,0,19,"banskobystricky kraj, krupina",57
8497,332750,1,1,18,"banskobystricky kraj, tornala",72
8498,332799,1,1,10,"kosicky kraj, spisska nova ves",74
8499,332801,1,0,18,"banskobystricky kraj, tornala",62
8501,332934,1,0,20,"kosicky kraj, roznava",72
8505,333008,1,1,20,"nitriansky kraj, zlate moravce",55
8502,332937,1,0,15,"banskobystricky kraj, rimavska sobota",19
8509,333142,1,0,18,"nitriansky kraj, nitra",72
8504,332999,1,0,25,"banskobystricky kraj, tornala",12
8503,332940,0,1,0,"banskobystricky kraj, tornala",47
8510,333197,1,0,18,"kosicky kraj, gelnica",41
8507,333119,1,1,17,"presovsky kraj, humenne",60
8506,333105,1,0,18,"banskobystricky kraj, tornala",62
8508,333131,1,0,0,"presovsky kraj, poprad",41
8511,333249,1,1,0,"banskobystricky kraj, tornala",69
8514,333396,1,0,0,"presovsky kraj, bardejov",79
8515,333482,1,0,18,"banskobystricky kraj, tornala",66
8512,333359,1,1,20,"presovsky kraj, poprad",14
8518,333556,1,1,0,"nitriansky kraj, zlate moravce",28
8519,333587,1,0,17,"presovsky kraj, stara lubovna",72
8513,333389,1,1,19,"nitriansky kraj, zlate moravce",64
8516,333516,0,0,26,"trenciansky kraj, prievidza",53
8517,333537,1,1,20,"nitriansky kraj, zlate moravce",78
8521,333623,1,1,26,"ceska republika, cz - praha",14
8522,333724,1,1,0,"zahranicie, zahranicie - ostatne",16
8523,333752,1,0,20,"kosicky kraj, velke kapusany",71
8520,333599,1,1,18,"presovsky kraj, presov",69
8524,333784,1,1,20,"presovsky kraj, stara lubovna",60
8525,333823,1,1,33,"nitriansky kraj, komarno",38
8526,333966,1,1,0,"presovsky kraj, stara lubovna",78
8527,333991,1,1,20,"kosicky kraj, kralovsky chlmec",12
8529,334007,1,1,22,"presovsky kraj, stara lubovna",71
8528,333999,1,1,21,"kosicky kraj, kosice - sidlisko tahanovce",72
8532,334082,1,0,20,"presovsky kraj, stara lubovna",64
8530,334029,1,1,19,"presovsky kraj, snina",74
8531,334041,1,1,18,"presovsky kraj, vranov nad toplou",88
8534,334167,1,0,0,"presovsky kraj, stara lubovna",64
8537,334248,1,1,19,"kosicky kraj, kosice - okolie",31
8535,334210,1,1,0,"kosicky kraj, velke kapusany",78
8533,334119,1,0,22,"presovsky kraj, vranov nad toplou",78
8536,334212,1,1,18,"kosicky kraj, kralovsky chlmec",12
8539,334402,1,1,19,"presovsky kraj, presov",71
8540,334501,1,0,18,"presovsky kraj, stara lubovna",57
8541,334532,1,0,0,"presovsky kraj, stara lubovna",64
8542,334552,1,1,0,"presovsky kraj, stara lubovna",53
8538,334344,1,0,0,"presovsky kraj, sabinov",36
8544,334711,1,1,22,"kosicky kraj, roznava",67
8545,334764,1,1,0,"kosicky kraj, kosice - okolie",62
8543,334649,1,1,20,"kosicky kraj, michalovce",17
8549,334849,1,1,19,"presovsky kraj, vranov nad toplou",97
8547,334809,0,1,19,"kosicky kraj, cierna nad tisou",21
8546,334783,0,0,0,"presovsky kraj, vranov nad toplou",45
8548,334814,1,1,20,"presovsky kraj, snina",76
8551,334894,1,0,21,"kosicky kraj, kosice - okolie",78
8550,334854,1,1,0,"kosicky kraj, kosice - okolie",72
8553,334955,1,1,19,"kosicky kraj, kralovsky chlmec",26
8556,334985,0,0,0,"presovsky kraj, stara lubovna",21
8552,334916,0,0,0,"zahranicie, zahranicie - gb",91
8558,335012,0,1,0,"zahranicie, zahranicie - gb",79
8559,335015,1,1,0,"kosicky kraj, trebisov",90
8560,335017,1,1,24,"zahranicie, zahranicie - gb",59
8561,335048,1,0,0,"bratislavsky kraj, bratislava - petrzalka",14
8557,335010,0,1,0,"kosicky kraj, kralovsky chlmec",36
8562,335075,1,1,22,"zahranicie, zahranicie - gb",17
8563,335076,1,1,0,"kosicky kraj, trebisov",26
8554,334979,1,0,16,"kosicky kraj, kosice - okolie",83
8566,335154,1,1,0,"kosicky kraj, velke kapusany",36
8555,334980,1,0,0,"zahranicie, zahranicie - francuzsko",64
8564,335083,1,1,20,"trnavsky kraj, dunajska streda",76
8567,335159,1,1,19,"zahranicie, zahranicie - gb",60
8565,335084,1,0,19,"presovsky kraj, bardejov",76
8568,335467,1,1,19,"banskobystricky kraj, lucenec",55
8569,335471,1,1,25,"zahranicie, zahranicie - australia",67
8570,335512,1,1,0,"nitriansky kraj, nitra",72
8573,335598,1,1,18,"presovsky kraj, snina",84
8571,335575,1,1,21,"presovsky kraj, poprad",31
8575,335641,1,0,19,"presovsky kraj, stara lubovna",67
8574,335614,0,0,0,"presovsky kraj, humenne",90
8572,335580,1,0,18,"presovsky kraj, presov",59
8577,335777,1,0,18,"presovsky kraj, sabinov",76
8578,335779,1,0,17,"presovsky kraj, sabinov",22
8576,335728,1,0,0,"presovsky kraj, sabinov",12
8579,335784,1,1,20,"trnavsky kraj, galanta",57
8581,335878,1,0,0,"presovsky kraj, sabinov",57
8580,335787,0,1,22,"presovsky kraj, humenne",79
8584,335969,1,1,16,"nitriansky kraj, topolcany",83
8585,336008,1,1,19,"banskobystricky kraj, rimavska sobota",48
8582,335890,1,0,17,"presovsky kraj, sabinov",28
8583,335893,1,1,19,"trenciansky kraj, partizanske",79
8586,336074,1,1,19,"kosicky kraj, kralovsky chlmec",69
8591,336256,1,1,19,"kosicky kraj, cierna nad tisou",74
8589,336247,1,1,0,"kosicky kraj, kralovsky chlmec",64
8593,336302,1,0,0,"presovsky kraj, kezmarok",62
8588,336201,1,1,0,"trenciansky kraj, trencin",59
8594,336361,1,1,24,"presovsky kraj, stara lubovna",66
8590,336251,1,1,0,"banskobystricky kraj, velky krtis",52
8592,336267,1,0,16,"kosicky kraj, velke kapusany",55
8595,336365,1,1,27,"presovsky kraj, stara lubovna",59
8596,336402,1,1,21,"nitriansky kraj, topolcany",67
8587,336178,1,1,0,"kosicky kraj, cierna nad tisou",62
8597,336528,0,0,0,"kosicky kraj, kosice - dargovskych hrdinov",31
8598,336541,1,1,0,"kosicky kraj, roznava",71
8600,336678,1,1,0,"zahranicie, zahranicie - nemecko",72
8599,336570,1,0,21,"kosicky kraj, velke kapusany",64
8601,336742,1,1,21,"presovsky kraj, poprad",78
8603,336843,1,1,18,"kosicky kraj, kralovsky chlmec",78
8602,336748,1,1,21,"presovsky kraj, stara lubovna",74
8605,336891,0,1,0,"nitriansky kraj, komarno",14
8604,336854,1,1,0,"presovsky kraj, vranov nad toplou",86
8606,336895,1,1,24,"kosicky kraj, michalovce",81
8610,337066,1,1,19,"kosicky kraj, kralovsky chlmec",64
8609,337041,1,1,0,"trenciansky kraj, trencin",69
8607,336897,1,1,19,"kosicky kraj, kosice - okolie",88
8608,336898,1,1,0,"kosicky kraj, kralovsky chlmec",14
8611,337125,1,0,18,"nitriansky kraj, topolcany",21
8613,337234,1,1,0,"kosicky kraj, kralovsky chlmec",78
8614,337238,1,1,27,"presovsky kraj, poprad",69
8612,337175,1,1,0,"trnavsky kraj, dunajska streda",12
8616,337361,1,0,0,"nitriansky kraj, sala",86
8615,337333,0,0,18,"banskobystricky kraj, velky krtis",52
8617,337374,1,0,0,"kosicky kraj, kosice - zapad",88
8619,337629,1,0,0,"trenciansky kraj, banovce nad bebravou",29
8618,337541,1,1,0,"kosicky kraj, kosice - okolie",12
8621,337787,1,0,0,"kosicky kraj, cierna nad tisou",62
8620,337746,1,0,17,"kosicky kraj, trebisov",83
8626,338163,1,0,0,"kosicky kraj, trebisov",12
8622,338007,1,0,15,"trenciansky kraj, handlova",71
8624,338128,1,0,0,"kosicky kraj, cierna nad tisou",76
8623,338046,1,1,0,"trenciansky kraj, prievidza",78
8628,338193,1,1,22,"trenciansky kraj, prievidza",67
8629,338195,1,0,0,"trenciansky kraj, bojnice",12
8630,338282,1,1,17,"kosicky kraj, kosice - zapad",71
8627,338171,1,1,34,"kosicky kraj, cierna nad tisou",12
8625,338156,1,0,18,"banskobystricky kraj, ziar nad hronom",16
8633,338372,0,0,17,"kosicky kraj, roznava",47
8634,338378,1,0,19,"zahranicie, zahranicie - gb",90
8631,338303,1,0,18,"kosicky kraj, kosice - juh",53
8632,338364,0,0,19,"kosicky kraj, kosice - okolie",24
8638,338479,1,1,23,"zahranicie, zahranicie - ostatne",71
8639,338481,1,1,18,"presovsky kraj, podolinec",88
8636,338407,1,0,0,"kosicky kraj, roznava",66
8637,338408,1,1,21,"kosicky kraj, roznava",69
8641,338527,1,1,21,"presovsky kraj, hanusovce nad toplou",72
8635,338396,1,0,0,"presovsky kraj, stara lubovna",16
8640,338501,1,0,22,"presovsky kraj, podolinec",64
8643,338808,1,1,22,"kosicky kraj, roznava",74
8642,338743,1,0,0,"nitriansky kraj, nove zamky",45
8644,338872,1,0,20,"kosicky kraj, roznava",79
8645,338876,1,1,20,"kosicky kraj, roznava",22
8646,338983,1,1,22,"presovsky kraj, presov",52
8647,338989,1,0,19,"presovsky kraj, presov",62
8648,339009,1,0,19,"presovsky kraj, presov",16
8649,339044,1,1,28,"nitriansky kraj, nitra",55
8651,339289,1,0,0,"nitriansky kraj, nove zamky",40
8653,339376,1,1,19,"presovsky kraj, stara lubovna",78
8652,339327,1,0,20,"presovsky kraj, stara lubovna",14
8654,339526,1,1,22,"presovsky kraj, stara lubovna",71
8650,339219,1,1,0,"kosicky kraj, spisska nova ves",12
8655,339636,1,0,16,"nitriansky kraj, nove zamky",84
8657,339694,0,0,0,"nitriansky kraj, levice",83
8656,339683,1,0,20,"nitriansky kraj, nitra",40
8658,339817,1,0,15,"nitriansky kraj, nitra",53
8659,340129,1,1,20,"presovsky kraj, presov",66
8660,340190,1,0,13,"trnavsky kraj, dunajska streda",100
8662,340255,1,0,21,"presovsky kraj, presov",71
8661,340237,1,0,16,"trenciansky kraj, prievidza",64
8663,340355,1,0,0,"kosicky kraj, cierna nad tisou",74
8664,340432,1,1,21,"trenciansky kraj, prievidza",12
8668,340550,1,0,20,"trenciansky kraj, trencin",69
8665,340508,1,1,22,"presovsky kraj, sabinov",66
8666,340513,1,1,20,"presovsky kraj, presov",76
8667,340523,1,0,0,"trnavsky kraj, dunajska streda",24
8669,340618,1,1,19,"nitriansky kraj, nitra",72
8670,340739,1,1,16,"nitriansky kraj, sahy",62
8671,340825,1,0,0,"nitriansky kraj, sahy",16
8673,340988,1,1,0,"presovsky kraj, stara lubovna",72
8672,340828,1,0,17,"nitriansky kraj, sahy",40
8676,341057,1,1,18,"presovsky kraj, stara lubovna",64
8677,341101,1,1,18,"presovsky kraj, stara lubovna",57
8678,341134,1,1,22,"trenciansky kraj, prievidza",81
8674,341048,1,0,18,"presovsky kraj, presov",14
8675,341051,1,1,19,"presovsky kraj, stara lubovna",43
8679,341231,1,0,18,"presovsky kraj, stara lubovna",66
8680,341402,1,1,0,"trenciansky kraj, banovce nad bebravou",74
8682,341452,1,1,23,"trenciansky kraj, nova dubnica",66
8681,341430,1,0,0,"zilinsky kraj, zilina",31
8683,341797,1,0,18,"kosicky kraj, kosice - zapad",69
8684,341883,0,0,17,"banskobystricky kraj, filakovo",67
8685,341928,1,0,0,"nitriansky kraj, komarno",12
8686,342001,1,0,0,"presovsky kraj, presov",79
8687,342024,1,0,0,"presovsky kraj, lipany",12
8688,342186,1,0,18,"nitriansky kraj, sala",71
8689,342233,1,0,19,"presovsky kraj, presov",79
8690,342463,0,0,17,"nitriansky kraj, komarno",79
8692,342532,1,0,0,"nitriansky kraj, sahy",21
8691,342497,1,1,23,"nitriansky kraj, levice",62
8693,342654,1,1,0,"nitriansky kraj, levice",60
8694,342725,1,0,17,"zahranicie, zahranicie - francuzsko",19
8695,342754,1,0,29,"ceska republika, cz - praha",60
8698,342815,1,0,19,"nitriansky kraj, levice",55
8696,342762,1,0,18,"trnavsky kraj, dunajska streda",40
8699,342886,1,1,0,"zahranicie, zahranicie - usa",98
8700,342888,1,1,0,"zahranicie, zahranicie - usa",76
8701,342889,1,0,0,"presovsky kraj, presov",66
8697,342808,1,0,0,"kosicky kraj, kosice - saca",64
8702,342993,1,1,17,"presovsky kraj, stara lubovna",74
8703,343116,1,1,31,"nitriansky kraj, nove zamky",76
8705,343204,1,0,0,"presovsky kraj, stara lubovna",33
8706,343223,1,0,0,"zahranicie, zahranicie - ostatne",14
8707,343224,1,1,18,"presovsky kraj, bardejov",66
8708,343290,1,0,19,"presovsky kraj, bardejov",55
8704,343184,1,1,0,"zahranicie, zahranicie - francuzsko",81
8710,343457,1,0,19,"presovsky kraj, snina",14
8711,343501,1,0,17,"presovsky kraj, presov",21
8709,343390,1,1,19,"presovsky kraj, presov",59
8713,343555,1,0,18,"zahranicie, zahranicie - ostatne",24
8712,343536,1,1,0,"banskobystricky kraj, zvolen",74
8714,343653,1,1,18,"presovsky kraj, presov",74
8720,343772,1,1,20,"presovsky kraj, bardejov",62
8718,343746,1,1,0,"kosicky kraj, spisska nova ves",12
8721,343777,0,1,20,"presovsky kraj, lipany",21
8719,343753,1,0,0,"kosicky kraj, spisska nova ves",12
8717,343694,1,0,23,"presovsky kraj, presov",66
8715,343656,1,0,21,"presovsky kraj, presov",71
8716,343661,1,1,20,"bratislavsky kraj, svaty jur",71
8722,343875,1,0,20,"presovsky kraj, presov",64
8723,344059,1,1,17,"presovsky kraj, presov",90
8724,344143,1,0,22,"kosicky kraj, spisska nova ves",14
8725,344356,1,0,0,"presovsky kraj, presov",52
8726,344361,1,1,0,"presovsky kraj, presov",79
8727,344497,1,0,18,"kosicky kraj, spisska nova ves",14
8728,344596,1,1,18,"presovsky kraj, presov",64
8729,344601,1,0,0,"presovsky kraj, presov",71
8731,344807,1,1,19,"zilinsky kraj, ruzomberok",34
8730,344650,1,1,22,"presovsky kraj, presov",71
8736,345048,1,0,19,"presovsky kraj, kezmarok",67
8734,344991,1,1,19,"banskobystricky kraj, zvolen",76
8732,344892,1,0,0,"nitriansky kraj, komarno",19
8737,345099,1,0,18,"presovsky kraj, spisske podhradie",64
8738,345125,1,0,19,"nitriansky kraj, nove zamky",74
8733,344985,1,1,0,"zahranicie, zahranicie - gb",81
8739,345130,1,0,0,"kosicky kraj, kosice - okolie",45
8735,345027,1,0,0,"kosicky kraj, kosice - okolie",84
8741,345357,1,1,22,"nitriansky kraj, nitra",69
8740,345262,1,0,19,"zahranicie, zahranicie - ostatne",43
8746,345496,1,0,15,"nitriansky kraj, nitra",78
8745,345487,1,0,0,"nitriansky kraj, nitra",12
8744,345473,1,1,18,"kosicky kraj, roznava",97
8743,345458,1,1,18,"presovsky kraj, presov",16
8742,345435,1,1,21,"kosicky kraj, spisska nova ves",66
8747,345523,0,0,0,"kosicky kraj, michalovce",72
8749,345781,1,1,19,"presovsky kraj, presov",66
8750,345785,1,0,0,"zahranicie, zahranicie - ostatne",72
8748,345779,1,0,20,"bratislavsky kraj, bratislava - raca",72
8751,345801,1,1,24,"presovsky kraj, stara lubovna",66
8752,345837,1,1,0,"trenciansky kraj, bojnice",69
8753,345846,1,0,15,"zahranicie, zahranicie - gb",50
8754,345849,1,0,22,"kosicky kraj, kosice - zapad",76
8757,346226,1,0,0,"presovsky kraj, humenne",34
8755,346095,1,0,0,"kosicky kraj, kosice - okolie",91
8756,346168,1,1,15,"presovsky kraj, bardejov",28
8758,346327,0,1,30,"kosicky kraj, michalovce",67
8759,346341,1,0,0,"banskobystricky kraj, velky krtis",40
8760,346388,1,0,0,"bratislavsky kraj, malacky",83
8761,346492,1,1,26,"kosicky kraj, gelnica",66
8762,346636,0,0,0,"kosicky kraj, kosice - okolie",72
8763,346642,1,1,24,"trnavsky kraj, piestany",74
8764,346658,1,1,0,"presovsky kraj, presov",64
8766,346894,1,1,0,"banskobystricky kraj, zvolen",43
8765,346806,1,0,18,"presovsky kraj, presov",40
8770,347102,1,0,0,"zahranicie, zahranicie - ostatne",95
8767,347006,1,1,19,"presovsky kraj, presov",64
8769,347060,1,1,20,"presovsky kraj, poprad",71
8773,347207,1,1,20,"banskobystricky kraj, ziar nad hronom",69
8768,347055,1,1,20,"nitriansky kraj, nitra",79
8772,347199,0,0,0,"presovsky kraj, spisska bela",97
8771,347141,1,1,19,"kosicky kraj, spisska nova ves",76
8776,347261,1,1,18,"presovsky kraj, presov",31
8774,347238,1,1,24,"kosicky kraj, kosice - okolie",69
8778,347432,1,1,0,"nitriansky kraj, nitra",62
8779,347434,1,1,19,"nitriansky kraj, nitra",47
8775,347245,1,0,21,"banskobystricky kraj, velky krtis",31
8777,347390,1,0,18,"zahranicie, zahranicie - usa",47
8781,347569,1,1,0,"nitriansky kraj, zeliezovce",84
8783,347658,1,1,21,"zahranicie, zahranicie - gb",64
8780,347472,1,1,18,"trenciansky kraj, myjava",62
8787,347718,0,1,0,"bratislavsky kraj, bratislava - ruzinov",33
8786,347692,1,1,19,"nitriansky kraj, nitra",12
8784,347659,1,1,21,"presovsky kraj, presov",43
8782,347651,1,0,0,"bratislavsky kraj, bratislava - okolie",12
8785,347685,1,1,25,"nitriansky kraj, nitra",74
8788,347727,1,1,14,"presovsky kraj, sabinov",86
8793,347930,1,1,26,"presovsky kraj, presov",69
8791,347870,1,0,20,"kosicky kraj, michalovce",41
8790,347844,1,0,0,"kosicky kraj, spisska nova ves",21
8789,347816,1,1,18,"presovsky kraj, hanusovce nad toplou",66
8792,347891,1,1,0,"presovsky kraj, presov",16
8794,347958,1,0,22,"zahranicie, zahranicie - gb",78
8798,348065,1,0,0,"kosicky kraj, trebisov",91
8795,348023,1,0,0,"trnavsky kraj, trnava",72
8796,348029,1,1,0,"presovsky kraj, sabinov",78
8799,348160,1,0,17,"nitriansky kraj, levice",64
8801,348316,1,0,0,"zahranicie, zahranicie - gb",91
8802,348320,1,0,19,"kosicky kraj, kosice - okolie",76
8797,348059,1,0,0,"kosicky kraj, kosice - barca",12
8804,348399,1,0,16,"zahranicie, zahranicie - gb",55
8803,348387,1,0,17,"presovsky kraj, bardejov",71
8805,348453,1,0,15,"zahranicie, zahranicie - gb",74
8806,348517,1,0,0,"presovsky kraj, svidnik",71
8800,348269,1,1,26,"presovsky kraj, presov",50
8807,348548,1,0,17,"zahranicie, zahranicie - gb",97
8808,348549,1,0,18,"zahranicie, zahranicie - gb",28
8809,348620,1,1,0,"nitriansky kraj, nitra",40
8813,348663,1,0,19,"zahranicie, zahranicie - gb",17
8814,348664,1,0,18,"zahranicie, zahranicie - gb",81
8819,348756,1,0,19,"bratislavsky kraj, bratislava - ruzinov",59
8815,348668,1,0,17,"zahranicie, zahranicie - gb",40
8816,348670,1,0,16,"zahranicie, zahranicie - gb",86
8810,348630,1,1,0,"trnavsky kraj, galanta",21
8817,348688,1,0,23,"kosicky kraj, kralovsky chlmec",12
8818,348690,0,0,0,"kosicky kraj, michalovce",76
8820,348802,0,1,0,"nitriansky kraj, komarno",52
8812,348658,1,0,0,"presovsky kraj, humenne",93
8823,348843,1,0,0,"nitriansky kraj, sala",40
8811,348645,1,0,0,"nitriansky kraj, nitra",40
8824,348916,1,1,17,"nitriansky kraj, nitra",78
8825,348919,1,1,25,"nitriansky kraj, nitra",69
8822,348839,1,0,0,"kosicky kraj, trebisov",69
8827,349037,1,1,22,"kosicky kraj, secovce",62
8826,348939,1,1,18,"zilinsky kraj, liptovsky mikulas",64
8821,348825,1,1,21,"presovsky kraj, presov",60
8828,349356,1,1,0,"presovsky kraj, presov",40
8829,349513,1,1,0,"presovsky kraj, presov",72
8830,349643,1,1,20,"banskobystricky kraj, banska bystrica",24
8831,349646,1,0,18,"trenciansky kraj, banovce nad bebravou",69
8832,349844,1,0,21,"kosicky kraj, spisska nova ves",81
8834,349986,1,1,20,"presovsky kraj, lipany",62
8835,350092,1,0,0,"nitriansky kraj, sturovo",28
8838,350179,1,0,18,"kosicky kraj, kosice - dargovskych hrdinov",50
8833,349897,1,1,0,"kosicky kraj, kosice - saca",72
8836,350119,1,0,17,"trenciansky kraj, partizanske",90
8839,350227,1,0,0,"trenciansky kraj, partizanske",91
8841,350317,1,1,22,"trenciansky kraj, prievidza",59
8837,350165,1,1,21,"trenciansky kraj, prievidza",66
8842,350440,1,1,0,"trenciansky kraj, partizanske",29
8843,350581,1,1,0,"nitriansky kraj, komarno",12
8840,350307,1,1,0,"banskobystricky kraj, ziar nad hronom",83
8845,350658,1,0,18,"kosicky kraj, spisska nova ves",86
8846,350702,1,0,18,"nitriansky kraj, sala",72
8848,350799,0,1,16,"bratislavsky kraj, pezinok",81
8844,350623,1,0,18,"bratislavsky kraj, bratislava - petrzalka",83
8847,350773,1,0,19,"kosicky kraj, roznava",26
8849,350931,1,0,18,"kosicky kraj, cierna nad tisou",36
8850,350977,1,0,17,"presovsky kraj, vranov nad toplou",71
8851,351185,1,1,0,"nitriansky kraj, sala",62
8854,351264,1,0,14,"bratislavsky kraj, bratislava - nove mesto",12
8852,351192,1,0,18,"presovsky kraj, bardejov",19
8855,351323,1,0,11,"zilinsky kraj, martin",14
8857,351409,1,0,14,"trnavsky kraj, trnava",28
8859,351452,1,1,0,"zahranicie, zahranicie - ostatne",40
8860,351472,1,0,0,"kosicky kraj, sobrance",86
8853,351252,1,0,0,"zahranicie, zahranicie - ostatne",19
8856,351355,0,1,15,"zahranicie, zahranicie - kanada",50
8858,351413,1,0,13,"kosicky kraj, kosice - okolie",71
8861,351559,1,0,17,"kosicky kraj, kosice - okolie",86
8863,351744,1,0,18,"kosicky kraj, trebisov",57
8864,351750,0,0,0,"kosicky kraj, michalovce",34
8862,351613,1,0,17,"kosicky kraj, kosice - krasna nad hornadom",34
8865,351822,1,0,25,"kosicky kraj, kosice - ostatne",69
8867,352291,1,1,0,"banskobystricky kraj, zvolen",19
8868,352337,1,0,19,"kosicky kraj, spisska nova ves",76
8866,352151,1,1,20,"presovsky kraj, snina",59
8870,352561,1,0,20,"kosicky kraj, michalovce",78
8869,352549,1,1,20,"banskobystricky kraj, zvolen",69
8871,352562,1,0,0,"kosicky kraj, michalovce",76
8873,352720,1,0,25,"presovsky kraj, poprad",33
8872,352618,1,0,15,"presovsky kraj, vranov nad toplou",83
8874,352751,1,0,22,"nitriansky kraj, nove zamky",67
8875,352839,1,0,16,"presovsky kraj, humenne",53
8877,352909,1,1,19,"kosicky kraj, spisska nova ves",38
8876,352842,1,0,17,"presovsky kraj, snina",50
8884,353072,1,1,0,"presovsky kraj, vranov nad toplou",86
8880,353028,0,0,0,"zahranicie, zahranicie - gb",22
8881,353029,1,0,18,"presovsky kraj, vranov nad toplou",52
8878,352964,1,0,20,"bratislavsky kraj, malacky",86
8882,353035,1,0,21,"kosicky kraj, michalovce",48
8883,353066,1,0,16,"presovsky kraj, vranov nad toplou",67
8879,352995,1,0,0,"banskobystricky kraj, banska bystrica",16
8888,353376,1,0,0,"bratislavsky kraj, malacky",76
8889,353420,1,0,18,"presovsky kraj, vranov nad toplou",90
8885,353205,1,0,0,"kosicky kraj, trebisov",36
8891,353447,1,0,23,"bratislavsky kraj, bratislava - vrakuna",12
8890,353423,1,1,0,"presovsky kraj, vranov nad toplou",88
8893,353645,0,0,19,"presovsky kraj, presov",34
8886,353232,1,1,17,"presovsky kraj, vranov nad toplou",86
8887,353233,1,0,29,"banskobystricky kraj, detva",12
8894,353668,1,0,17,"presovsky kraj, vranov nad toplou",86
8892,353564,1,1,22,"zahranicie, zahranicie - gb",81
8895,353943,1,0,0,"nitriansky kraj, vrable",53
8897,354348,1,1,16,"presovsky kraj, bardejov",71
8898,354366,1,0,16,"presovsky kraj, bardejov",64
8896,354135,1,1,0,"bratislavsky kraj, bratislava - devinska nova ves",17
8904,354452,1,0,20,"presovsky kraj, bardejov",86
8900,354425,1,0,16,"kosicky kraj, michalovce",66
8905,354455,1,1,0,"presovsky kraj, bardejov",90
8906,354469,1,0,19,"kosicky kraj, spisska nova ves",33
8907,354497,1,0,0,"trenciansky kraj, bojnice",66
8899,354370,1,0,18,"banskobystricky kraj, banska stiavnica",59
8901,354433,1,0,0,"presovsky kraj, bardejov",57
8902,354435,1,1,0,"zahranicie, zahranicie - gb",69
8903,354450,1,1,111,"presovsky kraj, bardejov",64
8908,354554,1,1,19,"trenciansky kraj, trencin",59
8909,354766,1,0,0,"trenciansky kraj, prievidza",29
8910,354797,1,1,21,"trenciansky kraj, trencin",31
8911,354828,1,1,0,"zahranicie, zahranicie - usa",64
8913,355051,1,1,20,"kosicky kraj, trebisov",24
8912,354833,1,0,26,"presovsky kraj, humenne",64
8914,355167,1,1,0,"banskobystricky kraj, filakovo",24
8916,355233,1,1,0,"nitriansky kraj, nove zamky",12
8918,355382,1,0,14,"presovsky kraj, bardejov",29
8915,355183,1,1,22,"trnavsky kraj, galanta",57
8917,355360,1,1,21,"trenciansky kraj, puchov",69
8921,355538,1,1,0,"presovsky kraj, bardejov",43
8920,355526,0,0,20,"zahranicie, zahranicie - kanada",66
8919,355436,0,0,20,"presovsky kraj, bardejov",76
8923,355681,1,0,0,"presovsky kraj, snina",76
8925,355741,1,0,19,"zahranicie, zahranicie - gb",83
8926,355742,1,1,0,"presovsky kraj, bardejov",95
8927,355743,1,0,0,"presovsky kraj, vranov nad toplou",93
8922,355680,1,0,17,"zahranicie, zahranicie - gb",36
8924,355739,1,0,0,"presovsky kraj, bardejov",71
8928,355899,1,0,19,"trnavsky kraj, senica",60
8931,356105,1,0,15,"presovsky kraj, svidnik",84
8932,356107,0,0,17,"presovsky kraj, stropkov",90
8929,356066,1,0,16,"presovsky kraj, presov",66
8930,356070,1,0,16,"presovsky kraj, sabinov",79
8934,356218,1,1,19,"nitriansky kraj, nitra",55
8935,356220,1,0,17,"nitriansky kraj, nitra",17
8933,356115,1,1,0,"trenciansky kraj, prievidza",71
8936,356283,1,0,0,"nitriansky kraj, nitra",29
8938,356456,1,0,16,"kosicky kraj, roznava",90
8937,356290,1,1,20,"nitriansky kraj, nitra",57
8939,356535,1,1,11,"nitriansky kraj, nove zamky",16
8940,356593,1,1,0,"kosicky kraj, kosice - okolie",84
8941,356679,1,0,18,"bratislavsky kraj, malacky",88
8942,356876,1,0,21,"banskobystricky kraj, lucenec",60
8943,356928,1,1,21,"nitriansky kraj, topolcany",79
8946,357093,1,1,17,"nitriansky kraj, hurbanovo",69
8944,356951,1,0,16,"kosicky kraj, kosice - ostatne",71
8945,357000,1,1,17,"nitriansky kraj, hurbanovo",21
8948,357302,1,1,21,"nitriansky kraj, nitra",72
8947,357135,1,1,18,"kosicky kraj, spisska nova ves",84
8950,357346,1,1,19,"trenciansky kraj, prievidza",60
8949,357320,1,0,19,"kosicky kraj, kosice - krasna nad hornadom",71
8951,357375,1,0,0,"nitriansky kraj, hurbanovo",38
8952,357476,1,1,20,"nitriansky kraj, sahy",71
8953,357603,1,0,20,"trnavsky kraj, piestany",40
8954,357770,1,0,0,"kosicky kraj, spisska nova ves",19
8955,357790,1,0,16,"nitriansky kraj, hurbanovo",74
8956,357880,1,0,19,"trenciansky kraj, trencin",72
8957,357983,1,0,0,"ceska republika, cz - plzensky kraj",50
8958,357985,1,1,19,"banskobystricky kraj, hrinova",52
8959,357989,1,0,18,"banskobystricky kraj, detva",59
8962,358156,1,1,19,"nitriansky kraj, sala",64
8960,358042,1,1,21,"bratislavsky kraj, bratislava - ruzinov",76
8961,358154,1,1,19,"nitriansky kraj, sala",45
8963,358189,1,0,0,"trenciansky kraj, ilava",31
8965,358321,1,0,0,"nitriansky kraj, sala",71
8966,358325,1,0,18,"nitriansky kraj, sala",71
8964,358307,1,0,0,"nitriansky kraj, nove zamky",69
8968,358383,1,0,0,"nitriansky kraj, nove zamky",78
8967,358337,1,0,0,"nitriansky kraj, sala",31
8970,358443,1,0,0,"nitriansky kraj, komarno",78
8971,358482,1,0,18,"nitriansky kraj, komarno",14
8969,358437,1,1,0,"trnavsky kraj, dunajska streda",50
8972,358650,1,0,20,"nitriansky kraj, sala",16
8973,358661,1,0,0,"nitriansky kraj, sala",66
8974,358764,1,0,24,"trenciansky kraj, banovce nad bebravou",62
8975,358855,1,1,0,"kosicky kraj, moldava nad bodvou",66
8976,359030,1,1,21,"zahranicie, zahranicie - gb",71
8981,359186,1,0,0,"kosicky kraj, michalovce",14
8978,359109,1,0,19,"trnavsky kraj, sladkovicovo",79
8979,359110,1,1,20,"presovsky kraj, poprad",79
8977,359051,1,0,22,"presovsky kraj, svit",71
8982,359205,1,0,0,"zahranicie, zahranicie - ostatne",66
8980,359173,1,0,21,"presovsky kraj, lipany",19
8984,359387,1,1,0,"zahranicie, zahranicie - ostatne",64
8985,359395,1,0,21,"trnavsky kraj, galanta",79
8983,359382,1,0,19,"kosicky kraj, spisska nova ves",57
8986,359454,1,0,17,"trnavsky kraj, galanta",67
8988,359524,1,0,17,"nitriansky kraj, vrable",93
8987,359514,1,0,0,"nitriansky kraj, vrable",21
8992,359746,1,1,19,"presovsky kraj, presov",12
8991,359718,1,0,18,"zahranicie, zahranicie - usa",64
8989,359585,1,0,18,"presovsky kraj, stara lubovna",76
8990,359682,1,0,16,"presovsky kraj, vranov nad toplou",79
8996,359866,1,0,19,"kosicky kraj, krompachy",66
8994,359845,1,0,18,"presovsky kraj, bardejov",55
8995,359846,1,0,18,"nitriansky kraj, vrable",69
8993,359818,1,0,0,"nitriansky kraj, vrable",12
8998,359947,1,1,0,"zahranicie, zahranicie - ostatne",14
8999,360054,1,1,22,"presovsky kraj, stara lubovna",60
8997,359934,1,1,22,"nitriansky kraj, topolcany",67
9002,360261,1,0,0,"presovsky kraj, stara lubovna",74
9001,360235,1,0,0,"zilinsky kraj, namestovo",83
9000,360220,1,0,22,"presovsky kraj, stara lubovna",57
9003,360414,1,0,0,"trenciansky kraj, trencin",84
9004,360663,1,0,18,"nitriansky kraj, nitra",74
9005,360748,1,0,24,"presovsky kraj, lipany",71
9006,360763,1,1,0,"trenciansky kraj, puchov",66
9010,361021,1,0,19,"presovsky kraj, presov",59
9008,360951,1,0,17,"presovsky kraj, stara lubovna",88
9007,360924,1,0,24,"kosicky kraj, trebisov",84
9009,360997,1,1,0,"nitriansky kraj, sturovo",12
9011,361062,1,1,0,"nitriansky kraj, nitra",52
9012,361116,1,1,19,"presovsky kraj, presov",12
9014,361212,1,0,21,"nitriansky kraj, nitra",53
9015,361229,1,0,18,"nitriansky kraj, kolarovo",64
9013,361137,1,0,0,"nitriansky kraj, kolarovo",59
9017,361295,1,1,0,"kosicky kraj, kosice - okolie",64
9019,361403,1,1,26,"nitriansky kraj, kolarovo",55
9016,361273,1,1,0,"nitriansky kraj, kolarovo",66
9018,361355,1,1,0,"nitriansky kraj, kolarovo",62
9020,361464,1,1,20,"presovsky kraj, stara lubovna",14
9021,361553,1,0,18,"banskobystricky kraj, hrinova",24
9022,361555,1,0,0,"banskobystricky kraj, hrinova",64
9024,361749,0,0,0,"kosicky kraj, kosice - okolie",91
9025,361766,1,0,19,"trenciansky kraj, prievidza",57
9023,361722,1,0,19,"kosicky kraj, strazske",81
9026,361947,1,1,21,"trenciansky kraj, dubnica nad vahom",47
9027,362006,1,0,19,"presovsky kraj, presov",43
9028,362054,1,1,0,"banskobystricky kraj, banska bystrica",66
9029,362167,1,1,22,"zahranicie, zahranicie - francuzsko",50
9031,362510,0,1,24,"zilinsky kraj, ruzomberok",83
9030,362378,1,0,17,"presovsky kraj, vranov nad toplou",38
9032,362699,1,0,19,"banskobystricky kraj, filakovo",64
9033,362703,1,0,18,"trenciansky kraj, nove mesto nad vahom",22
9034,362841,1,0,19,"presovsky kraj, presov",66
9035,362893,1,0,0,"kosicky kraj, spisska nova ves",74
9036,363038,1,1,0,"nitriansky kraj, levice",100
9037,363073,1,0,0,"kosicky kraj, kosice - okolie",74
9038,363192,1,0,20,"presovsky kraj, bardejov",72
9040,363499,1,0,19,"banskobystricky kraj, filakovo",71
9039,363432,1,1,22,"banskobystricky kraj, hrinova",66
9042,363589,1,1,20,"zahranicie, zahranicie - gb",31
9041,363550,1,0,19,"kosicky kraj, kosice - zapad",57
9043,363694,1,1,20,"presovsky kraj, presov",16
9045,363799,1,1,17,"zahranicie, zahranicie - gb",59
9044,363763,1,1,22,"presovsky kraj, presov",74
9046,364045,1,0,18,"presovsky kraj, presov",16
9047,364194,1,0,0,"presovsky kraj, presov",86
9049,364255,1,0,42,"bratislavsky kraj, bratislava - ruzinov",60
9050,364295,1,1,0,"zahranicie, zahranicie - usa",71
9052,364352,1,0,24,"zahranicie, zahranicie - ostatne",34
9051,364296,1,0,0,"banskobystricky kraj, filakovo",33
9048,364239,1,0,16,"banskobystricky kraj, filakovo",69
9053,364513,1,1,0,"trenciansky kraj, banovce nad bebravou",62
9054,364699,1,1,22,"presovsky kraj, presov",12
9055,364718,1,0,0,"zilinsky kraj, zilina",45
9056,364843,1,0,17,"presovsky kraj, spisska stara ves",79
9057,364897,1,0,18,"presovsky kraj, lipany",50
9059,364975,1,0,19,"bratislavsky kraj, bratislava - lamac",83
9060,365050,1,1,19,"nitriansky kraj, nove zamky",26
9062,365314,1,1,0,"zilinsky kraj, ruzomberok",36
9061,365259,1,0,19,"kosicky kraj, kosice - juh",66
9058,364920,1,0,30,"nitriansky kraj, sturovo",74
9063,365552,1,1,0,"ceska republika, cz - budejovicky kraj",50
9064,365660,1,1,24,"trnavsky kraj, vrbove",71
9066,365990,1,0,23,"nitriansky kraj, komarno",78
9065,365865,1,1,19,"presovsky kraj, lipany",66
9068,366038,1,1,0,"presovsky kraj, stara lubovna",24
9067,366000,1,1,25,"nitriansky kraj, komarno",67
9073,366211,1,1,20,"kosicky kraj, velke kapusany",72
9074,366229,1,1,0,"zahranicie, zahranicie - usa",79
9069,366187,1,0,16,"zahranicie, zahranicie - ostatne",79
9071,366203,1,1,23,"kosicky kraj, velke kapusany",41
9072,366208,1,0,17,"kosicky kraj, velke kapusany",74
9076,366261,1,1,0,"presovsky kraj, presov",71
9077,366265,1,1,21,"presovsky kraj, lipany",72
9070,366188,1,0,0,"trnavsky kraj, samorin",59
9075,366252,1,0,0,"kosicky kraj, michalovce",40
9078,366354,1,0,22,"kosicky kraj, velke kapusany",69
9079,366385,1,1,22,"kosicky kraj, kosice - zapad",71
9080,366585,1,0,17,"presovsky kraj, sabinov",53
9083,366729,1,1,0,"bratislavsky kraj, stupava",57
9081,366640,1,1,0,"presovsky kraj, presov",43
9082,366644,1,1,21,"presovsky kraj, presov",40
9085,367221,1,1,18,"trenciansky kraj, myjava",71
9084,366974,1,0,0,"nitriansky kraj, nitra",24
9086,367317,1,1,22,"zilinsky kraj, namestovo",64
9087,367429,1,0,20,"trenciansky kraj, trencin",66
9089,367568,1,1,38,"nitriansky kraj, nove zamky",17
9088,367437,1,1,25,"trnavsky kraj, dunajska streda",48
9090,367737,0,1,0,"zahranicie, zahranicie - ostatne",50
9091,367844,1,0,19,"banskobystricky kraj, detva",14
9092,367962,1,1,21,"presovsky kraj, vranov nad toplou",64
9093,367977,1,1,12,"ceska republika, cz - budejovicky kraj",86
9095,368099,1,1,0,"ceska republika, cz - praha",67
9096,368120,1,1,17,"zahranicie, zahranicie - gb",81
9094,368083,1,0,20,"kosicky kraj, kosice - okolie",41
9097,368267,1,0,18,"presovsky kraj, stara lubovna",69
9099,368315,1,1,18,"zahranicie, zahranicie - gb",59
9098,368275,0,0,0,"presovsky kraj, humenne",74
9101,368436,1,0,0,"kosicky kraj, kralovsky chlmec",14
9103,368509,1,1,21,"presovsky kraj, hanusovce nad toplou",79
9102,368438,1,1,18,"kosicky kraj, kralovsky chlmec",12
9100,368413,1,0,17,"kosicky kraj, kralovsky chlmec",71
9104,368537,1,0,0,"presovsky kraj, giraltovce",29
9107,368611,1,0,16,"presovsky kraj, hanusovce nad toplou",76
9106,368602,1,1,21,"kosicky kraj, cierna nad tisou",67
9108,368657,1,0,0,"banskobystricky kraj, banska bystrica",57
9105,368556,1,1,0,"kosicky kraj, kosice - okolie",76
9109,368676,1,0,0,"kosicky kraj, kralovsky chlmec",48
9112,368764,1,0,0,"presovsky kraj, hanusovce nad toplou",33
9113,368779,1,1,21,"kosicky kraj, velke kapusany",62
9115,368806,1,1,0,"kosicky kraj, kralovsky chlmec",62
9114,368802,1,1,0,"zahranicie, zahranicie - ostatne",52
9110,368721,1,1,18,"kosicky kraj, cierna nad tisou",74
9111,368724,1,0,15,"presovsky kraj, hanusovce nad toplou",81
9116,368853,1,1,29,"bratislavsky kraj, bratislava - okolie",59
9119,368931,1,1,23,"kosicky kraj, kralovsky chlmec",60
9117,368894,1,1,0,"kosicky kraj, cierna nad tisou",72
9118,368895,1,0,21,"kosicky kraj, cierna nad tisou",16
9120,368999,1,0,0,"nitriansky kraj, komarno",60
9121,369122,1,1,20,"zahranicie, zahranicie - ostatne",14
9122,369158,1,1,22,"presovsky kraj, poprad",12
9123,369228,1,0,21,"bratislavsky kraj, bratislava - okolie",60
9124,369346,1,1,19,"kosicky kraj, kosice - sever",14
9125,369347,1,1,20,"trenciansky kraj, banovce nad bebravou",74
9126,369384,0,0,18,"kosicky kraj, roznava",69
9127,369515,1,1,19,"zilinsky kraj, namestovo",81
9128,369608,1,1,16,"zilinsky kraj, dolny kubin",72
9130,369709,1,1,0,"kosicky kraj, kosice - okolie",72
9131,369711,1,0,29,"presovsky kraj, humenne",16
9129,369667,1,0,18,"zahranicie, zahranicie - kanada",83
9134,369931,1,1,15,"presovsky kraj, vranov nad toplou",16
9132,369792,1,0,15,"zahranicie, zahranicie - kanada",59
9135,369952,1,1,0,"zahranicie, zahranicie - gb",17
9136,369954,1,1,0,"presovsky kraj, snina",74
9133,369836,1,1,0,"bratislavsky kraj, bratislava - okolie",67
9140,370039,0,0,21,"zahranicie, zahranicie - ostatne",90
9137,369957,1,1,0,"presovsky kraj, snina",47
9138,370033,1,0,16,"presovsky kraj, snina",81
9139,370035,1,1,0,"zahranicie, zahranicie - gb",41
9141,370106,1,1,0,"presovsky kraj, humenne",24
9144,370190,1,0,0,"presovsky kraj, vranov nad toplou",86
9142,370119,1,0,19,"trenciansky kraj, prievidza",24
9143,370147,1,1,19,"trenciansky kraj, nove mesto nad vahom",76
9145,370354,1,0,22,"trnavsky kraj, trnava",72
9147,370637,1,1,18,"presovsky kraj, vranov nad toplou",93
9148,370745,1,0,21,"nitriansky kraj, nove zamky",79
9146,370628,1,1,19,"kosicky kraj, michalovce",90
9149,370783,1,1,18,"presovsky kraj, presov",76
9150,370869,1,1,0,"kosicky kraj, michalovce",62
9151,371205,1,1,16,"presovsky kraj, stara lubovna",88
9154,371418,1,1,16,"kosicky kraj, spisska nova ves",28
9152,371303,1,1,0,"zahranicie, zahranicie - ostatne",91
9153,371410,1,1,0,"zahranicie, zahranicie - gb",74
9155,371596,1,1,18,"presovsky kraj, snina",76
9156,371617,1,0,31,"ceska republika, cz - budejovicky kraj",12
9157,371748,1,1,21,"kosicky kraj, michalovce",67
9160,371851,0,0,0,"bratislavsky kraj, bratislava - okolie",86
9159,371828,1,0,21,"kosicky kraj, kosice - zapad",76
9161,371912,1,0,26,"presovsky kraj, snina",43
9158,371809,1,1,20,"presovsky kraj, vranov nad toplou",36
9162,371944,1,0,0,"zahranicie, zahranicie - gb",91
9164,372003,1,1,17,"banskobystricky kraj, rimavska sobota",78
9163,371961,1,1,0,"presovsky kraj, snina",38
9165,372038,1,1,0,"presovsky kraj, vranov nad toplou",83
9168,372137,1,1,15,"presovsky kraj, snina",69
9169,372139,1,1,17,"kosicky kraj, michalovce",64
9166,372133,1,1,20,"zahranicie, zahranicie - gb",76
9167,372134,1,1,16,"presovsky kraj, humenne",90
9170,372317,1,0,13,"bratislavsky kraj, bratislava - stare mesto",95
9172,372421,1,1,18,"bratislavsky kraj, senec",69
9171,372401,1,1,0,"trnavsky kraj, dunajska streda",26
9173,372725,1,1,0,"presovsky kraj, presov",90
9174,372745,1,0,18,"trnavsky kraj, piestany",41
9176,372820,1,1,17,"banskobystricky kraj, rimavska sobota",64
9177,372823,1,0,0,"trnavsky kraj, galanta",14
9175,372779,1,0,17,"presovsky kraj, humenne",88
9178,372906,1,1,0,"presovsky kraj, snina",90
9181,372978,1,1,0,"presovsky kraj, kezmarok",88
9179,372911,1,1,19,"kosicky kraj, michalovce",69
9180,372921,1,0,20,"presovsky kraj, humenne",78
9182,372981,0,1,19,"kosicky kraj, michalovce",88
9185,373013,1,1,0,"kosicky kraj, trebisov",81
9183,373001,1,1,0,"zahranicie, zahranicie - gb",81
9184,373002,1,1,20,"zahranicie, zahranicie - gb",98
9186,373185,1,1,22,"kosicky kraj, spisska nova ves",41
9187,373431,1,0,0,"trnavsky kraj, piestany",67
9188,373602,1,0,20,"kosicky kraj, roznava",83
9189,373652,1,1,17,"presovsky kraj, presov",55
9190,373741,1,1,16,"ceska republika, cz - praha",64
9191,373841,1,1,22,"zahranicie, zahranicie - gb",86
9195,374015,1,0,0,"trnavsky kraj, dunajska streda",64
9193,373918,1,1,19,"zahranicie, zahranicie - gb",91
9192,373867,0,0,0,"kosicky kraj, kosice - okolie",79
9196,374068,1,1,20,"kosicky kraj, michalovce",76
9194,373979,1,1,18,"kosicky kraj, michalovce",76
9201,374221,1,0,16,"presovsky kraj, poprad",88
9197,374104,1,1,0,"presovsky kraj, humenne",97
9199,374179,0,1,0,"presovsky kraj, humenne",60
9200,374211,0,0,0,"presovsky kraj, vranov nad toplou",91
9202,374232,1,1,24,"bratislavsky kraj, bratislava - petrzalka",33
9198,374168,1,1,18,"kosicky kraj, michalovce",74
9203,374258,1,0,0,"zahranicie, zahranicie - gb",88
9205,374407,1,1,18,"ceska republika, cz - praha",24
9204,374261,1,1,0,"presovsky kraj, vranov nad toplou",50
9206,374444,0,0,20,"kosicky kraj, spisska nova ves",74
9211,374614,1,1,0,"zahranicie, zahranicie - gb",69
9213,374642,1,0,18,"zahranicie, zahranicie - ostatne",83
9208,374590,1,1,0,"presovsky kraj, vranov nad toplou",41
9209,374592,1,1,0,"presovsky kraj, poprad",88
9207,374562,1,1,18,"presovsky kraj, vranov nad toplou",79
9214,374664,0,1,22,"kosicky kraj, michalovce",24
9215,374722,1,0,29,"kosicky kraj, michalovce",62
9210,374608,1,1,19,"presovsky kraj, vranov nad toplou",24
9212,374635,1,1,19,"zahranicie, zahranicie - gb",72
9216,374725,1,1,0,"zahranicie, zahranicie - ostatne",84
9217,374727,1,1,20,"zahranicie, zahranicie - gb",41
9218,374730,1,1,40,"bratislavsky kraj, senec",60
9221,374875,1,1,34,"kosicky kraj, kosice - dargovskych hrdinov",22
9222,374929,1,1,0,"kosicky kraj, kosice - ostatne",84
9219,374782,1,1,27,"kosicky kraj, michalovce",69
9223,375018,1,1,17,"kosicky kraj, kosice - okolie",86
9220,374825,1,1,28,"kosicky kraj, kosice - saca",78
9224,375027,1,0,16,"presovsky kraj, bardejov",72
9226,375167,1,0,0,"zahranicie, zahranicie - ostatne",69
9225,375148,1,1,0,"presovsky kraj, svidnik",93
9229,375262,1,1,20,"zahranicie, zahranicie - francuzsko",83
9227,375225,1,1,18,"kosicky kraj, spisska nova ves",78
9230,375265,1,0,17,"zahranicie, zahranicie - gb",41
9228,375252,1,1,0,"presovsky kraj, bardejov",69
9231,375664,1,1,11,"banskobystricky kraj, poltar",12
9232,375671,1,0,0,"presovsky kraj, hanusovce nad toplou",64
9233,375788,1,0,18,"kosicky kraj, kosice - okolie",52
9234,375882,1,0,0,"kosicky kraj, spisska nova ves",83
9236,376030,1,0,16,"trenciansky kraj, banovce nad bebravou",84
9237,376100,1,1,0,"ceska republika, cz - praha",29
9235,375990,1,1,34,"trnavsky kraj, dunajska streda",24
9239,376328,1,1,26,"presovsky kraj, presov",34
9238,376267,1,1,30,"trenciansky kraj, bojnice",12
9240,376526,1,0,17,"kosicky kraj, krompachy",97
9241,376528,1,1,19,"kosicky kraj, velke kapusany",55
9242,376555,1,1,19,"trenciansky kraj, prievidza",83
9244,376643,1,1,18,"presovsky kraj, bardejov",22
9243,376569,1,0,17,"banskobystricky kraj, rimavska sobota",74
9245,376712,1,1,0,"kosicky kraj, trebisov",86
9247,376762,1,1,0,"presovsky kraj, svidnik",47
9246,376732,1,0,0,"kosicky kraj, cierna nad tisou",29
9249,376854,1,1,0,"zahranicie, zahranicie - gb",69
9248,376836,1,1,17,"presovsky kraj, sabinov",19
9251,376926,1,1,20,"kosicky kraj, spisska nova ves",26
9252,376927,1,1,0,"kosicky kraj, velke kapusany",71
9253,376984,1,0,0,"kosicky kraj, kralovsky chlmec",17
9255,377012,1,1,0,"banskobystricky kraj, filakovo",19
9250,376916,1,0,17,"presovsky kraj, bardejov",60
9256,377018,1,0,0,"kosicky kraj, cierna nad tisou",41
9257,377038,0,1,23,"kosicky kraj, kosice - okolie",40
9254,377008,1,0,18,"kosicky kraj, kralovsky chlmec",12
9258,377191,1,1,0,"trenciansky kraj, prievidza",14
9260,377236,1,1,0,"kosicky kraj, kosice - zapad",72
9259,377233,1,1,17,"banskobystricky kraj, rimavska sobota",19
9261,377369,1,1,0,"presovsky kraj, bardejov",90
9268,377628,1,1,0,"trnavsky kraj, dunajska streda",12
9262,377497,1,1,18,"nitriansky kraj, sturovo",91
9263,377501,1,0,18,"presovsky kraj, stropkov",64
9264,377558,1,1,26,"trnavsky kraj, dunajska streda",12
9267,377605,1,1,24,"kosicky kraj, velke kapusany",16
9265,377562,1,0,0,"kosicky kraj, michalovce",74
9266,377594,1,1,24,"kosicky kraj, kralovsky chlmec",36
9271,377813,1,1,19,"zahranicie, zahranicie - ostatne",43
9270,377790,1,1,17,"presovsky kraj, stropkov",60
9272,377868,1,0,0,"kosicky kraj, cierna nad tisou",21
9275,377926,1,1,18,"kosicky kraj, kralovsky chlmec",71
9269,377758,0,1,29,"nitriansky kraj, komarno",62
9276,377942,1,1,20,"trnavsky kraj, dunajska streda",16
9278,378047,1,0,0,"kosicky kraj, cierna nad tisou",83
9273,377895,1,1,21,"presovsky kraj, poprad",64
9277,378004,1,1,19,"kosicky kraj, kralovsky chlmec",19
9274,377909,1,0,17,"kosicky kraj, kosice - sever",78
9279,378066,1,1,0,"zahranicie, zahranicie - gb",31
9280,378102,0,0,0,"nitriansky kraj, nove zamky",53
9281,378104,1,0,18,"kosicky kraj, cierna nad tisou",34
9285,378363,1,1,18,"kosicky kraj, kosice - zapad",17
9286,378364,1,0,0,"zahranicie, zahranicie - gb",91
9287,378367,1,0,16,"presovsky kraj, presov",22
9288,378397,1,0,17,"nitriansky kraj, sala",74
9284,378342,1,0,0,"zahranicie, zahranicie - gb",24
9282,378322,1,0,0,"nitriansky kraj, nove zamky",72
9283,378325,1,0,0,"nitriansky kraj, sala",67
9290,378498,1,1,20,"zahranicie, zahranicie - francuzsko",74
9291,378592,1,0,19,"trenciansky kraj, trencin",16
9289,378435,1,1,17,"nitriansky kraj, topolcany",79
9294,378800,1,1,20,"kosicky kraj, cierna nad tisou",71
9295,378801,1,1,0,"zahranicie, zahranicie - ostatne",14
9293,378699,0,0,0,"zahranicie, zahranicie - gb",64
9297,378901,1,1,0,"trnavsky kraj, vrbove",60
9299,378932,0,1,0,"trnavsky kraj, galanta",60
9298,378920,1,1,0,"bratislavsky kraj, malacky",79
9292,378613,1,1,20,"nitriansky kraj, komarno",17
9296,378868,1,1,0,"zilinsky kraj, zilina",41
9300,378995,1,1,0,"presovsky kraj, snina",83
9301,379035,1,1,23,"presovsky kraj, kezmarok",12
9302,379200,1,1,21,"nitriansky kraj, levice",81
9303,379396,1,0,22,"kosicky kraj, kosice - okolie",76
9304,379407,1,0,21,"kosicky kraj, kosice - okolie",76
9305,379469,1,0,0,"kosicky kraj, moldava nad bodvou",78
9306,379526,1,0,0,"kosicky kraj, moldava nad bodvou",59
9307,379529,1,1,0,"kosicky kraj, kosice - okolie",50
9308,379737,1,0,19,"kosicky kraj, kosice - okolie",28
9310,380317,1,0,18,"trenciansky kraj, prievidza",57
9309,380275,1,1,20,"kosicky kraj, kosice - ostatne",24
9311,380361,1,0,16,"kosicky kraj, spisska nova ves",59
9312,380408,1,0,16,"zahranicie, zahranicie - gb",76
9313,380674,1,0,15,"zahranicie, zahranicie - gb",81
9314,380943,1,1,0,"nitriansky kraj, nitra",69
9315,381185,1,1,0,"bratislavsky kraj, bratislava - ostatne",14
9316,381201,1,1,22,"kosicky kraj, moldava nad bodvou",71
9318,381378,1,1,18,"presovsky kraj, levoca",29
9317,381365,1,0,19,"presovsky kraj, stropkov",64
9319,381434,1,0,0,"trenciansky kraj, myjava",67
9321,381799,1,0,14,"banskobystricky kraj, brezno",84
9322,381827,0,0,13,"ceska republika, cz - praha",12
9320,381654,1,1,0,"zahranicie, zahranicie - ostatne",16
9324,382024,1,0,18,"zahranicie, zahranicie - kanada",78
9323,382015,1,1,24,"trnavsky kraj, galanta",69
9326,382173,1,1,20,"banskobystricky kraj, lucenec",60
9327,382175,1,1,0,"nitriansky kraj, sahy",71
9325,382091,1,1,17,"kosicky kraj, michalovce",90
9328,382383,1,1,17,"trenciansky kraj, myjava",74
9329,382402,1,0,15,"kosicky kraj, michalovce",72
9330,382473,1,0,14,"zahranicie, zahranicie - gb",81
9332,382533,0,0,17,"presovsky kraj, poprad",98
9334,382564,1,0,16,"kosicky kraj, trebisov",12
9331,382474,1,0,0,"zahranicie, zahranicie - gb",78
9333,382557,1,0,0,"kosicky kraj, roznava",74
9335,382577,1,1,15,"kosicky kraj, kosice - okolie",72
9341,382636,1,0,15,"presovsky kraj, humenne",31
9336,382579,1,1,0,"zahranicie, zahranicie - gb",60
9342,382696,1,0,16,"zahranicie, zahranicie - gb",21
9343,382697,1,1,23,"kosicky kraj, michalovce",78
9337,382627,1,0,14,"zahranicie, zahranicie - gb",36
9338,382628,1,0,0,"kosicky kraj, michalovce",50
9345,382835,1,0,17,"trnavsky kraj, senica",31
9339,382632,1,0,14,"banskobystricky kraj, tornala",12
9344,382703,1,0,19,"zahranicie, zahranicie - gb",59
9340,382635,0,1,0,"kosicky kraj, kosice - okolie",86
9346,382853,1,0,15,"kosicky kraj, spisska nova ves",83
9348,383102,1,0,0,"kosicky kraj, spisska nova ves",26
9347,383048,1,1,19,"presovsky kraj, vranov nad toplou",69
9351,383148,1,0,0,"trenciansky kraj, stara tura",28
9349,383124,1,0,21,"banskobystricky kraj, velky krtis",72
9350,383125,1,0,17,"trnavsky kraj, galanta",43
9352,383184,0,0,0,"kosicky kraj, michalovce",33
9353,383185,1,0,15,"zahranicie, zahranicie - gb",86
9354,383188,1,0,0,"ceska republika, cz - ustecky kraj",81
9356,383793,1,0,0,"trenciansky kraj, prievidza",95
9355,383789,1,0,19,"kosicky kraj, roznava",91
9357,383880,1,0,34,"presovsky kraj, poprad",67
9358,383945,1,0,17,"presovsky kraj, poprad",86
9359,384031,1,1,19,"banskobystricky kraj, revuca",62
9363,384347,0,0,18,"kosicky kraj, kosice - sidlisko tahanovce",86
9360,384314,1,0,17,"kosicky kraj, kosice - okolie",31
9361,384343,1,0,16,"zahranicie, zahranicie - gb",74
9364,384360,1,1,24,"presovsky kraj, sabinov",67
9362,384345,1,1,14,"banskobystricky kraj, poltar",16
9365,384607,1,0,21,"kosicky kraj, michalovce",86
9366,384608,1,0,17,"zahranicie, zahranicie - gb",76
9367,384611,1,0,19,"zahranicie, zahranicie - gb",38
9369,384718,1,1,18,"kosicky kraj, michalovce",84
9370,384761,1,0,18,"presovsky kraj, presov",21
9371,384813,1,0,22,"zahranicie, zahranicie - gb",48
9372,384844,1,0,20,"nitriansky kraj, sturovo",67
9368,384671,1,0,19,"zahranicie, zahranicie - gb",74
9373,384875,1,0,17,"zahranicie, zahranicie - gb",79
9374,384878,0,0,0,"zahranicie, zahranicie - gb",88
9375,385240,1,0,16,"kosicky kraj, kosice - okolie",22
9377,385293,1,1,0,"kosicky kraj, kosice - okolie",72
9379,385322,1,0,0,"banskobystricky kraj, banska bystrica",21
9378,385295,1,0,18,"kosicky kraj, kosice - okolie",31
9376,385288,1,1,0,"kosicky kraj, kosice - okolie",40
9380,385326,1,0,0,"presovsky kraj, presov",59
9382,385414,1,1,20,"kosicky kraj, kosice - okolie",62
9383,385456,1,0,15,"kosicky kraj, kosice - okolie",64
9381,385409,1,0,0,"kosicky kraj, kosice - okolie",55
9384,385548,1,1,0,"kosicky kraj, kosice - krasna nad hornadom",14
9385,385556,1,0,0,"kosicky kraj, kosice - zapad",55
9386,385559,1,0,18,"kosicky kraj, kosice - okolie",31
9388,385613,1,1,26,"presovsky kraj, bardejov",62
9387,385601,1,0,0,"zahranicie, zahranicie - ostatne",50
9389,385753,1,0,18,"zahranicie, zahranicie - gb",84
9392,385981,0,0,0,"zahranicie, zahranicie - usa",12
9391,385969,1,0,15,"zahranicie, zahranicie - gb",90
9390,385859,1,0,17,"zahranicie, zahranicie - gb",81
9393,386032,1,0,19,"zahranicie, zahranicie - gb",98
9394,386052,1,1,0,"kosicky kraj, kosice - sidlisko tahanovce",66
9396,386106,1,0,0,"zahranicie, zahranicie - gb",86
9395,386083,1,1,18,"nitriansky kraj, sala",71
9397,386139,1,0,0,"nitriansky kraj, nitra",22
9398,386205,0,0,0,"zahranicie, zahranicie - kanada",55
9399,386380,1,1,17,"presovsky kraj, presov",29
9401,386628,1,0,0,"kosicky kraj, kosice - okolie",74
9400,386475,0,0,0,"kosicky kraj, trebisov",50
9402,386785,1,1,18,"kosicky kraj, velke kapusany",36
9405,387061,1,1,20,"trnavsky kraj, dunajska streda",71
9406,387077,1,0,17,"bratislavsky kraj, malacky",71
9403,386966,1,0,0,"bratislavsky kraj, malacky",81
9404,387025,1,0,15,"presovsky kraj, vranov nad toplou",90
9407,387196,1,0,33,"zilinsky kraj, zilina",79
9409,387513,1,1,15,"kosicky kraj, kosice - krasna nad hornadom",88
9408,387503,1,1,0,"kosicky kraj, kosice - okolie",78
9410,387779,1,1,17,"zahranicie, zahranicie - ostatne",88
9411,387832,1,1,19,"bratislavsky kraj, malacky",59
9414,387956,1,1,20,"bratislavsky kraj, bratislava - okolie",60
9416,388010,1,0,18,"trnavsky kraj, holic",47
9415,387975,1,0,24,"trenciansky kraj, prievidza",66
9412,387876,1,0,0,"zahranicie, zahranicie - gb",72
9413,387898,1,0,16,"trnavsky kraj, vrbove",71
9417,388132,1,0,0,"zahranicie, zahranicie - ostatne",93
9418,388219,1,1,0,"trenciansky kraj, dubnica nad vahom",14
9419,388270,1,1,18,"bratislavsky kraj, malacky",57
9420,388579,1,1,19,"nitriansky kraj, nove zamky",60
9421,388956,1,0,0,"nitriansky kraj, sala",62
9422,388989,1,0,15,"ceska republika, cz - ustecky kraj",50
9424,389195,1,0,19,"kosicky kraj, spisska nova ves",84
9425,389232,1,0,0,"kosicky kraj, krompachy",83
9426,389259,1,0,19,"trnavsky kraj, holic",66
9423,389037,1,0,17,"presovsky kraj, humenne",84
9428,389417,1,1,0,"banskobystricky kraj, banska bystrica",72
9427,389414,1,1,20,"zilinsky kraj, namestovo",86
9430,389646,1,1,0,"kosicky kraj, spisska nova ves",22
9431,389662,1,1,0,"kosicky kraj, michalovce",41
9429,389580,1,0,17,"kosicky kraj, spisska nova ves",100
9434,389836,0,1,0,"presovsky kraj, bardejov",72
9435,389884,1,0,0,"presovsky kraj, bardejov",50
9436,389972,1,0,18,"kosicky kraj, spisska nova ves",16
9432,389726,0,0,20,"presovsky kraj, bardejov",91
9433,389729,1,1,20,"ceska republika, cz - plzensky kraj",86
9437,390111,1,0,0,"presovsky kraj, bardejov",67
9438,390470,0,1,19,"banskobystricky kraj, filakovo",19
9439,390648,1,1,17,"zahranicie, zahranicie - gb",84
9440,390812,1,1,18,"banskobystricky kraj, filakovo",69
9441,390813,1,1,0,"banskobystricky kraj, filakovo",45
9442,390829,1,0,17,"banskobystricky kraj, filakovo",14
9443,390859,1,1,18,"banskobystricky kraj, filakovo",83
9445,390992,1,0,16,"nitriansky kraj, levice",14
9444,390968,1,1,0,"nitriansky kraj, levice",66
9446,391130,1,0,0,"kosicky kraj, michalovce",19
9447,391444,1,0,27,"trnavsky kraj, sered",50
9448,391476,1,0,0,"trenciansky kraj, puchov",24
9449,391621,1,1,0,"presovsky kraj, humenne",69
9452,391712,1,0,18,"banskobystricky kraj, detva",66
9450,391632,1,1,0,"zahranicie, zahranicie - usa",72
9451,391686,1,0,17,"banskobystricky kraj, detva",67
9453,391855,1,0,18,"trnavsky kraj, trnava",67
9456,391996,1,0,18,"nitriansky kraj, hurbanovo",67
9454,391970,1,1,18,"nitriansky kraj, nitra",98
9457,392029,1,1,25,"nitriansky kraj, nove zamky",50
9458,392035,1,1,17,"nitriansky kraj, nove zamky",60
9455,391989,1,1,16,"nitriansky kraj, nove zamky",67
9459,392119,1,1,0,"zahranicie, zahranicie - ostatne",12
9460,392164,1,0,18,"trnavsky kraj, trnava",71
9462,392402,1,1,18,"presovsky kraj, vranov nad toplou",88
9461,392324,1,0,17,"trnavsky kraj, trnava",22
9465,392491,1,1,0,"presovsky kraj, vranov nad toplou",57
9463,392427,1,1,20,"presovsky kraj, vranov nad toplou",69
9464,392441,1,1,0,"presovsky kraj, humenne",16
9466,392706,1,1,27,"nitriansky kraj, levice",12
9467,392915,1,0,16,"kosicky kraj, roznava",71
9470,393006,1,1,20,"presovsky kraj, lipany",72
9468,392951,1,1,17,"zahranicie, zahranicie - gb",91
9469,392998,1,1,21,"kosicky kraj, krompachy",78
9472,393155,1,1,0,"bratislavsky kraj, bratislava - petrzalka",12
9471,393027,1,1,0,"zahranicie, zahranicie - usa",40
9473,393208,1,0,30,"bratislavsky kraj, bratislava - vajnory",14
9474,393265,1,0,19,"presovsky kraj, bardejov",55
9477,393466,1,1,24,"bratislavsky kraj, bratislava - ruzinov",12
9476,393414,1,1,18,"zahranicie, zahranicie - gb",71
9475,393403,1,1,16,"presovsky kraj, presov",12
9478,393537,1,1,25,"presovsky kraj, vranov nad toplou",78
9479,393620,1,1,16,"presovsky kraj, presov",26
9480,393671,1,1,26,"presovsky kraj, bardejov",12
9481,393863,1,0,0,"zahranicie, zahranicie - ostatne",79
9482,394207,1,1,26,"kosicky kraj, michalovce",67
9483,394239,1,0,24,"banskobystricky kraj, revuca",74
9485,394727,1,0,20,"trenciansky kraj, handlova",76
9486,394774,1,1,17,"trenciansky kraj, handlova",78
9484,394718,1,0,19,"kosicky kraj, spisska nova ves",45
9487,394790,1,1,22,"trenciansky kraj, prievidza",60
9488,394942,1,1,0,"presovsky kraj, poprad",59
9489,395280,1,1,24,"nitriansky kraj, topolcany",12
9490,395574,1,1,0,"nitriansky kraj, topolcany",69
9491,395687,1,0,16,"presovsky kraj, bardejov",95
9492,395856,1,0,16,"presovsky kraj, humenne",93
9493,396059,1,1,0,"zahranicie, zahranicie - ostatne",90
9495,396364,1,0,0,"nitriansky kraj, kolarovo",34
9494,396298,1,1,0,"presovsky kraj, poprad",45
9497,396546,0,0,0,"kosicky kraj, kosice - stare mesto",91
9496,396510,1,1,17,"kosicky kraj, kosice - okolie",88
9498,396680,1,0,14,"presovsky kraj, presov",86
9502,396770,1,1,23,"zahranicie, zahranicie - gb",59
9501,396759,1,1,20,"trnavsky kraj, galanta",71
9499,396684,1,0,17,"zahranicie, zahranicie - gb",28
9503,396882,1,1,0,"kosicky kraj, roznava",31
9500,396720,1,0,15,"presovsky kraj, levoca",93
9505,397038,1,1,18,"banskobystricky kraj, zvolen",86
9507,397172,1,0,0,"trenciansky kraj, partizanske",79
9504,396988,1,0,17,"zahranicie, zahranicie - usa",24
9509,397263,1,1,23,"presovsky kraj, levoca",26
9506,397160,1,1,15,"presovsky kraj, poprad",81
9508,397184,1,1,18,"banskobystricky kraj, krupina",24
9511,397430,1,1,20,"ceska republika, cz - karlovarsky kraj",59
9510,397302,1,1,17,"presovsky kraj, poprad",17
9512,397438,1,1,0,"kosicky kraj, spisska nova ves",88
9513,397536,1,0,0,"ceska republika, cz - praha",21
9515,397655,1,1,0,"presovsky kraj, poprad",98
9514,397543,0,0,0,"kosicky kraj, spisska nova ves",91
9517,397714,1,1,18,"banskobystricky kraj, tisovec",71
9518,397722,1,0,22,"zahranicie, zahranicie - kanada",16
9516,397687,1,1,15,"presovsky kraj, snina",38
9520,398001,1,1,18,"zahranicie, zahranicie - gb",59
9522,398041,1,1,0,"zahranicie, zahranicie - francuzsko",86
9519,397783,1,1,20,"trnavsky kraj, piestany",71
9521,398006,1,1,0,"zahranicie, zahranicie - gb",21
9523,398169,1,1,0,"kosicky kraj, trebisov",90
9524,398245,1,0,0,"banskobystricky kraj, velky krtis",14
9525,398328,1,1,0,"trenciansky kraj, trencianske teplice",14
9526,398421,1,1,0,"zahranicie, zahranicie - kanada",81
9527,398512,1,1,7,"presovsky kraj, hanusovce nad toplou",71
9529,398567,1,0,18,"presovsky kraj, sabinov",83
9531,398611,1,0,0,"kosicky kraj, krompachy",76
9528,398519,1,0,17,"presovsky kraj, sabinov",31
9530,398577,1,1,15,"banskobystricky kraj, poltar",84
9532,398824,1,0,0,"trenciansky kraj, trencin",74
9533,398916,1,1,0,"presovsky kraj, hanusovce nad toplou",78
9534,399118,1,1,20,"trnavsky kraj, galanta",74
9536,399160,1,1,0,"kosicky kraj, kosice - dargovskych hrdinov",12
9540,399223,1,1,19,"trnavsky kraj, holic",71
9542,399278,1,1,0,"zahranicie, zahranicie - kanada",21
9537,399173,1,0,17,"nitriansky kraj, levice",59
9544,399349,1,1,19,"zahranicie, zahranicie - gb",38
9538,399177,1,0,0,"zahranicie, zahranicie - gb",52
9541,399255,0,1,0,"presovsky kraj, snina",66
9535,399145,1,0,19,"kosicky kraj, spisska nova ves",93
9539,399188,1,1,19,"kosicky kraj, spisska nova ves",66
9543,399342,1,0,18,"trnavsky kraj, galanta",84
9547,399556,1,1,17,"zahranicie, zahranicie - gb",69
9548,399560,1,1,25,"presovsky kraj, presov",43
9546,399548,1,1,37,"kosicky kraj, kosice - ostatne",12
9545,399434,1,0,17,"kosicky kraj, kosice - okolie",69
9549,399663,1,0,24,"banskobystricky kraj, krupina",59
9550,399674,1,1,18,"kosicky kraj, spisska nova ves",81
9553,399860,1,1,19,"zahranicie, zahranicie - gb",43
9551,399777,1,0,0,"zahranicie, zahranicie - australia",88
9552,399779,1,1,0,"kosicky kraj, kosice - saca",78
9554,399997,1,1,20,"zahranicie, zahranicie - gb",86
9555,400001,1,1,0,"kosicky kraj, michalovce",26
9556,400048,1,1,17,"zahranicie, zahranicie - gb",26
9558,400102,1,0,14,"kosicky kraj, kosice - stare mesto",12
9559,400174,1,1,0,"kosicky kraj, kosice - sever",100
9557,400079,1,1,17,"presovsky kraj, humenne",83
9560,400177,1,0,0,"kosicky kraj, michalovce",86
9561,400270,1,0,19,"banskobystricky kraj, krupina",26
9562,400273,1,0,18,"banskobystricky kraj, krupina",78
9563,400667,1,1,20,"kosicky kraj, kosice - zapad",55
9564,400821,1,0,18,"banskobystricky kraj, velky krtis",71
9565,400991,1,1,18,"nitriansky kraj, levice",66
9566,401172,1,0,23,"kosicky kraj, kosice - okolie",12
9567,401246,1,1,19,"trenciansky kraj, nova dubnica",60
9568,401423,1,0,0,"nitriansky kraj, levice",19
9569,401526,1,0,20,"nitriansky kraj, nove zamky",43
9570,401587,1,0,0,"presovsky kraj, stropkov",97
9571,401646,1,0,0,"banskobystricky kraj, revuca",83
9572,401705,1,0,18,"banskobystricky kraj, velky krtis",71
9573,401860,1,0,0,"banskobystricky kraj, brezno",12
9574,401908,1,1,17,"kosicky kraj, spisska nova ves",72
9575,401993,1,1,24,"nitriansky kraj, sala",19
9576,402295,1,1,20,"banskobystricky kraj, velky krtis",86
9580,402786,1,1,0,"kosicky kraj, michalovce",45
9578,402718,1,1,18,"kosicky kraj, trebisov",45
9581,402827,1,1,0,"presovsky kraj, presov",57
9577,402629,1,1,19,"presovsky kraj, presov",79
9579,402779,0,0,0,"zahranicie, zahranicie - gb",81
9584,402940,1,1,18,"zahranicie, zahranicie - kanada",78
9585,402944,1,0,0,"kosicky kraj, spisska nova ves",91
9582,402903,1,1,0,"kosicky kraj, medzev",86
9583,402909,1,1,18,"kosicky kraj, spisska nova ves",78
9587,403066,1,0,18,"trenciansky kraj, brezova pod bradlom",38
9586,403047,1,1,17,"nitriansky kraj, nove zamky",33
9588,403544,1,1,20,"kosicky kraj, kosice - okolie",66
9589,404395,1,1,21,"presovsky kraj, presov",62
9590,404500,1,1,0,"zilinsky kraj, trstena",31
9591,404601,1,1,0,"nitriansky kraj, komarno",81
9592,404705,1,0,0,"presovsky kraj, poprad",45
9593,405001,1,1,0,"nitriansky kraj, sahy",38
9596,405196,1,0,20,"presovsky kraj, presov",48
9594,405086,1,1,0,"trnavsky kraj, dunajska streda",69
9595,405174,1,0,0,"nitriansky kraj, sahy",64
9598,405301,1,1,21,"kosicky kraj, kosice - ostatne",14
9601,405486,1,0,18,"nitriansky kraj, sala",64
9603,405513,1,1,18,"nitriansky kraj, sala",12
9606,405543,1,1,0,"trnavsky kraj, galanta",64
9604,405520,1,1,0,"nitriansky kraj, sala",83
9602,405489,1,1,0,"trnavsky kraj, galanta",59
9599,405474,1,1,0,"trnavsky kraj, galanta",64
9600,405476,1,0,0,"trnavsky kraj, sladkovicovo",53
9607,405547,1,0,19,"nitriansky kraj, sala",14
9597,405299,1,1,18,"kosicky kraj, roznava",50
9608,405597,1,1,0,"nitriansky kraj, sala",67
9605,405535,1,0,18,"nitriansky kraj, sala",66
9610,405710,1,0,20,"presovsky kraj, presov",76
9611,405772,1,0,0,"nitriansky kraj, sahy",69
9609,405684,1,1,0,"kosicky kraj, roznava",72
9612,405936,1,1,0,"nitriansky kraj, sahy",53
9613,405950,1,1,20,"nitriansky kraj, zeliezovce",78
9614,406142,1,1,20,"presovsky kraj, presov",83
9617,406308,1,1,18,"presovsky kraj, vranov nad toplou",83
9615,406265,1,0,0,"presovsky kraj, vranov nad toplou",47
9616,406271,1,0,0,"presovsky kraj, hanusovce nad toplou",71
9618,406365,1,0,13,"presovsky kraj, vranov nad toplou",71
9619,406644,1,1,20,"banskobystricky kraj, detva",59
9620,406661,1,1,0,"kosicky kraj, kosice - zapad",57
9621,406942,0,1,18,"presovsky kraj, vranov nad toplou",91
9622,406979,1,1,19,"presovsky kraj, humenne",21
9623,407036,1,0,0,"presovsky kraj, presov",81
9624,407058,1,1,17,"presovsky kraj, vranov nad toplou",76
9625,407098,1,1,27,"kosicky kraj, kosice - barca",31
9626,407100,1,1,19,"presovsky kraj, vranov nad toplou",84
9627,407513,1,1,17,"zahranicie, zahranicie - gb",71
9628,407526,1,1,23,"presovsky kraj, kezmarok",72
9630,407796,1,1,27,"kosicky kraj, kosice - sidlisko tahanovce",12
9631,407852,1,1,0,"kosicky kraj, kosice - okolie",86
9629,407760,1,1,19,"presovsky kraj, vranov nad toplou",76
9634,408092,1,1,24,"nitriansky kraj, nitra",64
9632,408079,1,1,0,"presovsky kraj, vranov nad toplou",95
9635,408107,0,1,0,"presovsky kraj, presov",34
9633,408086,1,1,0,"kosicky kraj, strazske",66
9636,408133,1,1,19,"zahranicie, zahranicie - gb",78
9639,408275,1,1,0,"zahranicie, zahranicie - gb",91
9640,408288,1,1,17,"zahranicie, zahranicie - gb",28
9641,408290,1,1,19,"kosicky kraj, trebisov",84
9637,408191,1,1,19,"kosicky kraj, kosice - krasna nad hornadom",34
9638,408195,1,0,0,"presovsky kraj, vranov nad toplou",72
9642,408336,1,1,0,"zahranicie, zahranicie - ostatne",67
9645,408362,1,1,0,"nitriansky kraj, hurbanovo",69
9643,408338,0,0,19,"presovsky kraj, bardejov",98
9646,408364,1,0,20,"nitriansky kraj, komarno",55
9644,408340,1,1,0,"presovsky kraj, vranov nad toplou",79
9647,408476,1,0,16,"nitriansky kraj, komarno",52
9651,408632,1,1,0,"presovsky kraj, vranov nad toplou",83
9650,408621,1,1,0,"kosicky kraj, roznava",76
9652,408639,1,1,20,"presovsky kraj, vranov nad toplou",69
9648,408536,0,0,19,"zahranicie, zahranicie - gb",34
9656,408736,1,1,0,"zahranicie, zahranicie - ostatne",81
9653,408644,1,1,0,"kosicky kraj, kosice - okolie",53
9654,408686,1,1,0,"presovsky kraj, humenne",59
9655,408734,1,1,17,"kosicky kraj, michalovce",81
9649,408600,1,1,0,"zahranicie, zahranicie - gb",12
9657,408884,1,1,0,"kosicky kraj, roznava",67
9658,409283,1,1,17,"banskobystricky kraj, velky krtis",81
9659,409314,1,1,0,"zahranicie, zahranicie - gb",53
9660,409458,1,1,0,"nitriansky kraj, sala",16
9661,409606,1,1,19,"zahranicie, zahranicie - ostatne",81
9662,409610,1,1,20,"presovsky kraj, vranov nad toplou",74
9663,409626,1,1,23,"banskobystricky kraj, filakovo",66
9664,409691,1,0,21,"nitriansky kraj, nitra",62
9665,409884,1,0,17,"kosicky kraj, kosice - okolie",67
9666,410003,1,0,18,"presovsky kraj, humenne",21
9668,410103,1,1,0,"zahranicie, zahranicie - gb",47
9667,410093,0,1,0,"kosicky kraj, kosice - stare mesto",72
9669,410257,1,1,25,"nitriansky kraj, zeliezovce",72
9673,410389,1,0,0,"zahranicie, zahranicie - ostatne",66
9670,410340,1,1,22,"banskobystricky kraj, kremnica",76
9671,410367,1,1,0,"kosicky kraj, dobsina",36
9672,410378,1,0,19,"kosicky kraj, dobsina",78
9674,410548,1,1,20,"presovsky kraj, vranov nad toplou",78
9675,410761,1,1,22,"presovsky kraj, humenne",72
9676,411049,1,1,20,"presovsky kraj, humenne",36
9677,411108,1,0,0,"trenciansky kraj, banovce nad bebravou",21
9679,411271,1,1,0,"bratislavsky kraj, malacky",60
9681,411303,1,1,0,"bratislavsky kraj, malacky",78
9680,411295,1,0,0,"bratislavsky kraj, malacky",31
9678,411270,0,0,17,"trnavsky kraj, holic",83
9682,411419,1,0,0,"bratislavsky kraj, malacky",21
9684,411514,1,1,19,"zahranicie, zahranicie - kanada",14
9686,411607,1,1,19,"kosicky kraj, kosice - sidlisko tahanovce",72
9683,411475,1,1,20,"bratislavsky kraj, malacky",60
9685,411534,1,1,19,"bratislavsky kraj, malacky",64
9688,411699,1,1,18,"kosicky kraj, kralovsky chlmec",60
9689,411701,1,1,21,"kosicky kraj, kralovsky chlmec",12
9687,411640,1,1,20,"kosicky kraj, cierna nad tisou",76
9691,411797,1,1,19,"trenciansky kraj, prievidza",74
9690,411763,1,1,23,"zahranicie, zahranicie - gb",72
9693,411876,1,1,19,"presovsky kraj, lipany",14
9692,411838,1,0,0,"presovsky kraj, lipany",78
9695,411977,1,1,20,"zahranicie, zahranicie - nemecko",76
9696,412037,1,1,18,"nitriansky kraj, zlate moravce",71
9694,411966,1,0,20,"kosicky kraj, kosice - zapad",72
9697,412068,1,1,19,"kosicky kraj, kralovsky chlmec",71
9698,412075,1,1,0,"kosicky kraj, kralovsky chlmec",38
9699,412174,1,0,0,"banskobystricky kraj, ziar nad hronom",91
9700,412246,1,1,22,"presovsky kraj, presov",76
9701,412657,1,1,20,"kosicky kraj, kosice - zapad",79
9702,412726,1,1,0,"presovsky kraj, presov",66
9703,412945,1,1,15,"nitriansky kraj, topolcany",78
9705,413281,1,0,10,"presovsky kraj, medzilaborce",19
9704,413109,1,0,18,"zahranicie, zahranicie - francuzsko",34
9707,413404,1,0,18,"kosicky kraj, trebisov",57
9708,413420,1,0,0,"zahranicie, zahranicie - ostatne",12
9706,413395,1,1,20,"nitriansky kraj, nove zamky",71
9709,413723,1,1,16,"zahranicie, zahranicie - gb",83
9710,414067,1,1,19,"nitriansky kraj, nitra",45
9711,414144,1,1,19,"presovsky kraj, levoca",74
9712,414254,1,0,0,"banskobystricky kraj, zvolen",24
9713,414384,1,1,0,"trnavsky kraj, galanta",26
9714,414484,1,1,24,"nitriansky kraj, komarno",66
9716,414757,1,0,0,"zahranicie, zahranicie - rakusko",86
9715,414627,1,1,20,"nitriansky kraj, levice",74
9717,414775,1,0,18,"presovsky kraj, svidnik",14
9718,414834,1,0,20,"kosicky kraj, kosice - juh",28
9719,414875,1,0,0,"kosicky kraj, kosice - sidlisko tahanovce",50
9720,415081,1,0,0,"kosicky kraj, spisske vlachy",16
9721,415369,1,1,0,"nitriansky kraj, komarno",66
9722,415379,1,0,19,"banskobystricky kraj, rimavska sobota",64
9723,415674,1,1,0,"trenciansky kraj, banovce nad bebravou",76
9726,415792,1,0,0,"banskobystricky kraj, detva",86
9724,415770,1,1,21,"nitriansky kraj, levice",69
9725,415778,1,1,21,"nitriansky kraj, levice",59
9727,415934,1,1,18,"nitriansky kraj, sahy",83
9728,416091,1,1,19,"banskobystricky kraj, rimavska sobota",55
9730,416166,1,0,16,"kosicky kraj, kralovsky chlmec",72
9729,416108,1,0,0,"zahranicie, zahranicie - ostatne",22
9731,416210,1,1,21,"kosicky kraj, cierna nad tisou",50
9733,416387,1,1,20,"zahranicie, zahranicie - kanada",84
9735,416402,1,1,23,"banskobystricky kraj, filakovo",72
9732,416364,1,1,21,"kosicky kraj, velke kapusany",62
9734,416390,1,1,20,"trnavsky kraj, galanta",59
9736,416408,1,0,0,"banskobystricky kraj, filakovo",16
9737,416443,1,0,0,"banskobystricky kraj, filakovo",17
9738,416531,1,0,18,"banskobystricky kraj, filakovo",66
9739,416632,1,1,21,"nitriansky kraj, nove zamky",72
9742,416792,1,1,0,"zahranicie, zahranicie - gb",28
9740,416637,1,0,17,"kosicky kraj, kralovsky chlmec",81
9744,416840,1,0,0,"presovsky kraj, snina",71
9743,416814,1,0,0,"banskobystricky kraj, filakovo",72
9741,416768,1,1,19,"banskobystricky kraj, velky krtis",72
9746,417066,1,1,0,"nitriansky kraj, levice",33
9747,417123,1,1,23,"nitriansky kraj, sahy",45
9749,417213,1,0,24,"nitriansky kraj, komarno",57
9745,417042,1,0,20,"banskobystricky kraj, filakovo",12
9750,417219,1,1,0,"nitriansky kraj, komarno",72
9754,417286,1,0,19,"nitriansky kraj, sturovo",66
9755,417287,1,0,20,"nitriansky kraj, nove zamky",60
9748,417209,1,0,17,"trenciansky kraj, prievidza",21
9752,417264,1,1,22,"nitriansky kraj, komarno",66
9753,417265,1,1,19,"nitriansky kraj, komarno",66
9751,417255,1,0,19,"nitriansky kraj, komarno",34
9756,417530,1,0,0,"nitriansky kraj, komarno",12
9759,417773,1,1,0,"nitriansky kraj, komarno",38
9757,417733,1,1,20,"nitriansky kraj, komarno",60
9758,417735,1,1,22,"nitriansky kraj, komarno",12
9763,417842,1,0,16,"nitriansky kraj, sahy",79
9764,417844,1,1,0,"nitriansky kraj, komarno",59
9760,417785,1,1,21,"nitriansky kraj, hurbanovo",17
9761,417790,1,0,18,"nitriansky kraj, hurbanovo",12
9762,417794,1,1,21,"nitriansky kraj, komarno",62
9765,417952,1,1,22,"nitriansky kraj, levice",72
9766,417997,1,1,0,"kosicky kraj, michalovce",28
9767,418092,1,1,27,"trnavsky kraj, velky meder",60
9768,418506,1,1,19,"presovsky kraj, presov",12
9771,418599,1,0,0,"presovsky kraj, stropkov",53
9770,418574,0,0,0,"zahranicie, zahranicie - ostatne",81
9769,418512,1,1,23,"nitriansky kraj, komarno",45
9773,418674,1,0,18,"presovsky kraj, presov",76
9772,418630,1,1,18,"nitriansky kraj, komarno",38
9774,418850,1,1,21,"banskobystricky kraj, velky krtis",84
9775,419000,1,0,16,"zahranicie, zahranicie - gb",69
9776,419219,1,1,0,"nitriansky kraj, vrable",71
9779,419359,1,1,32,"nitriansky kraj, sturovo",12
9777,419352,1,1,20,"nitriansky kraj, topolcany",22
9778,419354,1,0,0,"banskobystricky kraj, filakovo",71
9780,419610,1,1,19,"nitriansky kraj, komarno",16
9781,419946,1,0,14,"presovsky kraj, bardejov",48
9782,420093,1,0,24,"trnavsky kraj, dunajska streda",52
9783,420121,1,0,0,"trnavsky kraj, dunajska streda",48
9784,420222,0,1,31,"bratislavsky kraj, bratislava - ruzinov",22
9785,420535,1,0,23,"nitriansky kraj, nove zamky",59
9787,420620,1,1,0,"presovsky kraj, lipany",78
9786,420584,1,0,30,"nitriansky kraj, komarno",14
9789,420771,1,1,20,"zahranicie, zahranicie - australia",69
9788,420719,1,1,0,"nitriansky kraj, komarno",12
9791,420929,1,0,22,"nitriansky kraj, kolarovo",67
9790,420865,1,1,21,"trnavsky kraj, trnava",57
9792,420987,1,1,25,"nitriansky kraj, nitra",64
9793,421213,1,1,14,"kosicky kraj, kralovsky chlmec",43
9794,421471,1,1,23,"trnavsky kraj, galanta",64
9795,421472,1,0,20,"nitriansky kraj, kolarovo",12
9796,421479,1,1,21,"nitriansky kraj, sala",47
9801,421621,1,1,18,"nitriansky kraj, komarno",38
9797,421515,1,0,19,"trnavsky kraj, galanta",14
9799,421584,1,0,0,"kosicky kraj, velke kapusany",64
9800,421614,1,0,21,"nitriansky kraj, sturovo",62
9802,421657,1,1,0,"trnavsky kraj, galanta",64
9798,421572,1,1,19,"presovsky kraj, sabinov",95
9803,421664,1,1,22,"nitriansky kraj, hurbanovo",69
9804,421680,1,0,0,"nitriansky kraj, sturovo",60
9805,422001,1,0,0,"nitriansky kraj, komarno",69
9807,422249,1,0,20,"nitriansky kraj, sturovo",21
9806,422235,1,0,16,"banskobystricky kraj, banska bystrica",12
9808,422271,1,0,0,"kosicky kraj, roznava",74
9810,422423,1,0,18,"kosicky kraj, roznava",83
9811,422427,1,0,18,"kosicky kraj, roznava",60
9812,422476,1,0,17,"kosicky kraj, roznava",55
9814,422525,1,0,0,"nitriansky kraj, levice",57
9809,422354,1,1,23,"trnavsky kraj, piestany",66
9815,422587,1,1,20,"kosicky kraj, roznava",38
9816,422589,1,1,0,"kosicky kraj, moldava nad bodvou",71
9813,422498,1,0,18,"kosicky kraj, moldava nad bodvou",57
9817,423030,1,0,0,"kosicky kraj, moldava nad bodvou",21
9818,423085,1,1,0,"banskobystricky kraj, zvolen",19
9819,424070,1,1,16,"kosicky kraj, kosice - zapad",43
9820,424191,1,1,20,"presovsky kraj, kezmarok",55
9821,424325,1,1,17,"presovsky kraj, vranov nad toplou",69
9822,424341,1,1,17,"kosicky kraj, kosice - okolie",83
9823,424481,1,1,19,"kosicky kraj, roznava",86
9824,424663,1,0,16,"zahranicie, zahranicie - gb",34
9826,424878,1,0,0,"kosicky kraj, michalovce",78
9825,424785,1,0,16,"zahranicie, zahranicie - francuzsko",19
9827,425045,1,0,0,"kosicky kraj, roznava",79
9828,425104,1,1,0,"banskobystricky kraj, banska bystrica",29
9831,425269,1,0,14,"banskobystricky kraj, banska bystrica",17
9829,425255,1,1,0,"banskobystricky kraj, tornala",14
9832,425293,1,1,19,"trnavsky kraj, galanta",74
9833,425305,1,1,23,"zahranicie, zahranicie - ostatne",67
9830,425262,1,1,0,"presovsky kraj, presov",78
9835,425447,1,0,17,"banskobystricky kraj, filakovo",53
9834,425421,1,0,24,"trenciansky kraj, trencin",83
9837,425627,1,1,21,"presovsky kraj, vranov nad toplou",74
9836,425621,1,0,21,"trnavsky kraj, trnava",16
9839,425831,1,0,0,"presovsky kraj, bardejov",78
9838,425752,1,0,0,"trnavsky kraj, galanta",64
9840,425935,1,1,21,"zahranicie, zahranicie - gb",52
9841,426073,1,1,30,"presovsky kraj, svit",16
9842,426275,1,0,0,"trnavsky kraj, leopoldov",12
9845,426596,1,1,19,"presovsky kraj, vranov nad toplou",81
9844,426495,1,0,0,"trenciansky kraj, prievidza",79
9843,426420,1,0,17,"trenciansky kraj, partizanske",69
9846,427134,1,0,19,"trenciansky kraj, prievidza",64
9849,427316,1,1,21,"kosicky kraj, spisska nova ves",72
9847,427167,1,1,23,"kosicky kraj, kosice - stare mesto",34
9848,427272,1,0,24,"trenciansky kraj, nove mesto nad vahom",72
9850,427529,1,1,18,"trenciansky kraj, prievidza",55
9851,427747,1,0,25,"kosicky kraj, roznava",79
9852,427879,1,1,25,"presovsky kraj, humenne",72
9853,427887,1,0,17,"trenciansky kraj, novaky",67
9854,428060,1,0,0,"trenciansky kraj, prievidza",69
9855,428175,1,1,0,"bratislavsky kraj, bratislava - petrzalka",19
9856,428347,1,0,19,"trenciansky kraj, prievidza",43
9857,428394,1,0,0,"nitriansky kraj, topolcany",76
9858,428395,1,1,0,"zahranicie, zahranicie - usa",66
9863,428693,1,0,22,"nitriansky kraj, nitra",67
9859,428638,1,1,34,"trenciansky kraj, trencin",71
9862,428672,1,0,21,"presovsky kraj, humenne",14
9860,428662,0,0,14,"kosicky kraj, kosice - zapad",41
9864,428749,1,1,20,"trnavsky kraj, galanta",72
9861,428669,1,1,20,"presovsky kraj, humenne",16
9865,428769,1,0,0,"banskobystricky kraj, sliac",48
9866,428838,1,1,0,"trnavsky kraj, galanta",72
9867,428883,1,1,18,"presovsky kraj, humenne",74
9868,429001,1,0,16,"kosicky kraj, kosice - sidlisko tahanovce",26
9872,429227,1,0,0,"zahranicie, zahranicie - ostatne",34
9869,429118,1,1,0,"presovsky kraj, humenne",38
9873,429272,1,1,0,"kosicky kraj, kosice - ostatne",55
9871,429191,1,0,0,"zahranicie, zahranicie - francuzsko",24
9870,429135,1,0,27,"kosicky kraj, kosice - ostatne",34
9874,429879,1,1,0,"kosicky kraj, michalovce",69
9877,430066,1,1,0,"presovsky kraj, poprad",53
9875,429898,1,0,17,"kosicky kraj, kosice - okolie",88
9876,430046,1,1,15,"presovsky kraj, snina",12
9878,430222,1,0,0,"presovsky kraj, kezmarok",24
9879,430518,1,1,24,"trenciansky kraj, prievidza",67
9881,430699,1,0,16,"zahranicie, zahranicie - gb",90
9880,430659,0,0,0,"kosicky kraj, michalovce",93
9883,430906,1,1,24,"trnavsky kraj, dunajska streda",69
9882,430872,1,1,20,"nitriansky kraj, nitra",71
9884,431114,1,0,0,"kosicky kraj, roznava",78
9885,431274,1,0,0,"banskobystricky kraj, zvolen",81
9886,431368,1,1,21,"presovsky kraj, vranov nad toplou",47
9889,431533,1,1,18,"presovsky kraj, presov",81
9890,432049,0,0,0,"presovsky kraj, humenne",90
9887,431511,1,0,0,"kosicky kraj, velke kapusany",41
9891,432160,0,0,21,"kosicky kraj, kosice - okolie",93
9892,432164,1,0,18,"presovsky kraj, bardejov",91
9893,432165,1,0,0,"presovsky kraj, bardejov",91
9888,431517,1,0,16,"kosicky kraj, michalovce",88
9894,432417,1,1,22,"banskobystricky kraj, tornala",64
9895,432420,1,0,18,"ceska republika, cz - stredni cechy",12
9896,432667,1,0,0,"kosicky kraj, michalovce",72
9897,432861,1,1,30,"ceska republika, cz - plzensky kraj",71
9898,432892,1,0,18,"kosicky kraj, kosice - saca",86
9900,433058,1,0,0,"kosicky kraj, kosice - krasna nad hornadom",76
9901,433106,1,0,0,"presovsky kraj, snina",31
9902,433235,0,0,14,"zilinsky kraj, liptovsky mikulas",22
9899,433033,1,0,20,"presovsky kraj, vranov nad toplou",88
9904,433371,1,0,18,"trnavsky kraj, holic",67
9903,433238,1,1,21,"trenciansky kraj, prievidza",14
9905,433412,1,1,25,"zahranicie, zahranicie - gb",22
9906,433607,1,0,0,"presovsky kraj, vranov nad toplou",36
9908,433748,1,1,27,"presovsky kraj, sabinov",72
9907,433659,1,0,0,"presovsky kraj, bardejov",69
9909,433864,1,0,19,"presovsky kraj, presov",69
9911,434120,1,0,20,"trenciansky kraj, trencin",62
9910,434024,1,1,0,"banskobystricky kraj, banska bystrica",72
9912,434258,1,1,0,"nitriansky kraj, topolcany",16
9913,434290,1,0,0,"kosicky kraj, michalovce",55
9914,434375,1,1,20,"presovsky kraj, presov",72
9915,434492,1,1,20,"kosicky kraj, kosice - stare mesto",71
9917,434561,1,1,22,"kosicky kraj, kosice - stare mesto",12
9916,434526,1,1,23,"presovsky kraj, presov",45
9918,434673,1,1,21,"nitriansky kraj, nitra",69
9919,434747,1,1,0,"kosicky kraj, kosice - sever",28
9920,434781,1,0,22,"trnavsky kraj, galanta",71
9924,434900,1,1,20,"kosicky kraj, kosice - sidlisko tahanovce",60
9925,434904,1,1,34,"kosicky kraj, michalovce",12
9922,434844,1,0,0,"zahranicie, zahranicie - gb",40
9923,434845,0,0,16,"kosicky kraj, michalovce",33
9929,435018,1,0,0,"kosicky kraj, michalovce",84
9927,434982,1,1,19,"trenciansky kraj, trencin",19
9921,434817,1,0,0,"zahranicie, zahranicie - ostatne",29
9926,434910,1,0,0,"kosicky kraj, michalovce",57
9930,435146,1,1,0,"presovsky kraj, humenne",74
9928,435004,1,1,13,"kosicky kraj, kosice - sidlisko tahanovce",83
9931,435164,1,1,18,"presovsky kraj, snina",14
9932,435247,1,0,19,"ceska republika, cz - pardubicky kraj",83
9933,435365,1,0,0,"kosicky kraj, trebisov",47
9934,435421,1,0,12,"kosicky kraj, kosice - okolie",69
9935,435588,1,1,18,"presovsky kraj, stara lubovna",59
9936,435600,1,0,0,"presovsky kraj, levoca",78
9937,435645,1,1,21,"zahranicie, zahranicie - gb",69
9938,435755,1,0,0,"presovsky kraj, vranov nad toplou",33
9939,435834,1,0,19,"presovsky kraj, levoca",67
9940,436415,1,0,19,"kosicky kraj, sobrance",81
9941,436622,1,0,0,"zahranicie, zahranicie - gb",12
9942,436686,1,1,0,"bratislavsky kraj, bratislava - dubravka",71
9943,436879,1,0,0,"kosicky kraj, kosice - zapad",71
9944,436931,1,0,16,"kosicky kraj, kosice - okolie",71
9946,437324,1,1,0,"trnavsky kraj, skalica",81
9945,437248,1,0,21,"ceska republika, cz - praha",50
9947,437577,1,1,0,"kosicky kraj, michalovce",19
9948,437608,1,0,0,"presovsky kraj, humenne",76
9949,437990,0,0,19,"presovsky kraj, hanusovce nad toplou",28
9950,438078,1,0,20,"nitriansky kraj, komarno",67
9953,438262,1,1,0,"kosicky kraj, michalovce",86
9952,438234,1,1,19,"kosicky kraj, michalovce",88
9951,438160,1,0,0,"presovsky kraj, bardejov",93
9954,438339,1,0,16,"presovsky kraj, presov",43
9955,438439,1,0,20,"presovsky kraj, kezmarok",66
9956,438470,1,1,0,"presovsky kraj, presov",12
9957,438757,1,0,20,"zahranicie, zahranicie - usa",69
9958,438908,1,1,15,"zahranicie, zahranicie - gb",84
9959,439305,1,0,22,"trenciansky kraj, nove mesto nad vahom",71
9960,439332,1,0,20,"bratislavsky kraj, bratislava - nove mesto",12
9961,439828,1,0,20,"presovsky kraj, kezmarok",66
9962,440082,1,1,0,"kosicky kraj, kosice - juh",55
9964,440596,1,0,23,"kosicky kraj, kralovsky chlmec",62
9963,440572,1,0,20,"presovsky kraj, snina",69
9965,440724,1,1,18,"kosicky kraj, kosice - juh",71
9966,440821,1,0,18,"presovsky kraj, bardejov",66
9967,440938,1,0,0,"presovsky kraj, bardejov",71
9968,441094,1,1,19,"trenciansky kraj, trencin",69
9969,441367,1,1,0,"zahranicie, zahranicie - nemecko",69
9970,441535,1,0,18,"nitriansky kraj, nove zamky",74
9971,441775,1,1,20,"trenciansky kraj, nove mesto nad vahom",24
9972,442325,1,0,0,"trenciansky kraj, trencin",33
9973,442407,1,1,20,"nitriansky kraj, komarno",40
9975,442607,1,1,18,"nitriansky kraj, komarno",19
9974,442583,1,0,18,"nitriansky kraj, nove zamky",59
9976,442692,0,0,0,"kosicky kraj, velke kapusany",14
9977,442858,1,1,19,"trenciansky kraj, nova dubnica",53
9978,443031,1,1,22,"kosicky kraj, michalovce",52
9979,443037,1,0,22,"kosicky kraj, kralovsky chlmec",60
9980,443179,1,0,0,"kosicky kraj, kosice - zapad",90
9982,443354,1,1,0,"kosicky kraj, kosice - zapad",19
9981,443246,0,1,0,"zahranicie, zahranicie - francuzsko",100
9984,444084,1,0,16,"zilinsky kraj, trstena",91
9985,444150,1,0,20,"zahranicie, zahranicie - gb",26
9986,444257,0,0,0,"bratislavsky kraj, bratislava - petrzalka",93
9988,444308,1,0,20,"trenciansky kraj, banovce nad bebravou",67
9989,444322,1,1,23,"kosicky kraj, michalovce",69
9983,444045,1,0,0,"trenciansky kraj, trencin",24
9987,444297,1,0,0,"kosicky kraj, sobrance",79
9990,444574,1,1,21,"kosicky kraj, sobrance",67
9991,445300,1,0,19,"kosicky kraj, michalovce",81
9992,445305,1,0,19,"kosicky kraj, kosice - ostatne",78
9994,445503,1,0,0,"kosicky kraj, kosice - zapad",16
9993,445394,1,0,19,"nitriansky kraj, komarno",71
9997,445726,1,0,20,"nitriansky kraj, komarno",12
9995,445643,1,0,0,"kosicky kraj, velke kapusany",12
9998,445880,1,1,25,"zilinsky kraj, liptovsky mikulas",66
9996,445693,1,0,15,"kosicky kraj, kralovsky chlmec",16
9999,445991,1,0,0,"nitriansky kraj, hurbanovo",55
10000,446093,1,0,18,"nitriansky kraj, nove zamky",74
10001,446112,1,0,0,"nitriansky kraj, sala",45
10004,446267,1,0,0,"nitriansky kraj, komarno",59
10002,446213,1,1,21,"kosicky kraj, trebisov",66
10003,446228,1,0,19,"presovsky kraj, sabinov",59
10005,446514,0,0,0,"nitriansky kraj, komarno",14
10006,446520,1,0,18,"nitriansky kraj, komarno",36
10007,446725,1,0,0,"trnavsky kraj, galanta",67
10009,446779,1,1,20,"trnavsky kraj, galanta",12
10008,446728,1,0,17,"trnavsky kraj, galanta",60
10010,446785,1,1,20,"trnavsky kraj, galanta",62
10011,446863,1,0,19,"trnavsky kraj, galanta",71
10014,447121,1,0,19,"banskobystricky kraj, ziar nad hronom",78
10012,446984,1,0,0,"kosicky kraj, roznava",97
10013,447087,1,0,0,"banskobystricky kraj, zvolen",16
10016,447215,0,0,16,"trnavsky kraj, galanta",52
10015,447175,1,0,0,"trnavsky kraj, galanta",16
10018,447282,1,0,20,"trnavsky kraj, galanta",22
10019,447283,1,1,20,"trnavsky kraj, galanta",67
10017,447233,1,0,0,"trnavsky kraj, galanta",72
10020,447304,1,0,0,"trnavsky kraj, galanta",12
10021,447307,1,1,20,"trnavsky kraj, galanta",41
10022,447308,1,1,19,"trnavsky kraj, galanta",60
10023,447356,1,0,20,"trnavsky kraj, galanta",43
10024,447515,1,1,25,"presovsky kraj, presov",47
10025,447574,1,1,21,"trenciansky kraj, dubnica nad vahom",60
10026,447680,1,0,17,"presovsky kraj, presov",59
10028,447710,1,0,17,"kosicky kraj, kosice - juh",45
10027,447692,1,1,22,"kosicky kraj, kosice - okolie",76
10029,447769,1,0,21,"trenciansky kraj, prievidza",40
10030,447791,1,0,22,"kosicky kraj, kosice - okolie",57
10031,447952,1,0,0,"presovsky kraj, giraltovce",90
10032,448038,1,0,20,"nitriansky kraj, nitra",38
10033,448227,1,0,21,"kosicky kraj, kralovsky chlmec",60
10034,448312,1,1,21,"trnavsky kraj, galanta",83
10035,448385,1,0,0,"trnavsky kraj, galanta",43
10036,448387,1,1,20,"trnavsky kraj, galanta",45
10037,448441,1,0,0,"presovsky kraj, giraltovce",24
10039,448529,1,0,20,"nitriansky kraj, zeliezovce",66
10038,448497,0,0,0,"banskobystricky kraj, rimavska sobota",81
10040,448680,1,0,0,"zahranicie, zahranicie - ostatne",17
10041,449079,1,0,19,"trenciansky kraj, trencin",48
10043,449268,1,0,19,"kosicky kraj, sobrance",14
10044,449375,1,1,0,"zahranicie, zahranicie - francuzsko",83
10042,449262,1,1,0,"kosicky kraj, kosice - zapad",76
10045,449420,1,1,0,"nitriansky kraj, hurbanovo",66
10049,449465,1,1,29,"zahranicie, zahranicie - gb",71
10047,449432,1,0,0,"presovsky kraj, hanusovce nad toplou",84
10051,449522,1,1,18,"kosicky kraj, kosice - zapad",19
10052,449541,1,1,52,"zahranicie, zahranicie - gb",12
10048,449442,1,1,0,"zahranicie, zahranicie - ostatne",52
10050,449510,1,0,0,"kosicky kraj, kosice - stare mesto",69
10054,449630,1,1,21,"kosicky kraj, kosice - okolie",78
10046,449430,1,0,0,"zahranicie, zahranicie - gb",52
10053,449601,1,0,25,"kosicky kraj, spisska nova ves",71
10056,449752,0,0,0,"zahranicie, zahranicie - gb",74
10055,449675,1,0,0,"banskobystricky kraj, rimavska sobota",50
10057,449954,1,0,18,"trenciansky kraj, prievidza",71
10058,450089,1,0,26,"kosicky kraj, gelnica",12
10059,450479,1,1,0,"trenciansky kraj, prievidza",19
10062,450979,1,0,19,"presovsky kraj, humenne",48
10060,450939,1,1,36,"nitriansky kraj, nitra",67
10063,450984,1,0,0,"presovsky kraj, humenne",84
10065,451081,1,1,19,"presovsky kraj, humenne",72
10066,451114,1,1,21,"kosicky kraj, spisska nova ves",60
10061,450968,1,0,18,"kosicky kraj, spisska nova ves",22
10064,451041,1,0,20,"kosicky kraj, spisska nova ves",47
10068,451443,1,1,20,"bratislavsky kraj, bratislava - petrzalka",17
10067,451431,1,0,23,"ceska republika, cz - praha",16
10069,451637,1,0,0,"presovsky kraj, giraltovce",69
10070,452173,1,1,0,"kosicky kraj, michalovce",81
10071,452509,1,1,22,"presovsky kraj, presov",66
10074,452630,1,1,24,"trenciansky kraj, handlova",66
10075,452707,1,1,19,"kosicky kraj, michalovce",48
10072,452620,1,0,18,"presovsky kraj, lipany",76
10073,452625,1,1,0,"kosicky kraj, michalovce",28
10077,453001,1,0,18,"kosicky kraj, michalovce",97
10076,452947,1,1,20,"kosicky kraj, michalovce",19
10078,453196,1,1,0,"ceska republika, cz - praha",69
10080,453550,1,0,0,"presovsky kraj, stara lubovna",12
10079,453411,1,0,22,"kosicky kraj, kosice - okolie",67
10081,453725,1,1,20,"trenciansky kraj, prievidza",12
10082,453772,1,0,19,"banskobystricky kraj, tornala",71
10083,453908,1,0,18,"trnavsky kraj, sered",72
10086,454171,1,0,15,"kosicky kraj, kosice - okolie",62
10084,454109,1,0,22,"trnavsky kraj, piestany",31
10085,454124,1,1,0,"kosicky kraj, kosice - ostatne",12
10087,454277,1,0,0,"presovsky kraj, bardejov",98
10089,454309,1,0,17,"presovsky kraj, bardejov",12
10090,454330,1,1,0,"trnavsky kraj, dunajska streda",40
10088,454286,1,1,0,"presovsky kraj, svidnik",62
10091,454481,1,1,16,"nitriansky kraj, nove zamky",16
10092,454774,1,0,22,"kosicky kraj, kosice - sidlisko tahanovce",76
10093,454816,1,0,21,"kosicky kraj, moldava nad bodvou",50
10094,454833,1,1,16,"presovsky kraj, bardejov",72
10096,454853,1,0,0,"presovsky kraj, svidnik",93
10097,454898,1,1,0,"presovsky kraj, svidnik",90
10095,454839,1,0,15,"presovsky kraj, svidnik",95
10098,454904,1,1,19,"presovsky kraj, bardejov",90
10099,455071,1,0,18,"presovsky kraj, bardejov",26
10100,455101,1,0,0,"kosicky kraj, kosice - okolie",81
10101,455121,1,1,0,"zahranicie, zahranicie - ostatne",69
10102,455177,1,1,21,"nitriansky kraj, nove zamky",52
10104,455246,1,0,22,"presovsky kraj, bardejov",66
10103,455217,1,0,16,"presovsky kraj, bardejov",79
10105,455344,1,1,18,"presovsky kraj, bardejov",60
10106,455554,1,0,18,"presovsky kraj, bardejov",62
10107,455618,1,0,17,"presovsky kraj, bardejov",81
10109,455686,1,0,0,"trnavsky kraj, senica",31
10108,455625,1,0,18,"presovsky kraj, bardejov",14
10110,456228,1,1,21,"presovsky kraj, bardejov",33
10111,456471,1,0,21,"presovsky kraj, bardejov",67
10112,456521,1,1,23,"trnavsky kraj, galanta",48
10113,456664,1,0,0,"zahranicie, zahranicie - gb",81
10114,456781,1,0,0,"presovsky kraj, humenne",55
10116,456908,1,0,18,"presovsky kraj, poprad",74
10117,456948,0,0,20,"banskobystricky kraj, tornala",26
10115,456809,1,1,0,"kosicky kraj, velke kapusany",60
10118,456994,1,1,22,"kosicky kraj, velke kapusany",47
10119,457059,1,0,19,"presovsky kraj, bardejov",12
10120,457120,1,1,0,"presovsky kraj, poprad",64
10122,457172,1,0,0,"ceska republika, cz - kralovehradecky kraj",12
10121,457149,1,0,0,"presovsky kraj, bardejov",78
10123,457250,1,0,20,"presovsky kraj, bardejov",62
10124,457328,1,1,17,"presovsky kraj, bardejov",91
10125,457433,1,1,0,"zahranicie, zahranicie - usa",79
10126,457437,1,1,0,"presovsky kraj, bardejov",36
10127,457594,1,0,0,"kosicky kraj, michalovce",97
10128,458048,1,0,0,"trenciansky kraj, povazska bystrica",74
10129,458094,1,0,0,"kosicky kraj, kosice - sidlisko tahanovce",74
10131,458288,1,0,15,"banskobystricky kraj, rimavska sobota",33
10130,458248,1,0,19,"nitriansky kraj, topolcany",60
10132,458342,1,0,17,"trenciansky kraj, prievidza",26
10134,458898,1,0,19,"trenciansky kraj, trencin",60
10133,458795,1,0,23,"presovsky kraj, kezmarok",24
10135,458917,1,0,16,"zahranicie, zahranicie - gb",53
10136,458918,1,0,0,"presovsky kraj, sabinov",81
10138,459121,1,1,0,"zahranicie, zahranicie - gb",34
10137,459013,1,0,16,"presovsky kraj, snina",93
10139,459190,0,0,0,"kosicky kraj, michalovce",88
10140,459249,1,0,20,"ceska republika, cz - budejovicky kraj",62
10141,459260,1,1,18,"zahranicie, zahranicie - gb",62
10144,459394,1,0,0,"kosicky kraj, trebisov",47
10142,459337,1,0,14,"zahranicie, zahranicie - gb",67
10143,459390,1,0,17,"zahranicie, zahranicie - gb",21
10145,459414,1,0,20,"zahranicie, zahranicie - gb",59
10146,459416,0,0,17,"zahranicie, zahranicie - gb",91
10147,459457,1,0,18,"kosicky kraj, sobrance",38
10150,459528,1,1,21,"kosicky kraj, michalovce",81
10148,459519,1,1,0,"zahranicie, zahranicie - gb",81
10152,459603,1,0,0,"ceska republika, cz - praha",12
10151,459582,1,0,0,"bratislavsky kraj, bratislava - raca",91
10153,459637,1,0,18,"presovsky kraj, vranov nad toplou",76
10149,459524,1,0,18,"zahranicie, zahranicie - gb",78
10154,459726,1,1,24,"presovsky kraj, bardejov",45
10155,459774,1,1,18,"trenciansky kraj, trencin",47
10156,460311,1,0,0,"banskobystricky kraj, banska bystrica",26
10157,460435,1,1,17,"presovsky kraj, poprad",52
10158,460532,1,0,0,"presovsky kraj, poprad",79
10159,460605,1,1,0,"kosicky kraj, kosice - dargovskych hrdinov",97
10161,460777,1,0,0,"banskobystricky kraj, zvolen",67
10160,460736,1,1,0,"kosicky kraj, spisska nova ves",31
10162,460973,1,0,0,"zahranicie, zahranicie - australia",59
10164,461078,1,0,17,"presovsky kraj, kezmarok",22
10163,461050,1,0,16,"presovsky kraj, bardejov",57
10165,461474,1,0,17,"presovsky kraj, poprad",67
10167,461631,1,0,0,"presovsky kraj, poprad",66
10166,461623,0,1,11,"presovsky kraj, bardejov",17
10168,461647,1,0,0,"nitriansky kraj, zlate moravce",62
10169,461728,1,1,21,"kosicky kraj, spisska nova ves",26
10170,461773,1,0,0,"presovsky kraj, stara lubovna",72
10171,461992,1,1,24,"presovsky kraj, bardejov",12
10172,461996,1,0,17,"trenciansky kraj, partizanske",84
10173,462139,1,0,0,"zahranicie, zahranicie - gb",21
10174,462162,1,0,18,"presovsky kraj, stara lubovna",79
10175,462625,0,0,0,"zahranicie, zahranicie - kanada",93
10176,462663,0,0,16,"zahranicie, zahranicie - gb",64
10177,462697,1,1,17,"banskobystricky kraj, detva",24
10178,462699,1,1,18,"presovsky kraj, bardejov",78
10179,462734,1,1,0,"presovsky kraj, bardejov",24
10180,462788,1,1,21,"trenciansky kraj, prievidza",66
10181,462806,1,1,18,"presovsky kraj, bardejov",48
10182,462838,1,1,19,"presovsky kraj, bardejov",95
10183,462997,1,1,18,"presovsky kraj, bardejov",88
10185,463102,1,1,21,"presovsky kraj, bardejov",72
10184,463047,1,1,21,"presovsky kraj, bardejov",59
10186,463130,1,1,19,"presovsky kraj, bardejov",86
10187,463492,1,0,18,"trnavsky kraj, galanta",76
10188,463558,1,0,0,"trnavsky kraj, galanta",40
10191,463802,1,0,21,"presovsky kraj, stara lubovna",66
10190,463673,1,0,18,"zilinsky kraj, trstena",83
10189,463600,1,0,12,"zahranicie, zahranicie - gb",19
10193,464036,1,1,0,"trnavsky kraj, galanta",50
10192,463903,1,1,0,"banskobystricky kraj, lucenec",26
10194,464139,1,0,0,"kosicky kraj, kosice - sidlisko tahanovce",17
10195,464446,1,0,0,"zahranicie, zahranicie - gb",76
10196,464583,1,1,0,"presovsky kraj, bardejov",64
10197,464692,1,0,15,"kosicky kraj, kosice - okolie",40
10198,465067,1,1,19,"presovsky kraj, humenne",66
10200,465227,1,0,18,"nitriansky kraj, sala",72
10201,465229,0,0,0,"trnavsky kraj, galanta",72
10202,465234,1,0,0,"trnavsky kraj, galanta",71
10204,465361,1,0,18,"trnavsky kraj, galanta",21
10203,465338,0,0,12,"presovsky kraj, presov",12
10199,465178,1,1,17,"trnavsky kraj, galanta",29
10206,465467,1,0,0,"trnavsky kraj, galanta",12
10205,465441,1,1,19,"presovsky kraj, levoca",62
10209,465557,1,0,16,"trnavsky kraj, galanta",72
10207,465502,1,0,18,"nitriansky kraj, hurbanovo",64
10210,465681,1,0,17,"trnavsky kraj, galanta",48
10211,465682,1,0,0,"trnavsky kraj, galanta",48
10208,465510,1,0,0,"trnavsky kraj, galanta",19
10213,465797,1,0,0,"kosicky kraj, michalovce",88
10215,465963,1,1,0,"nitriansky kraj, sturovo",66
10214,465817,1,0,17,"nitriansky kraj, sturovo",71
10212,465795,1,0,0,"zahranicie, zahranicie - gb",76
10216,466033,1,1,17,"nitriansky kraj, nove zamky",59
10217,466211,1,0,0,"kosicky kraj, trebisov",83
10218,466297,1,0,0,"kosicky kraj, michalovce",33
10219,466413,1,0,25,"trnavsky kraj, sered",71
10220,466529,1,1,21,"nitriansky kraj, nove zamky",72
10221,466644,1,0,17,"zahranicie, zahranicie - gb",72
10222,466774,1,0,0,"presovsky kraj, humenne",84
10223,466781,1,0,16,"presovsky kraj, stara lubovna",64
10224,467189,1,0,18,"zahranicie, zahranicie - gb",93
10225,467855,1,1,16,"presovsky kraj, levoca",95
10226,468058,1,0,18,"bratislavsky kraj, bratislava - okolie",67
10227,468282,1,0,22,"presovsky kraj, lipany",52
10228,468428,1,0,17,"kosicky kraj, kosice - zapad",22
10230,468575,1,0,0,"presovsky kraj, vranov nad toplou",55
10229,468569,0,0,0,"zahranicie, zahranicie - gb",97
10232,469441,1,0,17,"kosicky kraj, kosice - okolie",93
10233,469471,1,0,0,"kosicky kraj, spisska nova ves",72
10231,469394,1,0,0,"bratislavsky kraj, bratislava - devinska nova ves",79
10234,469511,1,0,19,"kosicky kraj, spisska nova ves",79
10235,469616,1,0,0,"kosicky kraj, michalovce",28
10236,469620,1,0,0,"kosicky kraj, michalovce",71
10237,470062,1,1,20,"kosicky kraj, spisska nova ves",60
10242,470224,1,0,16,"bratislavsky kraj, svaty jur",83
10243,470282,1,0,18,"presovsky kraj, presov",91
10241,470212,1,0,18,"kosicky kraj, michalovce",84
10238,470174,1,0,17,"presovsky kraj, sabinov",74
10245,470343,1,1,24,"kosicky kraj, spisska nova ves",78
10244,470295,1,1,20,"presovsky kraj, levoca",33
10239,470195,1,1,21,"zahranicie, zahranicie - gb",67
10240,470199,1,1,23,"kosicky kraj, spisska nova ves",67
10246,470480,1,0,15,"presovsky kraj, sabinov",12
10247,470538,1,0,18,"kosicky kraj, spisska nova ves",45
10248,470556,1,0,20,"kosicky kraj, michalovce",74
10249,470597,1,0,0,"presovsky kraj, lipany",16
10250,470850,1,0,0,"trnavsky kraj, galanta",72
10251,471066,1,0,17,"presovsky kraj, sabinov",95
10252,471096,1,0,18,"kosicky kraj, kosice - ostatne",29
10253,471155,1,1,26,"nitriansky kraj, topolcany",74
10254,471297,1,0,0,"presovsky kraj, presov",90
10255,471418,1,0,19,"presovsky kraj, poprad",57
10256,471579,1,0,60,"kosicky kraj, michalovce",86
10257,471712,1,0,21,"presovsky kraj, vranov nad toplou",81
10259,472202,1,1,18,"presovsky kraj, presov",78
10258,472017,1,0,18,"nitriansky kraj, nove zamky",76
10260,472260,1,1,20,"bratislavsky kraj, bratislava - okolie",62
10261,472494,1,0,17,"kosicky kraj, kosice - okolie",97
10263,472715,0,0,17,"presovsky kraj, presov",95
10262,472664,1,0,19,"presovsky kraj, hanusovce nad toplou",83
10264,472774,1,0,18,"presovsky kraj, vranov nad toplou",95
10265,472919,1,0,22,"kosicky kraj, kosice - okolie",72
10266,473092,1,0,0,"kosicky kraj, michalovce",52
10267,473094,1,0,0,"kosicky kraj, michalovce",34
10269,473141,1,1,0,"kosicky kraj, michalovce",93
10268,473099,1,0,20,"kosicky kraj, michalovce",69
10270,473508,1,1,16,"nitriansky kraj, zlate moravce",91
10271,473512,1,0,0,"nitriansky kraj, zlate moravce",59
10272,473643,1,1,0,"nitriansky kraj, nove zamky",88
10273,473892,1,1,15,"banskobystricky kraj, lucenec",47
10274,473893,1,1,0,"banskobystricky kraj, lucenec",71
10276,474042,1,0,20,"nitriansky kraj, komarno",67
10275,473996,1,1,18,"trnavsky kraj, galanta",72
10280,474954,1,1,20,"banskobystricky kraj, lucenec",86
10277,474866,1,0,16,"kosicky kraj, michalovce",28
10279,474909,1,0,17,"zahranicie, zahranicie - gb",84
10278,474868,1,1,17,"zahranicie, zahranicie - gb",79
10283,475128,1,0,0,"presovsky kraj, stara lubovna",24
10284,475129,1,0,20,"presovsky kraj, stara lubovna",12
10282,475107,1,1,22,"presovsky kraj, poprad",14
10286,475232,1,1,0,"zahranicie, zahranicie - gb",83
10281,475047,1,1,24,"presovsky kraj, stara lubovna",69
10287,475285,1,0,11,"bratislavsky kraj, bratislava - dubravka",21
10288,475314,1,1,21,"presovsky kraj, presov",12
10285,475166,1,0,18,"presovsky kraj, stara lubovna",66
10289,475435,1,1,19,"presovsky kraj, poprad",71
10290,475570,1,0,17,"zahranicie, zahranicie - gb",69
10291,475585,1,0,17,"bratislavsky kraj, modra",52
10293,475682,0,0,18,"ceska republika, cz - ustecky kraj",90
10292,475658,1,0,0,"kosicky kraj, kosice - okolie",21
10294,476159,1,0,18,"zahranicie, zahranicie - francuzsko",17
10296,476380,1,1,0,"bratislavsky kraj, bratislava - petrzalka",78
10295,476330,1,1,16,"presovsky kraj, presov",83
10297,477012,1,0,17,"presovsky kraj, humenne",19
10298,477119,1,1,16,"kosicky kraj, kosice - okolie",16
10299,477232,1,1,18,"trenciansky kraj, prievidza",64
10300,477576,1,0,19,"nitriansky kraj, hurbanovo",26
10301,478533,1,1,22,"nitriansky kraj, nove zamky",71
10303,478743,1,1,0,"kosicky kraj, kosice - sidlisko tahanovce",66
10302,478710,1,1,18,"presovsky kraj, stropkov",45
10304,478808,1,1,22,"nitriansky kraj, nove zamky",67
10305,478957,0,1,24,"nitriansky kraj, kolarovo",47
10306,479054,1,1,20,"nitriansky kraj, topolcany",76
10308,479303,1,0,19,"trnavsky kraj, galanta",62
10307,479288,1,1,0,"nitriansky kraj, komarno",62
10309,479354,1,0,0,"nitriansky kraj, nitra",12
10310,479515,1,1,0,"trnavsky kraj, galanta",38
10311,479756,1,1,0,"trnavsky kraj, galanta",31
10312,480319,1,1,16,"kosicky kraj, kosice - okolie",71
10313,480571,1,0,24,"kosicky kraj, roznava",60
10314,481012,1,1,18,"nitriansky kraj, nitra",66
10315,481058,1,1,22,"kosicky kraj, roznava",84
10316,481300,1,1,0,"banskobystricky kraj, rimavska sobota",72
10318,481638,1,1,17,"nitriansky kraj, zlate moravce",74
10317,481543,1,1,20,"presovsky kraj, svidnik",93
10319,481703,1,0,0,"nitriansky kraj, nitra",88
10320,481829,1,1,0,"nitriansky kraj, levice",41
10321,481995,1,0,19,"nitriansky kraj, nove zamky",12
10322,482138,1,1,14,"presovsky kraj, vranov nad toplou",83
10323,482211,0,1,25,"nitriansky kraj, sturovo",66
10326,482541,1,0,18,"kosicky kraj, strazske",81
10325,482505,1,0,18,"nitriansky kraj, sturovo",76
10324,482460,1,0,0,"nitriansky kraj, nove zamky",59
10328,482659,1,1,19,"nitriansky kraj, nove zamky",71
10327,482607,1,1,0,"nitriansky kraj, topolcany",66
10330,482823,1,1,19,"nitriansky kraj, nitra",74
10329,482681,1,1,0,"presovsky kraj, sabinov",78
10331,483156,1,1,18,"nitriansky kraj, komarno",60
10333,483276,1,1,19,"nitriansky kraj, nove zamky",67
10332,483180,1,0,16,"presovsky kraj, vranov nad toplou",72
10334,483613,1,0,0,"banskobystricky kraj, rimavska sobota",48
10335,483835,1,1,22,"nitriansky kraj, nove zamky",55
10336,483886,1,0,20,"nitriansky kraj, nove zamky",62
10337,484459,1,0,0,"nitriansky kraj, kolarovo",34
10338,484824,1,0,0,"nitriansky kraj, sala",12
10339,484995,1,0,0,"trnavsky kraj, galanta",62
10340,485010,1,0,20,"nitriansky kraj, nitra",62
10341,485267,1,1,0,"trnavsky kraj, galanta",53
10342,485359,1,0,0,"presovsky kraj, kezmarok",79
10343,485375,1,0,0,"trnavsky kraj, galanta",40
10344,486078,1,0,19,"presovsky kraj, svidnik",53
10345,486294,1,0,18,"zahranicie, zahranicie - usa",12
10346,486593,1,1,0,"presovsky kraj, giraltovce",66
10347,486747,1,1,29,"nitriansky kraj, nove zamky",59
10348,486774,1,1,0,"nitriansky kraj, nove zamky",47
10349,486982,1,1,0,"trnavsky kraj, dunajska streda",17
10350,487144,1,0,16,"banskobystricky kraj, rimavska sobota",16
10351,487162,1,1,0,"nitriansky kraj, zeliezovce",55
10352,487218,1,0,37,"nitriansky kraj, nitra",12
10356,487531,1,1,20,"nitriansky kraj, nove zamky",71
10357,487548,1,0,22,"banskobystricky kraj, velky krtis",60
10353,487419,1,0,27,"banskobystricky kraj, banska bystrica",34
10354,487423,1,0,0,"kosicky kraj, kosice - sidlisko tahanovce",21
10358,487589,1,1,0,"zahranicie, zahranicie - gb",76
10355,487530,1,0,22,"presovsky kraj, poprad",74
10359,487785,1,1,20,"presovsky kraj, presov",93
10360,488007,1,0,20,"kosicky kraj, kralovsky chlmec",45
10361,488202,1,1,0,"presovsky kraj, presov",79
10362,488341,1,0,0,"kosicky kraj, kralovsky chlmec",72
10363,489233,1,1,22,"kosicky kraj, kosice - okolie",34
10364,489243,1,1,21,"bratislavsky kraj, bratislava - stare mesto",71
10365,489463,1,0,21,"nitriansky kraj, kolarovo",53
10366,489589,1,0,0,"kosicky kraj, velke kapusany",57
10367,489994,1,0,19,"nitriansky kraj, nitra",16
10368,490222,1,0,0,"kosicky kraj, moldava nad bodvou",78
10370,490368,1,0,17,"kosicky kraj, cierna nad tisou",55
10371,490383,1,0,21,"nitriansky kraj, nitra",53
10373,490639,1,1,0,"kosicky kraj, trebisov",81
10369,490346,1,0,17,"kosicky kraj, kralovsky chlmec",78
10372,490574,1,1,18,"kosicky kraj, trebisov",78
10374,490956,1,1,24,"kosicky kraj, kosice - juh",40
10376,491296,1,0,21,"trnavsky kraj, dunajska streda",60
10375,491262,1,1,17,"presovsky kraj, presov",53
10378,491446,1,1,21,"bratislavsky kraj, bratislava - ostatne",67
10377,491435,1,0,0,"kosicky kraj, cierna nad tisou",21
10379,491500,1,0,0,"banskobystricky kraj, tornala",67
10380,491571,0,0,0,"kosicky kraj, kralovsky chlmec",16
10382,491764,1,1,0,"zahranicie, zahranicie - gb",29
10381,491685,1,0,52,"trnavsky kraj, hlohovec",14
10383,491915,1,1,20,"nitriansky kraj, nove zamky",19
10384,492150,0,1,19,"kosicky kraj, michalovce",76
10385,492243,1,1,17,"kosicky kraj, michalovce",88
10387,493203,1,1,19,"nitriansky kraj, levice",74
10386,493151,1,0,17,"kosicky kraj, kosice - stare mesto",90
10388,493421,0,0,20,"kosicky kraj, kralovsky chlmec",53
10389,493924,0,1,0,"zahranicie, zahranicie - gb",78
10390,493986,1,0,0,"presovsky kraj, poprad",52
10391,494375,1,0,20,"nitriansky kraj, nove zamky",19
10392,494378,1,0,0,"zahranicie, zahranicie - gb",81
10393,494674,1,0,16,"presovsky kraj, sabinov",71
10394,494712,0,0,15,"ceska republika, cz - jihomoravsky kraj",83
10395,494815,1,0,18,"zahranicie, zahranicie - gb",31
10397,494984,1,1,20,"nitriansky kraj, nove zamky",64
10398,495020,1,1,0,"nitriansky kraj, hurbanovo",67
10396,494925,0,1,24,"bratislavsky kraj, bratislava - petrzalka",43
10399,495041,1,0,0,"nitriansky kraj, komarno",66
10400,495174,1,0,17,"trnavsky kraj, galanta",81
10403,495286,1,1,12,"kosicky kraj, kosice - sever",83
10401,495193,1,1,22,"nitriansky kraj, nove zamky",69
10404,495349,1,0,17,"nitriansky kraj, nove zamky",24
10405,495367,1,0,18,"zahranicie, zahranicie - ostatne",26
10402,495238,1,0,17,"kosicky kraj, kosice - zapad",76
10406,495685,1,1,0,"nitriansky kraj, kolarovo",12
10407,495689,1,0,0,"nitriansky kraj, levice",72
10408,496110,1,1,0,"kosicky kraj, kosice - sidlisko tahanovce",78
10409,496389,1,0,18,"kosicky kraj, kosice - sidlisko tahanovce",52
10410,496539,1,0,17,"nitriansky kraj, kolarovo",57
10411,496601,1,1,0,"trenciansky kraj, prievidza",66
10412,496882,1,0,0,"kosicky kraj, roznava",59
10413,497059,1,1,0,"presovsky kraj, humenne",22
10414,497091,1,1,18,"presovsky kraj, poprad",83
10415,497121,1,1,0,"kosicky kraj, michalovce",48
10416,497235,1,0,0,"presovsky kraj, humenne",26
10417,497485,1,0,0,"nitriansky kraj, zeliezovce",66
10418,497603,1,1,0,"nitriansky kraj, nove zamky",14
10419,497669,0,1,0,"kosicky kraj, michalovce",81
10420,497838,1,1,0,"bratislavsky kraj, bratislava - ostatne",26
10421,497915,1,1,20,"nitriansky kraj, nitra",60
10422,497943,1,0,0,"nitriansky kraj, nove zamky",59
10423,498048,1,0,23,"kosicky kraj, sobrance",57
10424,498074,1,1,0,"nitriansky kraj, nove zamky",31
10425,498494,1,1,26,"trenciansky kraj, partizanske",72
10426,499143,1,1,22,"nitriansky kraj, nove zamky",12
10427,499286,1,1,0,"presovsky kraj, poprad",84
10428,499346,1,1,23,"zahranicie, zahranicie - gb",74
10429,499523,1,1,0,"kosicky kraj, trebisov",76
10430,499559,1,0,0,"banskobystricky kraj, detva",74
10432,500026,1,1,18,"nitriansky kraj, nove zamky",90
10433,500071,1,1,0,"kosicky kraj, spisska nova ves",69
10431,500019,0,0,18,"nitriansky kraj, nove zamky",67
10434,500104,1,1,18,"nitriansky kraj, nove zamky",50
10435,500105,1,1,0,"nitriansky kraj, nove zamky",66
10437,500136,1,1,0,"nitriansky kraj, nove zamky",12
10438,500140,1,1,0,"nitriansky kraj, nove zamky",81
10439,500141,1,1,20,"nitriansky kraj, nove zamky",38
10440,500143,1,1,19,"nitriansky kraj, nove zamky",60
10441,500256,1,0,0,"kosicky kraj, kosice - stare mesto",14
10436,500123,1,1,19,"nitriansky kraj, hurbanovo",52
10442,500594,1,0,21,"trnavsky kraj, skalica",66
10444,500880,0,0,17,"banskobystricky kraj, rimavska sobota",55
10443,500700,1,1,21,"nitriansky kraj, nove zamky",55
10445,501446,1,1,0,"presovsky kraj, presov",84
10446,501797,1,1,25,"trenciansky kraj, banovce nad bebravou",69
10447,501928,1,1,0,"banskobystricky kraj, rimavska sobota",14
10448,502099,1,1,0,"banskobystricky kraj, rimavska sobota",66
10449,502108,1,1,21,"banskobystricky kraj, rimavska sobota",62
10451,502325,1,1,18,"kosicky kraj, michalovce",72
10450,502315,1,0,21,"kosicky kraj, velke kapusany",62
10452,502720,1,1,18,"presovsky kraj, sabinov",72
10453,502748,1,1,0,"bratislavsky kraj, malacky",83
10454,503173,1,0,21,"presovsky kraj, levoca",24
10455,503343,1,0,16,"presovsky kraj, svidnik",91
10456,503521,1,0,20,"trnavsky kraj, holic",64
10457,503692,1,1,18,"bratislavsky kraj, bratislava - nove mesto",38
10458,503821,1,0,0,"kosicky kraj, kosice - krasna nad hornadom",71
10459,504040,1,0,0,"zahranicie, zahranicie - gb",81
10461,504122,1,1,18,"banskobystricky kraj, lucenec",86
10462,504136,1,1,0,"zahranicie, zahranicie - gb",76
10460,504115,1,1,16,"presovsky kraj, levoca",66
10463,504243,1,1,16,"kosicky kraj, kosice - barca",40
10464,504296,1,1,24,"presovsky kraj, bardejov",16
10465,504308,1,1,18,"zahranicie, zahranicie - gb",84
10466,504363,1,1,0,"presovsky kraj, levoca",76
10467,504479,1,1,15,"presovsky kraj, levoca",97
10468,504524,0,1,0,"presovsky kraj, levoca",29
10470,504707,1,1,0,"kosicky kraj, michalovce",79
10471,504736,1,1,19,"presovsky kraj, humenne",79
10472,504814,0,1,0,"zahranicie, zahranicie - gb",88
10473,504828,1,0,17,"presovsky kraj, svidnik",90
10469,504673,1,0,19,"kosicky kraj, spisska nova ves",45
10474,504867,1,1,0,"presovsky kraj, giraltovce",78
10476,505037,1,1,18,"zahranicie, zahranicie - gb",36
10475,504910,1,1,0,"bratislavsky kraj, bratislava - okolie",69
10477,505071,1,0,15,"presovsky kraj, sabinov",84
10481,505352,1,1,18,"zahranicie, zahranicie - gb",71
10480,505293,1,1,20,"kosicky kraj, michalovce",88
10478,505286,1,1,21,"kosicky kraj, kosice - okolie",84
10482,505360,1,1,20,"presovsky kraj, sabinov",81
10479,505288,1,0,18,"presovsky kraj, sabinov",93
10483,505443,1,1,0,"zahranicie, zahranicie - gb",24
10485,505512,1,0,0,"presovsky kraj, sabinov",78
10487,505600,1,0,18,"presovsky kraj, spisske podhradie",69
10486,505520,1,0,15,"presovsky kraj, presov",22
10484,505498,1,1,18,"kosicky kraj, kosice - sever",17
10488,505718,1,1,20,"kosicky kraj, kosice - okolie",66
10489,505733,1,1,22,"zahranicie, zahranicie - gb",86
10490,505916,1,0,19,"kosicky kraj, spisska nova ves",71
10491,505930,1,1,19,"kosicky kraj, kosice - okolie",84
10493,506033,1,0,0,"zahranicie, zahranicie - gb",22
10496,506107,1,1,22,"kosicky kraj, kosice - okolie",78
10492,505955,1,0,24,"kosicky kraj, kosice - stare mesto",50
10494,506082,1,1,19,"kosicky kraj, kosice - stare mesto",67
10495,506083,1,1,0,"zahranicie, zahranicie - kanada",76
10497,506309,1,1,0,"presovsky kraj, humenne",12
10499,506455,1,1,0,"zahranicie, zahranicie - gb",84
10498,506421,1,0,0,"presovsky kraj, humenne",16
10500,506495,1,1,17,"presovsky kraj, humenne",16
10501,506529,1,1,20,"kosicky kraj, kosice - sidlisko tahanovce",76
10503,506632,1,1,19,"kosicky kraj, kosice - okolie",81
10507,506702,0,1,25,"kosicky kraj, kosice - okolie",84
10509,506716,0,0,0,"zahranicie, zahranicie - gb",74
10502,506610,1,1,0,"kosicky kraj, roznava",88
10504,506691,1,1,18,"zahranicie, zahranicie - gb",81
10505,506693,1,1,20,"kosicky kraj, kosice - okolie",76
10506,506697,1,1,0,"kosicky kraj, kosice - stare mesto",40
10510,506791,1,1,16,"zahranicie, zahranicie - gb",43
10511,506793,1,0,22,"kosicky kraj, kosice - okolie",57
10508,506713,1,0,0,"kosicky kraj, kosice - okolie",69
10513,506865,1,0,18,"kosicky kraj, trebisov",86
10515,506966,1,1,18,"kosicky kraj, michalovce",81
10512,506804,1,1,20,"kosicky kraj, trebisov",79
10516,506997,1,1,19,"banskobystricky kraj, filakovo",12
10514,506947,1,1,0,"banskobystricky kraj, rimavska sobota",53
10518,507091,1,1,15,"banskobystricky kraj, rimavska sobota",78
10517,507051,1,1,0,"kosicky kraj, trebisov",76
10519,507364,1,1,22,"trenciansky kraj, banovce nad bebravou",69
10521,507422,1,1,0,"kosicky kraj, kralovsky chlmec",41
10520,507407,1,1,0,"zahranicie, zahranicie - gb",78
10522,507512,1,0,18,"trnavsky kraj, galanta",64
10523,507559,1,0,0,"kosicky kraj, kosice - okolie",57
10528,507672,0,0,17,"presovsky kraj, poprad",90
10524,507562,1,1,17,"kosicky kraj, trebisov",76
10525,507564,1,0,0,"zahranicie, zahranicie - gb",41
10526,507565,0,1,20,"kosicky kraj, michalovce",81
10527,507625,1,1,0,"zahranicie, zahranicie - gb",86
10530,507887,1,0,22,"kosicky kraj, kralovsky chlmec",64
10529,507883,1,1,17,"kosicky kraj, michalovce",67
10533,508084,1,1,0,"presovsky kraj, bardejov",74
10531,507968,1,0,20,"kosicky kraj, kosice - zapad",66
10532,508080,1,0,18,"kosicky kraj, spisska nova ves",57
10534,508221,1,0,18,"kosicky kraj, sobrance",83
10535,508311,1,1,23,"nitriansky kraj, hurbanovo",14
10536,508725,1,0,0,"kosicky kraj, michalovce",78
10537,508805,1,1,20,"kosicky kraj, michalovce",95
10538,508841,1,1,0,"zahranicie, zahranicie - gb",79
10539,508965,1,1,0,"presovsky kraj, poprad",60
10540,508971,1,0,15,"kosicky kraj, spisska nova ves",62
10542,509119,1,1,17,"presovsky kraj, vranov nad toplou",16
10543,509121,1,1,21,"zahranicie, zahranicie - gb",67
10544,509122,1,1,18,"zahranicie, zahranicie - gb",88
10541,509109,1,1,19,"zahranicie, zahranicie - gb",72
10546,509297,0,1,0,"zahranicie, zahranicie - ostatne",93
10545,509291,1,1,23,"kosicky kraj, kosice - juh",26
10549,509596,1,1,19,"presovsky kraj, spisska stara ves",14
10548,509585,1,0,0,"zahranicie, zahranicie - gb",93
10550,509600,1,1,0,"zahranicie, zahranicie - ostatne",14
10547,509520,1,1,0,"zahranicie, zahranicie - ostatne",78
10553,509793,1,0,14,"presovsky kraj, poprad",19
10552,509785,1,1,0,"kosicky kraj, kosice - okolie",45
10556,509928,1,0,16,"presovsky kraj, presov",57
10554,509889,1,0,14,"banskobystricky kraj, banska bystrica",71
10551,509670,1,0,28,"kosicky kraj, kosice - krasna nad hornadom",16
10557,510048,1,0,17,"kosicky kraj, spisska nova ves",81
10558,510051,1,1,18,"kosicky kraj, kosice - sidlisko tahanovce",72
10561,510078,1,1,22,"kosicky kraj, kosice - zapad",84
10559,510054,1,1,0,"nitriansky kraj, nove zamky",47
10555,509907,1,1,21,"zahranicie, zahranicie - gb",84
10560,510069,1,1,0,"trnavsky kraj, senica",26
10564,510242,1,0,15,"kosicky kraj, spisska nova ves",47
10565,510314,1,1,0,"kosicky kraj, kosice - sidlisko tahanovce",12
10562,510180,1,0,17,"bratislavsky kraj, bratislava - devinska nova ves",12
10567,510426,1,0,20,"zahranicie, zahranicie - ostatne",62
10568,510483,1,1,20,"zahranicie, zahranicie - gb",84
10569,510485,0,1,18,"kosicky kraj, moldava nad bodvou",83
10563,510208,1,1,0,"kosicky kraj, kosice - sever",67
10570,510489,0,0,18,"presovsky kraj, vranov nad toplou",31
10571,510535,1,1,0,"zahranicie, zahranicie - ostatne",71
10566,510328,1,1,16,"presovsky kraj, hanusovce nad toplou",84
10572,510545,1,1,18,"presovsky kraj, presov",84
10574,510782,1,0,12,"kosicky kraj, kosice - zapad",14
10573,510660,1,0,21,"zahranicie, zahranicie - gb",71
10575,510786,1,1,0,"ceska republika, cz - stredni cechy",24
10576,510874,1,1,18,"kosicky kraj, michalovce",50
10577,510956,1,1,14,"banskobystricky kraj, banska bystrica",88
10578,511130,1,0,0,"zahranicie, zahranicie - gb",12
10579,511308,1,1,23,"kosicky kraj, kosice - dargovskych hrdinov",48
10580,511388,1,1,14,"zahranicie, zahranicie - gb",88
10581,511557,1,1,20,"kosicky kraj, michalovce",74
10583,511569,1,1,19,"banskobystricky kraj, tornala",64
10582,511560,1,0,0,"kosicky kraj, secovce",53
10584,511762,1,1,23,"trenciansky kraj, banovce nad bebravou",71
10585,511843,0,0,19,"kosicky kraj, michalovce",81
10589,512150,1,1,28,"kosicky kraj, michalovce",19
10586,512016,1,0,16,"zahranicie, zahranicie - gb",26
10587,512017,1,1,22,"kosicky kraj, michalovce",28
10590,512214,1,1,18,"trnavsky kraj, dunajska streda",12
10588,512095,1,1,17,"nitriansky kraj, tlmace",12
10592,512430,1,0,0,"zahranicie, zahranicie - gb",24
10591,512333,1,1,0,"kosicky kraj, kosice - zapad",50
10593,512583,1,1,0,"zahranicie, zahranicie - gb",84
10595,512628,1,1,17,"presovsky kraj, stropkov",84
10596,512631,1,0,0,"presovsky kraj, vranov nad toplou",93
10597,512662,1,0,0,"trnavsky kraj, dunajska streda",81
10598,512692,1,1,27,"zahranicie, zahranicie - gb",78
10594,512588,1,1,0,"kosicky kraj, kosice - okolie",12
10600,512754,1,0,17,"kosicky kraj, spisska nova ves",90
10599,512707,1,1,0,"zahranicie, zahranicie - kanada",93
10601,512883,1,0,17,"kosicky kraj, michalovce",31
10603,512988,1,1,19,"kosicky kraj, michalovce",31
10605,513136,1,0,16,"zahranicie, zahranicie - gb",59
10602,512984,0,1,25,"zahranicie, zahranicie - gb",60
10606,513188,1,1,24,"kosicky kraj, kosice - krasna nad hornadom",60
10604,513073,1,1,21,"kosicky kraj, michalovce",91
10607,513225,1,1,17,"zahranicie, zahranicie - usa",81
10608,513276,1,1,20,"zahranicie, zahranicie - gb",55
10609,513369,1,0,22,"kosicky kraj, michalovce",79
10610,513371,1,1,22,"zahranicie, zahranicie - gb",29
10611,513457,1,1,22,"kosicky kraj, spisska nova ves",28
10612,513487,0,0,0,"trenciansky kraj, brezova pod bradlom",12
10614,513514,1,0,19,"kosicky kraj, spisska nova ves",74
10616,513586,1,1,19,"banskobystricky kraj, rimavska sobota",16
10613,513489,1,1,0,"nitriansky kraj, surany",22
10615,513536,1,0,0,"zahranicie, zahranicie - gb",79
10617,513728,1,1,0,"presovsky kraj, humenne",43
10618,513730,1,1,0,"kosicky kraj, secovce",79
10619,513830,1,1,17,"banskobystricky kraj, filakovo",16
10620,513837,1,1,19,"kosicky kraj, michalovce",12
10623,513917,1,1,0,"banskobystricky kraj, rimavska sobota",53
10622,513889,1,0,0,"kosicky kraj, michalovce",34
10621,513870,1,1,20,"zahranicie, zahranicie - gb",40
10625,514216,0,1,0,"kosicky kraj, kosice - zapad",64
10624,514035,1,1,20,"banskobystricky kraj, rimavska sobota",71
10626,514324,1,0,17,"banskobystricky kraj, lucenec",81
10627,514576,1,0,0,"kosicky kraj, moldava nad bodvou",57
10628,514638,1,1,17,"kosicky kraj, kosice - juh",24
10631,514821,1,0,20,"kosicky kraj, spisska nova ves",12
10629,514764,1,1,0,"presovsky kraj, vranov nad toplou",67
10632,514829,0,0,0,"zahranicie, zahranicie - gb",97
10630,514797,1,1,0,"zahranicie, zahranicie - gb",43
10633,514830,1,0,0,"presovsky kraj, vranov nad toplou",78
10639,515086,1,1,20,"zahranicie, zahranicie - gb",67
10640,515184,1,1,22,"kosicky kraj, michalovce",17
10634,514930,1,1,21,"kosicky kraj, michalovce",62
10641,515258,1,1,0,"presovsky kraj, vranov nad toplou",62
10635,514931,1,0,18,"kosicky kraj, michalovce",59
10642,515327,1,1,26,"kosicky kraj, michalovce",71
10636,514933,1,1,17,"kosicky kraj, michalovce",88
10637,514934,1,1,20,"zahranicie, zahranicie - gb",91
10638,514935,1,1,0,"kosicky kraj, michalovce",66
10643,515339,1,0,0,"presovsky kraj, poprad",17
10644,515413,1,1,0,"zahranicie, zahranicie - gb",86
10645,515546,1,0,19,"zahranicie, zahranicie - gb",81
10646,515741,1,1,21,"nitriansky kraj, nitra",12
10647,515850,1,1,0,"zahranicie, zahranicie - gb",66
10648,515988,1,1,21,"kosicky kraj, trebisov",83
10649,516148,1,1,0,"presovsky kraj, presov",83
10652,516334,1,0,20,"zahranicie, zahranicie - gb",48
10650,516289,1,0,14,"kosicky kraj, kosice - saca",72
10651,516311,1,1,25,"presovsky kraj, presov",67
10653,516439,1,1,0,"kosicky kraj, kosice - dargovskych hrdinov",16
10654,516468,0,0,0,"zahranicie, zahranicie - usa",40
10655,516586,1,0,0,"kosicky kraj, spisska nova ves",83
10656,516638,1,0,16,"kosicky kraj, spisska nova ves",47
10657,516993,1,0,22,"kosicky kraj, kosice - sidlisko tahanovce",88
10658,517343,1,1,21,"kosicky kraj, kosice - stare mesto",33
10659,517582,1,0,0,"zahranicie, zahranicie - gb",83
10660,517831,0,1,17,"kosicky kraj, kosice - okolie",86
10661,517848,1,1,20,"kosicky kraj, kosice - krasna nad hornadom",57
10662,517864,1,1,22,"kosicky kraj, kosice - stare mesto",64
10663,518278,1,1,22,"zahranicie, zahranicie - usa",16
10664,518485,0,0,17,"presovsky kraj, vranov nad toplou",88
10665,518693,1,1,19,"presovsky kraj, bardejov",83
10666,518958,1,0,0,"presovsky kraj, hanusovce nad toplou",74
10668,519194,1,1,0,"kosicky kraj, michalovce",71
10667,519101,0,1,0,"kosicky kraj, michalovce",74
10669,519201,1,0,18,"presovsky kraj, spisska bela",76
10670,519208,1,1,20,"kosicky kraj, sobrance",48
10672,519393,1,0,25,"bratislavsky kraj, bratislava - nove mesto",74
10673,519421,1,1,20,"kosicky kraj, velke kapusany",66
10671,519358,1,1,22,"trenciansky kraj, prievidza",36
10674,520444,1,1,25,"kosicky kraj, michalovce",17
10675,520637,1,1,19,"zahranicie, zahranicie - gb",74
10676,521211,1,0,0,"presovsky kraj, humenne",78
10677,521306,1,0,16,"kosicky kraj, kosice - okolie",86
10678,521317,1,1,13,"zahranicie, zahranicie - ostatne",72
10679,521331,1,0,12,"banskobystricky kraj, lucenec",22
10680,521375,1,0,51,"zahranicie, zahranicie - gb",12
10681,521421,1,0,0,"presovsky kraj, humenne",66
10682,521436,0,0,18,"zahranicie, zahranicie - francuzsko",64
10683,521438,1,1,0,"zahranicie, zahranicie - gb",79
10684,521439,1,0,0,"zahranicie, zahranicie - gb",72
10685,521511,1,1,0,"kosicky kraj, michalovce",29
10687,521540,1,1,17,"zahranicie, zahranicie - usa",55
10688,521647,1,1,0,"zahranicie, zahranicie - gb",91
10686,521530,1,1,19,"kosicky kraj, kosice - okolie",29
10690,521883,1,1,24,"kosicky kraj, sobrance",31
10689,521874,1,1,0,"zahranicie, zahranicie - francuzsko",60
10691,522167,1,1,35,"bratislavsky kraj, bratislava - ostatne",12
10692,522303,1,0,0,"presovsky kraj, humenne",62
10693,522406,1,0,17,"zahranicie, zahranicie - gb",71
10694,522574,1,0,21,"kosicky kraj, kosice - okolie",84
10695,522957,1,1,25,"nitriansky kraj, hurbanovo",64
10696,522994,1,0,16,"zahranicie, zahranicie - gb",83
10697,523187,0,0,18,"presovsky kraj, sabinov",71
10698,523204,1,0,0,"kosicky kraj, michalovce",84
10699,523402,1,1,26,"kosicky kraj, sobrance",60
10700,523678,1,1,0,"kosicky kraj, strazske",69
10701,523823,0,1,0,"zahranicie, zahranicie - gb",91
10702,524125,1,0,0,"zahranicie, zahranicie - gb",64
10703,524226,1,1,28,"bratislavsky kraj, bratislava - okolie",71
10704,524724,1,0,0,"kosicky kraj, kosice - okolie",86
10705,524788,1,0,19,"kosicky kraj, michalovce",72
10706,524841,1,1,0,"zahranicie, zahranicie - gb",29
10707,524913,1,0,36,"kosicky kraj, michalovce",38
10708,524922,1,0,18,"kosicky kraj, michalovce",12
10710,525076,1,0,0,"kosicky kraj, roznava",52
10709,524998,1,1,0,"kosicky kraj, moldava nad bodvou",52
10711,525099,1,1,18,"banskobystricky kraj, rimavska sobota",79
10712,525532,1,1,0,"banskobystricky kraj, rimavska sobota",71
10713,525605,1,1,0,"presovsky kraj, snina",14
10714,525624,1,1,19,"banskobystricky kraj, rimavska sobota",12
10715,525703,1,1,18,"banskobystricky kraj, filakovo",28
10716,525791,1,1,20,"presovsky kraj, levoca",43
10719,526096,0,1,25,"kosicky kraj, trebisov",60
10717,526071,1,0,0,"presovsky kraj, humenne",69
10718,526092,1,1,0,"presovsky kraj, svidnik",83
10720,526336,1,0,18,"zahranicie, zahranicie - gb",90
10722,526396,1,0,20,"presovsky kraj, lipany",12
10721,526345,0,0,19,"banskobystricky kraj, filakovo",60
10723,526404,1,1,21,"kosicky kraj, kosice - saca",79
10724,526614,1,1,25,"kosicky kraj, kosice - zapad",69
10726,526667,1,1,19,"presovsky kraj, poprad",71
10725,526632,1,1,19,"kosicky kraj, roznava",83
10727,526770,1,0,14,"bratislavsky kraj, bratislava - ruzinov",83
10729,527193,1,1,21,"trenciansky kraj, trencin",67
10731,527209,1,1,18,"presovsky kraj, poprad",71
10728,527023,1,0,17,"zahranicie, zahranicie - gb",31
10730,527204,1,0,0,"zahranicie, zahranicie - francuzsko",67
10732,527416,1,0,0,"zahranicie, zahranicie - gb",76
10734,528149,1,0,21,"banskobystricky kraj, tornala",60
10733,528120,1,1,18,"kosicky kraj, kosice - okolie",74
10735,528378,1,0,17,"banskobystricky kraj, rimavska sobota",22
10736,528698,1,0,0,"banskobystricky kraj, rimavska sobota",78
10737,529235,1,1,22,"trenciansky kraj, partizanske",76
10738,529241,1,1,19,"kosicky kraj, kosice - krasna nad hornadom",84
10739,529781,1,1,19,"presovsky kraj, podolinec",83
10740,529844,1,1,23,"kosicky kraj, michalovce",21
10741,530011,1,0,21,"kosicky kraj, michalovce",12
10742,530152,1,1,0,"kosicky kraj, kosice - ostatne",47
10743,530509,1,1,0,"trenciansky kraj, trencin",59
10744,531021,1,0,0,"zahranicie, zahranicie - gb",97
10745,531275,1,0,23,"zilinsky kraj, martin",12
10746,532771,1,0,23,"kosicky kraj, michalovce",81
10748,532909,1,0,19,"kosicky kraj, sobrance",76
10749,532910,1,0,26,"zahranicie, zahranicie - kanada",71
10747,532902,1,0,22,"presovsky kraj, lipany",74
10750,532975,1,1,0,"presovsky kraj, lipany",12
10751,533223,1,1,20,"trenciansky kraj, handlova",66
10752,533496,1,0,18,"kosicky kraj, trebisov",79
10754,533761,1,0,0,"zahranicie, zahranicie - gb",84
10753,533606,1,0,0,"kosicky kraj, michalovce",91
10755,533840,1,0,0,"kosicky kraj, trebisov",91
10756,533880,0,0,0,"kosicky kraj, michalovce",83
10758,534393,1,1,0,"nitriansky kraj, hurbanovo",86
10757,534238,1,0,24,"kosicky kraj, roznava",88
10759,534566,1,1,0,"zahranicie, zahranicie - usa",81
10760,534636,1,0,34,"banskobystricky kraj, lucenec",71
10761,534844,1,1,0,"kosicky kraj, michalovce",69
10762,534862,1,0,0,"kosicky kraj, strazske",86
10763,535143,1,0,15,"zahranicie, zahranicie - gb",43
10764,535181,1,0,0,"kosicky kraj, michalovce",88
10766,535336,1,0,0,"kosicky kraj, michalovce",91
10765,535286,1,0,0,"kosicky kraj, kosice - juh",74
10767,535360,1,1,28,"zahranicie, zahranicie - ostatne",84
10768,535489,1,1,21,"zahranicie, zahranicie - ostatne",79
10769,535643,1,0,0,"banskobystricky kraj, rimavska sobota",78
10770,536425,1,0,0,"presovsky kraj, poprad",67
10771,536461,1,0,21,"presovsky kraj, presov",55
10772,536463,1,0,21,"kosicky kraj, kosice - sever",26
10773,536685,1,0,21,"presovsky kraj, humenne",59
10774,536841,1,0,0,"banskobystricky kraj, tornala",83
10775,536994,1,0,17,"banskobystricky kraj, filakovo",21
10776,537600,1,0,19,"banskobystricky kraj, filakovo",59
10779,538156,1,1,21,"banskobystricky kraj, rimavska sobota",57
10777,537913,1,1,19,"kosicky kraj, velke kapusany",12
10778,538093,1,0,18,"presovsky kraj, lipany",16
10780,538378,1,1,18,"kosicky kraj, spisska nova ves",86
10782,538522,1,1,25,"nitriansky kraj, topolcany",67
10781,538433,1,1,0,"kosicky kraj, kralovsky chlmec",64
10783,539087,1,1,21,"kosicky kraj, trebisov",55
10784,539541,1,0,14,"presovsky kraj, sabinov",84
10785,539748,1,0,0,"banskobystricky kraj, krupina",59
10787,539916,1,1,19,"banskobystricky kraj, filakovo",67
10786,539842,1,0,0,"presovsky kraj, sabinov",71
10788,540002,0,0,0,"presovsky kraj, presov",12
10789,540883,1,1,25,"zahranicie, zahranicie - gb",41
10790,540966,1,0,22,"nitriansky kraj, komarno",57
10792,541307,1,1,0,"nitriansky kraj, komarno",64
10791,541161,1,1,28,"kosicky kraj, roznava",64
10793,542098,1,0,20,"trnavsky kraj, holic",36
10794,542418,1,1,20,"nitriansky kraj, vrable",72
10795,542425,1,1,29,"kosicky kraj, kosice - okolie",86
10796,542552,1,1,21,"kosicky kraj, kosice - zapad",76
10797,542587,1,0,0,"kosicky kraj, michalovce",74
10799,543768,1,1,20,"kosicky kraj, kosice - dargovskych hrdinov",43
10798,543750,1,0,19,"kosicky kraj, kosice - okolie",34
10801,543826,1,1,18,"kosicky kraj, kosice - okolie",74
10800,543786,1,1,0,"kosicky kraj, kosice - okolie",90
10802,544170,1,1,37,"presovsky kraj, snina",72
10803,544448,1,1,0,"banskobystricky kraj, banska bystrica",67
10805,544682,1,1,15,"nitriansky kraj, topolcany",86
10804,544545,1,1,24,"nitriansky kraj, hurbanovo",12
10806,544907,1,1,0,"kosicky kraj, michalovce",86
10807,545300,1,1,21,"kosicky kraj, michalovce",84
10808,545934,1,0,18,"banskobystricky kraj, lucenec",78
10809,546220,1,1,11,"kosicky kraj, michalovce",67
10811,546774,1,1,21,"kosicky kraj, kosice - zapad",67
10812,546777,1,0,20,"nitriansky kraj, topolcany",72
10813,546926,1,1,20,"kosicky kraj, kosice - okolie",74
10810,546716,1,1,19,"kosicky kraj, spisska nova ves",69
10814,547121,1,1,15,"kosicky kraj, kosice - okolie",86
10815,547521,1,0,0,"banskobystricky kraj, rimavska sobota",19
10816,547522,1,0,0,"banskobystricky kraj, banska bystrica",12
10817,547523,1,0,0,"nitriansky kraj, nove zamky",40
10818,547847,1,0,17,"kosicky kraj, sobrance",41
10820,548124,1,0,16,"kosicky kraj, sobrance",52
10819,548068,1,0,0,"zahranicie, zahranicie - ostatne",12
10821,548557,1,1,0,"kosicky kraj, michalovce",76
10822,548700,1,1,19,"zahranicie, zahranicie - gb",81
10825,548888,1,0,21,"kosicky kraj, roznava",66
10826,548923,1,1,22,"kosicky kraj, roznava",67
10823,548802,1,1,23,"kosicky kraj, roznava",36
10824,548803,1,1,0,"kosicky kraj, roznava",66
10827,549208,0,1,24,"zahranicie, zahranicie - gb",72
10829,549441,1,0,0,"ceska republika, cz - praha",72
10828,549310,1,1,32,"kosicky kraj, kosice - ostatne",67
10831,549698,1,0,0,"kosicky kraj, michalovce",34
10832,549725,1,0,20,"nitriansky kraj, topolcany",12
10830,549650,1,0,18,"kosicky kraj, kosice - zapad",12
10833,549894,1,1,0,"kosicky kraj, michalovce",57
10834,550089,1,0,20,"zahranicie, zahranicie - gb",17
10836,550792,1,1,17,"zahranicie, zahranicie - ostatne",12
10835,550776,1,0,21,"nitriansky kraj, nove zamky",69
10837,551297,1,1,0,"zahranicie, zahranicie - gb",66
10838,551469,1,1,19,"presovsky kraj, presov",16
10839,551991,1,0,22,"trenciansky kraj, banovce nad bebravou",66
10840,552180,1,0,0,"kosicky kraj, kosice - zapad",48
10841,552650,1,0,19,"presovsky kraj, snina",62
10842,553233,1,1,19,"presovsky kraj, levoca",72
10843,553241,1,0,0,"kosicky kraj, kosice - stare mesto",71
10844,553504,1,0,18,"trenciansky kraj, banovce nad bebravou",12
10845,554064,1,1,21,"kosicky kraj, michalovce",72
10846,554431,1,0,0,"trnavsky kraj, galanta",14
10847,554509,1,0,0,"trnavsky kraj, galanta",48
10848,554638,1,0,12,"kosicky kraj, kosice - okolie",74
10849,554753,1,0,20,"presovsky kraj, levoca",14
10850,554889,1,1,22,"kosicky kraj, kosice - okolie",36
10851,555019,1,0,21,"kosicky kraj, roznava",34
10852,555248,1,0,20,"zahranicie, zahranicie - gb",60
10853,555521,1,0,0,"trenciansky kraj, banovce nad bebravou",60
10854,555580,1,1,22,"kosicky kraj, kosice - zapad",53
10855,556555,1,1,17,"kosicky kraj, trebisov",81
10856,556838,1,1,17,"zahranicie, zahranicie - gb",72
10857,556841,1,1,18,"kosicky kraj, kosice - okolie",76
10858,556983,0,0,0,"zahranicie, zahranicie - gb",79
10859,557203,1,1,0,"zahranicie, zahranicie - gb",79
10860,557248,1,0,21,"kosicky kraj, michalovce",86
10861,557756,1,0,0,"kosicky kraj, kosice - okolie",76
10862,557981,1,1,24,"nitriansky kraj, nove zamky",60
10863,558010,1,1,0,"presovsky kraj, kezmarok",67
10864,558484,1,0,21,"zahranicie, zahranicie - gb",60
10865,558980,1,1,0,"zahranicie, zahranicie - gb",71
10866,559188,1,1,19,"bratislavsky kraj, bratislava - petrzalka",60
10867,559367,1,1,20,"kosicky kraj, velke kapusany",79
10868,559397,1,0,0,"kosicky kraj, velke kapusany",26
10869,559570,1,0,18,"zahranicie, zahranicie - ostatne",55
10871,560214,1,0,0,"kosicky kraj, kosice - okolie",81
10870,560196,1,0,0,"zahranicie, zahranicie - gb",88
10873,560457,0,1,0,"zahranicie, zahranicie - ostatne",83
10872,560399,1,1,41,"bratislavsky kraj, bratislava - dubravka",16
10874,560793,1,0,0,"kosicky kraj, kosice - okolie",28
10875,560813,1,0,0,"presovsky kraj, poprad",97
10876,561094,1,1,19,"zahranicie, zahranicie - ostatne",74
10877,561187,1,1,0,"nitriansky kraj, zlate moravce",67
10879,561392,1,1,14,"kosicky kraj, kosice - sidlisko tahanovce",81
10878,561389,1,1,12,"banskobystricky kraj, poltar",12
10881,561506,1,1,14,"kosicky kraj, kosice - dargovskych hrdinov",12
10880,561450,1,0,18,"banskobystricky kraj, banska bystrica",76
10882,561717,1,0,20,"kosicky kraj, roznava",17
10884,562551,1,0,0,"presovsky kraj, presov",31
10883,562508,1,0,18,"presovsky kraj, humenne",83
10885,562736,1,0,17,"zahranicie, zahranicie - gb",84
10886,563407,1,1,0,"banskobystricky kraj, filakovo",66
10887,563556,1,0,13,"bratislavsky kraj, bratislava - dubravka",76
10888,563869,1,0,35,"presovsky kraj, snina",72
10889,563929,1,0,16,"zahranicie, zahranicie - gb",93
10890,564060,0,0,0,"banskobystricky kraj, banska bystrica",90
10891,564120,1,1,0,"zahranicie, zahranicie - gb",83
10893,564276,1,0,0,"kosicky kraj, kosice - saca",55
10894,564332,1,1,0,"presovsky kraj, humenne",72
10892,564234,1,0,19,"kosicky kraj, kosice - zapad",16
10895,564493,1,0,28,"bratislavsky kraj, bratislava - dubravka",47
10896,564911,1,0,16,"zahranicie, zahranicie - usa",21
10897,564960,1,1,16,"zahranicie, zahranicie - gb",36
10898,566229,1,0,0,"kosicky kraj, roznava",83
10899,566747,1,1,0,"presovsky kraj, levoca",88
10901,567185,1,0,0,"banskobystricky kraj, filakovo",66
10900,567175,1,1,20,"kosicky kraj, moldava nad bodvou",64
10903,567271,1,0,0,"presovsky kraj, humenne",31
10902,567234,0,0,0,"banskobystricky kraj, filakovo",36
10904,567279,1,1,25,"presovsky kraj, kezmarok",43
10905,567595,1,0,17,"banskobystricky kraj, filakovo",26
10906,567797,1,1,0,"trnavsky kraj, piestany",72
10907,568037,1,1,60,"presovsky kraj, snina",79
10908,568184,1,1,33,"kosicky kraj, trebisov",71
10909,568185,1,1,30,"kosicky kraj, kosice - krasna nad hornadom",17
10910,568617,1,1,18,"presovsky kraj, snina",64
10911,569032,1,0,0,"presovsky kraj, humenne",86
10912,569441,1,0,0,"presovsky kraj, snina",12
10913,569445,1,0,0,"kosicky kraj, kosice - sidlisko tahanovce",67
10914,569656,1,1,20,"kosicky kraj, kosice - stare mesto",28
10915,569664,1,1,23,"kosicky kraj, kosice - stare mesto",22
10916,569851,1,1,0,"trnavsky kraj, holic",66
10917,570153,1,0,0,"kosicky kraj, kosice - sever",60
10918,570227,1,0,23,"kosicky kraj, kosice - sever",71
10919,571064,1,0,0,"presovsky kraj, sabinov",28
10920,571356,1,0,0,"kosicky kraj, michalovce",55
10921,571810,1,0,0,"kosicky kraj, michalovce",84
10922,571978,1,0,0,"kosicky kraj, kosice - saca",81
10924,572301,1,1,0,"kosicky kraj, kosice - ostatne",12
10923,572195,1,0,0,"zahranicie, zahranicie - gb",76
10927,573758,1,1,26,"banskobystricky kraj, lucenec",62
10925,573673,1,0,0,"kosicky kraj, kosice - okolie",66
10926,573746,1,0,22,"trenciansky kraj, partizanske",53
10928,574516,1,1,18,"presovsky kraj, kezmarok",83
10929,575177,1,0,23,"kosicky kraj, michalovce",71
10930,575178,1,1,35,"kosicky kraj, michalovce",59
10932,575281,1,0,22,"zahranicie, zahranicie - gb",78
10931,575249,1,0,20,"kosicky kraj, michalovce",40
10933,575329,1,0,0,"kosicky kraj, kosice - sever",86
10935,575433,1,0,16,"kosicky kraj, michalovce",79
10934,575424,1,1,25,"kosicky kraj, michalovce",88
10936,576331,1,1,18,"banskobystricky kraj, modry kamen",69
10937,576712,1,0,18,"ceska republika, cz - vysocina",81
10939,576993,1,0,0,"kosicky kraj, kosice - okolie",91
10938,576889,1,1,20,"kosicky kraj, kosice - zapad",60
10940,577196,1,1,0,"nitriansky kraj, komarno",14
10941,577425,0,0,0,"kosicky kraj, trebisov",84
10942,577500,1,0,0,"kosicky kraj, michalovce",74
10943,579173,1,1,0,"presovsky kraj, vranov nad toplou",84
10944,579342,1,1,18,"kosicky kraj, kosice - okolie",14
10945,579822,1,1,21,"kosicky kraj, roznava",14
10946,579895,1,1,0,"zahranicie, zahranicie - ostatne",17
10947,580035,1,1,18,"nitriansky kraj, topolcany",67
10948,580356,1,1,23,"kosicky kraj, moldava nad bodvou",83
10950,581567,1,0,35,"kosicky kraj, kosice - ostatne",78
10949,581488,1,0,25,"kosicky kraj, michalovce",76
10951,581945,1,1,21,"presovsky kraj, lipany",78
10952,582736,1,1,14,"kosicky kraj, velke kapusany",76
10953,582995,1,1,34,"kosicky kraj, kosice - zapad",19
10954,583382,1,1,26,"zahranicie, zahranicie - rakusko",71
10955,583729,1,0,19,"kosicky kraj, roznava",55
10956,584357,1,1,18,"trnavsky kraj, vrbove",66
10957,584413,1,0,22,"kosicky kraj, kosice - sidlisko tahanovce",83
10959,585303,1,0,19,"trnavsky kraj, piestany",67
10958,585223,1,0,24,"presovsky kraj, presov",55
10960,586121,1,1,21,"ceska republika, cz - pardubicky kraj",72
10961,586227,1,1,18,"presovsky kraj, lipany",62
10962,586413,1,0,26,"kosicky kraj, michalovce",81
10963,586690,1,0,11,"banskobystricky kraj, rimavska sobota",12
10964,587210,1,0,23,"presovsky kraj, presov",71
10965,587244,1,1,19,"presovsky kraj, sabinov",64
10966,587341,1,1,17,"presovsky kraj, lipany",69
10967,588393,1,1,0,"presovsky kraj, humenne",84
10968,588451,1,0,28,"presovsky kraj, snina",22
10970,588606,1,1,21,"kosicky kraj, kosice - okolie",62
10969,588578,1,1,0,"kosicky kraj, kosice - zapad",79
10972,589491,1,0,0,"kosicky kraj, roznava",83
10971,589394,1,0,0,"kosicky kraj, kosice - okolie",16
10973,589937,1,0,21,"kosicky kraj, kosice - stare mesto",14
10974,590189,1,0,19,"trnavsky kraj, senica",71
10975,590479,1,1,27,"kosicky kraj, kosice - zapad",62
10976,591093,1,0,0,"kosicky kraj, kosice - okolie",66
10977,591203,1,0,0,"kosicky kraj, kosice - dargovskych hrdinov",40
10978,591323,1,0,0,"kosicky kraj, michalovce",84
10979,591760,1,1,48,"presovsky kraj, presov",76
10980,591907,0,0,0,"zahranicie, zahranicie - gb",88
10981,591908,0,0,0,"kosicky kraj, kosice - okolie",79
10982,592685,1,1,18,"kosicky kraj, gelnica",62
10983,592941,1,0,0,"presovsky kraj, stara lubovna",21
10985,593265,1,0,27,"presovsky kraj, stara lubovna",41
10984,593063,1,1,0,"nitriansky kraj, topolcany",71
10986,593476,1,0,17,"zahranicie, zahranicie - usa",81
10987,594048,1,0,0,"kosicky kraj, roznava",88
10988,595325,1,1,36,"trnavsky kraj, galanta",47
10989,596900,1,0,13,"presovsky kraj, presov",12
10990,596941,0,0,0,"zahranicie, zahranicie - ostatne",74
10991,597189,1,0,0,"banskobystricky kraj, filakovo",12
10993,597796,1,0,16,"kosicky kraj, kosice - sever",50
10994,597800,1,0,0,"kosicky kraj, moldava nad bodvou",26
10992,597626,1,1,20,"kosicky kraj, roznava",28
10996,597963,1,0,0,"trnavsky kraj, galanta",69
10997,597966,1,0,16,"banskobystricky kraj, poltar",90
10995,597883,1,1,23,"kosicky kraj, moldava nad bodvou",45
10998,598788,1,0,20,"banskobystricky kraj, rimavska sobota",78
10999,599297,1,0,0,"zahranicie, zahranicie - ostatne",72
11000,601010,1,0,19,"kosicky kraj, spisska nova ves",64
11001,601643,1,1,0,"kosicky kraj, trebisov",55
11002,601861,1,1,31,"zahranicie, zahranicie - ostatne",41
11003,602446,1,1,24,"nitriansky kraj, kolarovo",59
11004,602882,1,1,18,"banskobystricky kraj, filakovo",59
11005,603276,0,0,18,"presovsky kraj, presov",78
11006,603426,1,0,0,"presovsky kraj, presov",17
11007,603713,1,1,0,"kosicky kraj, moldava nad bodvou",67
11008,603838,1,0,21,"kosicky kraj, kosice - okolie",59
11009,604388,1,1,20,"kosicky kraj, trebisov",74
11010,605993,1,0,16,"zahranicie, zahranicie - gb",59
11011,606595,1,0,17,"kosicky kraj, krompachy",57
11012,607246,1,1,20,"zahranicie, zahranicie - gb",88
11013,608226,1,0,17,"presovsky kraj, sabinov",19
11014,608296,1,0,0,"kosicky kraj, gelnica",74
11015,608383,1,0,18,"kosicky kraj, gelnica",69
11016,608510,1,0,19,"kosicky kraj, kosice - stare mesto",16
11018,609183,1,1,20,"kosicky kraj, kosice - okolie",47
11017,609075,1,1,0,"nitriansky kraj, levice",74
11019,609724,1,1,27,"bratislavsky kraj, bratislava - petrzalka",24
11020,610613,1,0,21,"kosicky kraj, kralovsky chlmec",62
11021,610967,1,0,0,"kosicky kraj, kosice - zapad",59
11022,611546,1,1,0,"banskobystricky kraj, zvolen",69
11023,612363,1,0,0,"kosicky kraj, medzev",26
11024,612933,1,1,20,"presovsky kraj, presov",69
11025,613107,1,1,21,"presovsky kraj, snina",43
11026,613297,1,1,0,"kosicky kraj, spisska nova ves",74
11027,613440,1,1,0,"banskobystricky kraj, filakovo",12
11028,614613,1,0,0,"presovsky kraj, presov",79
11029,615359,1,0,0,"presovsky kraj, kezmarok",14
11030,615578,1,0,0,"banskobystricky kraj, jelsava",95
11031,616987,1,1,0,"presovsky kraj, humenne",71
11032,618238,1,0,43,"zahranicie, zahranicie - gb",67
11033,618309,1,1,19,"kosicky kraj, kosice - okolie",66
11034,618450,0,1,31,"kosicky kraj, kosice - krasna nad hornadom",40
11036,619639,1,0,11,"presovsky kraj, levoca",38
11035,619597,1,0,19,"kosicky kraj, kosice - ostatne",71
11037,621116,1,0,18,"kosicky kraj, medzev",78
11038,621198,1,0,21,"kosicky kraj, kosice - zapad",83
11039,621500,1,0,56,"nitriansky kraj, nitra",21
11040,621986,1,1,18,"presovsky kraj, hanusovce nad toplou",74
11041,622318,1,0,0,"kosicky kraj, trebisov",14
11042,622625,1,1,0,"kosicky kraj, kosice - okolie",28
11043,622834,1,1,0,"kosicky kraj, kosice - okolie",14
11044,623089,1,1,25,"kosicky kraj, kralovsky chlmec",16
11045,623692,1,1,18,"kosicky kraj, kosice - okolie",67
11046,625370,1,1,17,"banskobystricky kraj, filakovo",26
11048,625494,1,0,0,"kosicky kraj, kosice - krasna nad hornadom",22
11047,625388,1,1,23,"kosicky kraj, kosice - zapad",66
11049,625598,1,1,0,"zahranicie, zahranicie - gb",72
11050,626522,1,0,15,"trnavsky kraj, skalica",88
11051,627087,1,0,0,"presovsky kraj, humenne",81
11052,627237,0,1,18,"zahranicie, zahranicie - gb",83
11053,628204,1,1,17,"zahranicie, zahranicie - gb",55
11054,628406,1,1,18,"presovsky kraj, snina",78
11055,628735,0,0,0,"presovsky kraj, sabinov",91
11056,629662,1,1,22,"kosicky kraj, kosice - zapad",71
11057,631083,1,1,0,"presovsky kraj, poprad",52
11058,631411,1,0,22,"ceska republika, cz - plzensky kraj",67
11059,632253,1,1,0,"zilinsky kraj, vrutky",34
11060,633441,1,1,18,"presovsky kraj, stara lubovna",64
11061,634066,1,1,44,"banskobystricky kraj, filakovo",69
11062,634122,1,0,17,"kosicky kraj, spisska nova ves",48
11063,634391,1,1,0,"presovsky kraj, humenne",14
11064,636128,1,1,17,"nitriansky kraj, nove zamky",38
11065,636273,1,1,21,"nitriansky kraj, nove zamky",74
11067,636590,1,0,18,"kosicky kraj, kosice - zapad",52
11066,636568,1,1,26,"kosicky kraj, kosice - ostatne",67
11068,636935,1,1,0,"presovsky kraj, lipany",12
11069,637025,1,1,22,"nitriansky kraj, nove zamky",14
11070,639737,1,0,19,"bratislavsky kraj, bratislava - okolie",29
11071,640629,1,0,22,"zahranicie, zahranicie - gb",81
11072,640631,1,0,34,"kosicky kraj, michalovce",83
11073,640633,1,1,19,"kosicky kraj, michalovce",33
11074,640846,1,0,19,"kosicky kraj, trebisov",66
11075,642965,1,0,24,"kosicky kraj, trebisov",79
11076,643537,1,1,19,"trenciansky kraj, banovce nad bebravou",14
11077,644409,1,0,31,"presovsky kraj, humenne",40
11078,645084,1,0,0,"presovsky kraj, humenne",66
11079,645558,1,0,0,"kosicky kraj, kosice - stare mesto",12
11080,646086,1,0,26,"zahranicie, zahranicie - gb",22
11081,646371,1,0,19,"kosicky kraj, spisska nova ves",81
11082,646426,1,0,24,"zahranicie, zahranicie - usa",28
11083,649226,1,1,0,"presovsky kraj, snina",38
11084,649305,1,1,0,"kosicky kraj, gelnica",72
11085,649643,1,1,13,"kosicky kraj, trebisov",59
11086,650849,1,1,24,"trnavsky kraj, piestany",66
11087,651594,1,0,0,"presovsky kraj, presov",53
11088,652088,1,0,11,"nitriansky kraj, levice",72
11089,652624,1,0,0,"banskobystricky kraj, tornala",14
11090,653264,1,0,0,"kosicky kraj, roznava",60
11091,653714,1,1,0,"kosicky kraj, michalovce",88
11092,653853,1,0,16,"presovsky kraj, sabinov",12
11093,654270,1,0,13,"zahranicie, zahranicie - gb",57
11094,655495,1,0,25,"zahranicie, zahranicie - gb",62
11095,655781,1,0,19,"kosicky kraj, gelnica",53
11096,656095,1,0,21,"kosicky kraj, trebisov",66
11097,656310,1,0,0,"zahranicie, zahranicie - gb",78
11098,657811,1,0,0,"presovsky kraj, spisske podhradie",69
11099,658025,1,0,0,"nitriansky kraj, komarno",43
11100,661695,1,0,20,"bratislavsky kraj, bratislava - nove mesto",12
11101,663722,1,0,0,"presovsky kraj, presov",34
11102,664763,1,0,16,"zahranicie, zahranicie - gb",24
11103,664827,1,1,18,"kosicky kraj, kosice - okolie",88
11104,665183,1,1,18,"kosicky kraj, kosice - zapad",26
11105,665371,1,0,0,"zahranicie, zahranicie - gb",81
11106,665884,1,1,18,"kosicky kraj, kosice - okolie",72
11107,665891,1,1,22,"kosicky kraj, kosice - krasna nad hornadom",69
11108,666572,1,1,0,"kosicky kraj, michalovce",21
11109,667044,1,0,0,"kosicky kraj, moldava nad bodvou",64
11110,667062,1,1,22,"kosicky kraj, kosice - zapad",72
11111,667270,1,1,24,"nitriansky kraj, komarno",59
11112,667537,1,0,19,"kosicky kraj, kosice - juh",19
11113,668010,1,0,20,"presovsky kraj, levoca",66
11114,669414,1,1,25,"kosicky kraj, roznava",74
11115,669945,1,0,0,"presovsky kraj, presov",74
11116,670361,1,0,27,"nitriansky kraj, nove zamky",60
11117,670489,1,0,0,"kosicky kraj, moldava nad bodvou",69
11118,670770,1,0,0,"kosicky kraj, moldava nad bodvou",50
11119,670868,1,0,18,"banskobystricky kraj, filakovo",14
11120,672141,1,0,20,"presovsky kraj, stara lubovna",60
11121,672780,1,1,28,"bratislavsky kraj, bratislava - okolie",12
11122,674155,1,0,22,"trnavsky kraj, skalica",53
11123,675838,0,0,37,"kosicky kraj, michalovce",83
11124,676235,1,0,18,"kosicky kraj, kralovsky chlmec",16
11126,676626,1,0,15,"nitriansky kraj, nove zamky",57
11125,676569,1,0,21,"kosicky kraj, kralovsky chlmec",59
11127,676969,1,1,19,"kosicky kraj, krompachy",74
11128,677093,1,0,16,"presovsky kraj, presov",19
11129,678038,1,1,24,"kosicky kraj, moldava nad bodvou",57
11130,679248,1,0,16,"presovsky kraj, presov",74
11131,679364,1,1,20,"presovsky kraj, bardejov",41
11132,680000,1,1,0,"presovsky kraj, humenne",64
11133,681198,1,0,0,"presovsky kraj, levoca",12
11135,681722,1,0,0,"kosicky kraj, kosice - dargovskych hrdinov",83
11134,681720,1,0,0,"kosicky kraj, kosice - okolie",14
11136,682024,1,1,32,"bratislavsky kraj, bratislava - stare mesto",47
11137,682041,1,0,19,"kosicky kraj, spisska nova ves",64
11138,682799,1,1,30,"kosicky kraj, kosice - sidlisko tahanovce",66
11139,684424,1,1,0,"trnavsky kraj, trnava",74
11140,684580,1,0,0,"zahranicie, zahranicie - usa",45
11141,684768,1,0,23,"kosicky kraj, spisska nova ves",31
11142,687215,1,1,19,"kosicky kraj, spisska nova ves",74
11143,688798,1,0,0,"kosicky kraj, spisska nova ves",43
11144,689602,1,1,18,"kosicky kraj, spisska nova ves",72
11145,689968,1,0,17,"banskobystricky kraj, filakovo",21
11146,692916,1,1,20,"nitriansky kraj, nitra",55
11147,693489,1,1,22,"kosicky kraj, kosice - zapad",57
11148,693608,1,1,19,"presovsky kraj, velky saris",71
11149,694029,1,1,24,"kosicky kraj, michalovce",40
11150,696180,1,0,0,"zahranicie, zahranicie - gb",19
11151,696857,1,0,0,"nitriansky kraj, hurbanovo",66
11152,698943,1,0,16,"presovsky kraj, sabinov",84
11153,699621,1,0,17,"kosicky kraj, kralovsky chlmec",84
11154,700066,1,0,19,"kosicky kraj, kosice - okolie",64
11155,700153,1,1,21,"banskobystricky kraj, tornala",71
11156,702010,1,0,0,"kosicky kraj, velke kapusany",60
11157,703866,1,0,21,"zahranicie, zahranicie - gb",62
11158,704919,1,1,0,"kosicky kraj, kosice - okolie",72
11159,707297,1,0,16,"banskobystricky kraj, lucenec",72
11160,709649,1,0,22,"trnavsky kraj, galanta",60
11161,711137,1,0,23,"kosicky kraj, kosice - okolie",62
11162,711338,1,0,15,"kosicky kraj, kosice - stare mesto",36
11163,712819,1,0,0,"kosicky kraj, strazske",74
11164,714744,1,1,0,"zahranicie, zahranicie - gb",78
11165,715097,1,0,0,"kosicky kraj, kosice - sidlisko tahanovce",41
11166,715305,1,0,20,"kosicky kraj, kosice - okolie",21
11167,715546,1,0,0,"presovsky kraj, humenne",59
11168,717501,1,0,19,"kosicky kraj, kosice - zapad",81
11169,717544,1,0,0,"kosicky kraj, kosice - krasna nad hornadom",17
11170,721928,1,0,20,"zahranicie, zahranicie - usa",16
11171,724893,1,0,0,"presovsky kraj, poprad",52
11172,727312,1,0,16,"nitriansky kraj, nitra",83
11173,729559,1,0,0,"zahranicie, zahranicie - gb",84
11175,729797,1,0,20,"presovsky kraj, snina",57
11174,729689,1,0,17,"zahranicie, zahranicie - ostatne",64
11176,733130,1,0,17,"presovsky kraj, presov",22
11177,734167,1,0,23,"kosicky kraj, moldava nad bodvou",64
11178,737666,1,0,19,"presovsky kraj, presov",69
11179,738455,1,0,24,"kosicky kraj, kosice - sidlisko tahanovce",66
11180,739258,1,0,17,"kosicky kraj, kosice - zapad",26
11181,739318,1,0,0,"kosicky kraj, kosice - stare mesto",12
11182,739974,1,0,21,"kosicky kraj, kosice - sidlisko tahanovce",22
11183,740131,1,0,21,"trenciansky kraj, banovce nad bebravou",16
11184,741796,1,0,27,"kosicky kraj, kralovsky chlmec",17
11186,745373,1,1,20,"kosicky kraj, kosice - okolie",67
11185,745110,1,0,17,"zahranicie, zahranicie - gb",86
11187,746907,1,0,19,"zahranicie, zahranicie - ostatne",91
11188,747197,1,1,20,"nitriansky kraj, nove zamky",60
11189,748640,1,0,0,"kosicky kraj, kosice - okolie",76
11190,748702,1,1,18,"nitriansky kraj, zeliezovce",76
11191,748826,1,0,17,"kosicky kraj, michalovce",67
11192,748841,1,0,0,"kosicky kraj, kosice - ostatne",84
11194,749164,1,1,0,"kosicky kraj, moldava nad bodvou",62
11193,749129,1,0,0,"kosicky kraj, moldava nad bodvou",28
11195,749363,1,0,0,"kosicky kraj, moldava nad bodvou",59
11196,749377,0,0,0,"zahranicie, zahranicie - gb",88
11197,749776,1,0,0,"zahranicie, zahranicie - gb",47
11198,750122,1,0,19,"zahranicie, zahranicie - gb",81
11199,751272,1,0,0,"trenciansky kraj, dubnica nad vahom",90
11200,751508,1,1,18,"zahranicie, zahranicie - gb",86
11201,751510,0,0,15,"presovsky kraj, presov",33
11202,751557,1,0,0,"zahranicie, zahranicie - kanada",79
11203,753917,1,1,0,"presovsky kraj, stropkov",69
11204,758322,1,1,16,"presovsky kraj, kezmarok",48
11205,760015,1,0,13,"zahranicie, zahranicie - gb",71
11206,761081,1,0,0,"kosicky kraj, kosice - zapad",29
11207,762839,1,0,32,"zahranicie, zahranicie - francuzsko",69
11208,763924,1,1,0,"zahranicie, zahranicie - gb",36
11209,766106,1,0,0,"kosicky kraj, kosice - zapad",22
11210,766234,1,0,23,"kosicky kraj, moldava nad bodvou",66
11211,766858,1,1,19,"presovsky kraj, presov",66
11212,768170,1,0,13,"kosicky kraj, kosice - stare mesto",81
11213,769627,1,0,0,"kosicky kraj, moldava nad bodvou",19
11214,769931,1,0,0,"bratislavsky kraj, bratislava - lamac",22
11215,772712,1,0,0,"presovsky kraj, humenne",31
11216,774121,1,0,0,"nitriansky kraj, komarno",59
11217,774493,1,0,0,"kosicky kraj, spisska nova ves",16
11218,779518,1,1,0,"presovsky kraj, presov",12
11219,784104,1,0,18,"presovsky kraj, kezmarok",83
11220,784620,1,0,18,"kosicky kraj, spisske vlachy",41
11221,797498,1,1,0,"nitriansky kraj, nove zamky",14
11222,804754,1,1,20,"presovsky kraj, sabinov",60
11224,808326,1,0,0,"kosicky kraj, kosice - zapad",74
11223,808258,1,1,19,"kosicky kraj, kosice - okolie",50
11225,809784,1,1,26,"banskobystricky kraj, lucenec",83
11226,811203,0,1,18,"bratislavsky kraj, bratislava - vrakuna",24
11227,811868,1,1,19,"kosicky kraj, kosice - sidlisko tahanovce",78
11228,811961,1,1,0,"zahranicie, zahranicie - gb",79
11229,812988,1,1,26,"kosicky kraj, kosice - stare mesto",59
11230,816071,1,0,0,"kosicky kraj, kralovsky chlmec",57
11231,817341,1,1,0,"kosicky kraj, roznava",14
11232,820216,1,1,19,"zahranicie, zahranicie - gb",60
11233,820563,1,0,0,"kosicky kraj, trebisov",28
11234,824302,1,1,0,"presovsky kraj, giraltovce",64
11235,824676,1,1,18,"kosicky kraj, kosice - zapad",71
11236,827308,1,1,0,"kosicky kraj, kosice - okolie",29
11237,831932,1,0,0,"nitriansky kraj, hurbanovo",43
11238,836893,1,1,61,"kosicky kraj, spisske vlachy",26
11239,840152,1,0,0,"kosicky kraj, kosice - stare mesto",40
11240,842321,1,0,18,"trenciansky kraj, banovce nad bebravou",12
11241,864290,1,1,0,"zahranicie, zahranicie - gb",64
11242,879975,1,0,20,"kosicky kraj, kosice - okolie",52
11243,885392,1,1,27,"zahranicie, zahranicie - gb",14
11244,903351,1,0,17,"presovsky kraj, lipany",67
11245,908514,1,0,61,"nitriansky kraj, levice",62
11246,914806,1,1,0,"bratislavsky kraj, bratislava - stare mesto",34
11247,941346,1,0,24,"kosicky kraj, kosice - zapad",71
11248,973328,1,0,0,"presovsky kraj, kezmarok",93
11249,1002916,1,1,16,"presovsky kraj, presov",78
